VehModel,Area,exposure,actual_rate,glmm_rate_mean,ci90_low,ci90_high,ci90_width
Agrale Caminhoes - Todos,Parana,316.52095890440046,241.65856272128394,284.408641045107,278.78748342338605,294.57359450583476,15.786111082448713
Agrale Caminhoes - Todos,Rio Grande do Sul,254.82821917830034,510.0337804780592,238.07393642592336,234.50409230433414,244.39436353313098,9.890271228796848
Agrale Caminhoes - Todos,Santa Catarina,250.00273972610012,109.04680496648919,267.6902318167744,261.9050246209084,272.475955359106,10.570930738197603
Agrale Caminhoes - Todos,Sao Paulo,156.68095890440046,100.1653302975747,203.38402731247038,196.57705449349473,209.0589236308819,12.481869137387179
Alfa Romeo 156,Sao Paulo,107.14,17.313795034534255,18.16720688873302,16.830612647118762,20.50261468744413,3.672002040325367
Audi A3,Bahia,109.37273972610012,714.3004755631688,981.2232723500568,927.3098656595499,1019.8634132765137,92.55354761696378
Audi A3,Distrito Federal,200.87273972610012,1314.4541183638398,1016.1816780347409,1001.693192328036,1042.7929148526712,41.099722524635126
Audi A3,Minas Gerais,474.0010958905704,1264.100452920324,1002.9043131724866,958.9432288703827,1028.2968631050464,69.35363423466379
Audi A3,Parana,655.9338356162049,998.9178243632789,1036.9495779977399,1010.8271390513397,1067.93086269468,57.10372364334023
Audi A3,Rio Grande do Sul,586.5310958905704,972.2860458644751,887.495272946344,876.533856400732,895.082590630681,18.54873422994899
Audi A3,Rio de Janeiro,510.50821917830035,917.6659305388771,866.5168844306895,819.8925318391858,919.1930255918661,99.30049375268027
Audi A3,Santa Catarina,558.7873972610012,764.0186627197504,929.6212151453238,765.1348873316925,1016.9937324320388,251.85884510034623
Audi A3,Sao Paulo,3202.401232877206,692.4500831545329,726.1725211396222,692.0937931041408,752.0040336477356,59.910240543594796
Audi A4,Parana,107.46095890440047,1948.10284715808,1581.362722514772,1524.9484075262285,1669.0771917882394,144.12878426201087
Audi A4,Rio Grande do Sul,105.57547945220024,921.9186169461583,1323.0071227003884,1292.2875191776643,1354.0190962055963,61.73157702793196
Audi A4,Rio de Janeiro,135.1282191778347,831.7729685468726,1289.5272178134855,1283.237257788996,1300.1004264791834,16.863168690187422
Audi A4,Sao Paulo,641.5891780822352,1220.7032580272344,1119.6889866388997,1107.7456800546483,1129.2851486385441,21.53946858389577
Audi A6,Sao Paulo,167.41,2579.6846066543217,2580.179900726639,2573.5625944317458,2586.5621201105387,12.999525678792907
Bmw - Todos,Distrito Federal,252.29,2600.998850529153,2111.293753539115,1814.0063262450353,2604.4494055183804,790.4430792733451
Bmw - Todos,Minas Gerais,544.7919178078696,2088.9461880771696,1977.7975308178047,1801.3594294640293,2089.1193752638983,287.759945799869
Bmw - Todos,Parana,805.1720547954366,1535.2755881648939,1779.255828785571,1534.3003815528768,1953.6325314868557,419.3321499339788
Bmw - Todos,Rio Grande do Sul,594.3128767127357,1905.0066797513466,1730.7408954215325,1576.561492238901,1850.0253262766435,273.46383403774234
Bmw - Todos,Rio de Janeiro,585.0973972600699,1945.67093501185,1638.7521982607698,1518.5061874226396,1739.0968693087516,220.59068188611195
Bmw - Todos,Santa Catarina,621.8947945201397,1720.0304768998337,1913.2749985231305,1729.758167081474,2114.2385682453464,384.48040116387233
Bmw - Todos,Sao Paulo,3568.6649315067752,1187.2784588411998,1222.786018797681,1186.4216153005943,1336.269849154121,149.8482338535266
Bmw Motos Acima De 450cc,Parana,103.59369863003492,2508.926734320157,1108.8905008826284,1080.7535734901749,1126.618461516691,45.864888026516155
Bmw Motos Acima De 450cc,Rio de Janeiro,236.57,752.7074438855308,910.6795313937847,872.673060406425,932.0537805385205,59.380720132095576
Bmw Motos Acima De 450cc,Sao Paulo,1474.0147945201397,711.5335639093342,784.5750841043345,781.7842865644565,790.0300920074899,8.245805443033419
Buell Motos - Todas,Sao Paulo,136.86547945220025,907.3142511685672,907.9165891502513,903.3703667502659,912.26494076338,8.894574013114038
Chevrolet Caminhoes - Todos,Minas Gerais,112.02821917783469,1.9637909235240976,3.540882179699861,3.1042763366492325,4.454501535869006,1.3502251992197731
Chevrolet Caminhoes - Todos,Sao Paulo,210.77739726006985,3.022145677290203,2.603900142565559,2.2607387979363582,3.2706263083027127,1.0098875103663545
Chrysler - Todos,Distrito Federal,152.58,2657.5435836938,1144.6453288594778,858.4534548180976,2656.6006895840715,1798.1472347659737
Chrysler - Todos,Minas Gerais,244.79,433.85350708770784,839.6385505257362,802.1108209804943,863.3230722296477,61.21225124915338
Chrysler - Todos,Parana,404.27,875.1923219630445,856.926315034596,768.8299687055863,892.6952005192672,123.86523181368091
Chrysler - Todos,Rio Grande do Sul,352.1191780817695,568.7648173298087,737.4862908603175,679.59207558096,782.9483950198861,103.3563194389261
Chrysler - Todos,Rio de Janeiro,425.61,1047.818425318954,718.887587703447,671.6118205020963,739.0308438536971,67.4190233516008
Chrysler - Todos,Santa Catarina,264.96013698616997,648.7277745065927,830.0552387670456,748.6177351191318,873.8189221689762,125.2011870498444
Chrysler - Todos,Sao Paulo,2435.6936986305004,556.8545013531923,615.6374342704361,575.1527436429445,634.9472193810564,59.79447573811183
Citroen Berlingo,Sao Paulo,492.52095890440046,313.2008845738113,311.41936281620326,302.0376441910652,314.4760272216408,12.438383030575551
Citroen C3,Alagoas,642.6246575344354,335.9612761021873,499.88029265464866,480.1891599098907,516.1987863742294,36.00962646433868
Citroen C3,Amazonas,200.36,534.6027151127969,524.171433027267,497.12703519061046,548.1394185908342,51.01238340022377
Citroen C3,Bahia,2038.9219178083354,381.596761113997,461.85142401338504,446.9121062742199,481.6734449908554,34.761338716635464
Citroen C3,Ceara,763.6954794522002,310.81629574429996,457.9483295264028,447.96776349596024,468.3710330079257,20.403269511965448
Citroen C3,Distrito Federal,2479.9227397261,377.88394976510534,466.26556676657043,377.50201634716257,521.8672246091644,144.36520826200183
Citroen C3,Esperito Santo,929.2209589044005,526.8628471071409,559.5167543036046,548.3853960925052,573.3025569958992,24.917160903394006
Citroen C3,Goias,1645.386438356135,458.4394172797562,541.8434082072193,457.8586554060203,652.0306638648316,194.17200845881126
Citroen C3,Maranhao,311.4554794522002,465.7776458296797,619.5442526464745,574.7998962285801,661.0315422325859,86.23164600400582
Citroen C3,Mato Grosso,457.8436986300349,388.01451353718824,563.1094256469605,387.94551851318784,644.4762932468225,256.53077473363464
Citroen C3,Mato Grosso do Sul,719.54,814.1340300747701,567.5876860455412,554.6737308503416,584.0385331643048,29.364802313963196
Citroen C3,Minas Gerais,4353.369178082701,529.2808640260529,484.8169751510668,469.2142831943309,496.0713360577118,26.857052863380886
Citroen C3,Para,557.67,581.9660372621802,626.5706926981442,607.4889983348738,661.6170290085261,54.12803067365223
Citroen C3,Paraiba,412.3036986300349,421.8395337657786,491.1304049004571,448.2772010495699,511.13526899530865,62.85806794573875
Citroen C3,Parana,4630.802054795437,558.6641297528495,520.4570566716292,493.8858269979063,558.9217634599796,65.03593646207332
Citroen C3,Pernambuco,1038.0282191783003,369.72308932391195,414.96319651850985,407.6104082210878,421.8314544928473,14.221046271759462
Citroen C3,Piaui,136.24547945220024,747.246810751752,691.8253463237689,674.3241024156423,709.6687417592428,35.344639343600534
Citroen C3,Rio Grande do Norte,570.3582191783004,347.56928774621247,471.1731617046423,455.70184913987896,488.4927844452836,32.790935305404616
Citroen C3,Rio Grande do Sul,4171.723013699371,475.60252525983736,434.0285821807759,407.18520275768014,475.86175261283876,68.67654985515861
Citroen C3,Rio de Janeiro,6795.491095890105,396.2814404434545,412.1241279752032,404.3400502039254,416.7002799472678,12.360229743342416
Citroen C3,Santa Catarina,5604.210136987102,496.69140377674717,465.4268705351308,448.82103122078576,480.9591225594414,32.13809133865567
Citroen C3,Sao Paulo,31740.280136985704,374.7892567002947,364.4512258448495,353.8191256992779,374.9270033844321,21.10787768515422
Citroen C3,Sergipe,236.91643835613505,431.06337706496845,513.5128224522814,477.5338929152978,553.994122033024,76.46022911772621
Citroen C4,Alagoas,191.4282191778347,1676.9627872982396,957.1515972503591,739.5991986510585,1676.4449720774126,936.8457734263541
Citroen C4,Amazonas,112.68095890393481,744.526855433695,814.5878786582779,779.8275520678973,832.189594547093,52.36204247919568
Citroen C4,Bahia,611.5846575339698,544.9940509364178,728.5897691082897,702.795371480809,769.4729408783377,66.67756939752871
Citroen C4,Ceara,301.65821917783467,1082.2280953914349,700.9645457155143,671.9369210900384,726.4640680948958,54.5271470048574
Citroen C4,Distrito Federal,1065.6654794522003,563.9049134902136,693.1283168674688,563.3768400702166,772.7418483448812,209.36500827466455
Citroen C4,Esperito Santo,400.46643835613503,1066.0793492520634,878.1153755970778,850.2711200357721,903.7814162897489,53.510296253976776
Citroen C4,Goias,680.446438356135,957.1833479994108,980.4893520946047,955.2374615587178,1013.9865465427165,58.74908498399873
Citroen C4,Maranhao,120.41095890393481,411.3745164966153,955.1633822008986,922.6725172522401,989.7193879721508,67.04687071991066
Citroen C4,Mato Grosso,262.79273972610014,1257.249345413273,1008.4121498257063,955.2157597455641,1051.2233418128847,96.00758206732053
Citroen C4,Mato Grosso do Sul,327.2973972605355,1266.3834282496973,889.4814330594421,850.5331636152458,913.0341209173625,62.50095730211672
Citroen C4,Minas Gerais,1719.9519178078697,677.8590656685075,741.6645275999022,718.5786882304193,776.8427619001538,58.26407366973456
Citroen C4,Para,216.1582191778347,739.615641765029,934.8668011545933,889.0657384763223,962.8341831964642,73.76844472014193
Citroen C4,Paraiba,156.7891780817695,1236.2269027197422,754.6159619020291,678.0649127015614,819.2140100582752,141.1490973567138
Citroen C4,Parana,2386.510273971874,1074.8581424419342,992.816661267777,782.4348050195059,1075.8087511613128,293.37394614180687
Citroen C4,Pernambuco,359.4554794522002,311.05103800446636,634.9152811009636,617.1957711780815,664.0448632482347,46.84909207015323
Citroen C4,Rio Grande do Norte,124.05547945220023,350.6334439403799,722.0150819105442,701.4753414546401,736.220780830143,34.74543937550288
Citroen C4,Rio Grande do Sul,1954.844794521071,787.0143984381758,681.4119534686811,636.5500260208407,788.311882206334,151.76185618549323
Citroen C4,Rio de Janeiro,2569.27287671227,576.7873134193209,616.9060690738875,576.4134740452627,647.563648496372,71.15017445110936
Citroen C4,Santa Catarina,1913.1147945206053,670.9686233552226,719.1897432424945,689.3739591430466,752.0207628523983,62.64680370935173
Citroen C4,Sao Paulo,9529.097534247172,524.7130677412065,533.0331219078553,524.3991255401892,555.4392253178223,31.040099777633145
Citroen C4,Sergipe,108.57821917783468,643.3610767329687,807.8627458397322,731.1925315853118,881.4406166845704,150.24808509925856
Citroen C5,Parana,115.34,705.8522628749784,1178.7959035952017,1159.4961677179222,1195.1158453277296,35.61967760980747
Citroen C5,Rio Grande do Sul,147.19273972610011,1245.8019352124636,1018.8271809580582,984.6736997027268,1051.6349654145142,66.9612657117874
Citroen C5,Rio de Janeiro,177.08547945220025,900.3617941641402,987.533333966036,972.1343073509508,1005.2050747750258,33.070767424074916
Citroen C5,Santa Catarina,105.69821917830035,2362.414446914954,1132.366916484788,1113.7968889736503,1168.1779859621372,54.38109698848689
Citroen C5,Sao Paulo,507.14643835613504,659.2770346248757,843.4097329788258,824.7273158957765,861.6563893936922,36.929073497915624
Citroen Jumper,Rio de Janeiro,190.39,2888.654866327013,2269.056854131777,2071.848132997891,2890.1496607523177,818.3015277544268
Citroen Jumper,Sao Paulo,232.81547945220024,1167.400898941522,1627.5368961566694,1168.2536440639772,1834.7427395999096,666.4890955359324
Citroen Xsara,Alagoas,155.23191780833528,834.0552756673338,565.1126953841218,551.8412710214457,575.8212389126878,23.979967891242154
Citroen Xsara,Bahia,821.5228767122701,567.3353879873017,536.6827458340758,514.9097420572865,549.668887943646,34.75914588635953
Citroen Xsara,Ceara,255.9046575344354,371.64231755806304,506.7897420210022,489.9219789911849,522.1257241553392,32.20374516415427
Citroen Xsara,Distrito Federal,1375.7846575339697,405.16660579654456,553.8073160058186,531.1192547465329,590.0336160522379,58.91436130570503
Citroen Xsara,Esperito Santo,397.666438356135,829.9568889050257,636.0348750694769,626.1776661378898,655.371105864534,29.193439726644215
Citroen Xsara,Goias,615.4682191778347,739.6255173144349,717.5905998665315,689.3239177755355,733.0330123858862,43.70909461035069
Citroen Xsara,Mato Grosso,112.13,979.4256666369394,734.0050161484147,723.9669737740027,754.0420964624604,30.075122688457782
Citroen Xsara,Mato Grosso do Sul,232.6936986305006,815.432481054426,645.4601757840977,641.1863786175652,652.4958039764374,11.309425358872204
Citroen Xsara,Minas Gerais,2041.8828767132013,560.9925099346881,547.9993242602044,533.2963112026798,559.6987285782636,26.40241737558381
Citroen Xsara,Para,179.12273972610012,654.6293350542924,693.1967695584071,667.8812546032475,729.2043765972999,61.32312199405237
Citroen Xsara,Paraiba,103.58273972610012,688.3000023799842,556.2470733043566,522.7330811438399,574.7801028533826,52.04702170954272
Citroen Xsara,Parana,2947.13027397234,559.2579379867173,554.3214483905373,535.6884232142339,578.3847059145609,42.69628270032695
Citroen Xsara,Pernambuco,450.86,266.6215676706738,469.05331140630324,447.10334082355615,483.4323961676805,36.329055344124356
Citroen Xsara,Rio Grande do Norte,125.47547945220023,452.9490562468889,530.1259127115987,511.19076260759675,559.0113296324894,47.820567024892625
Citroen Xsara,Rio Grande do Sul,2967.3246575344356,471.22582170089794,474.65222860562756,443.9526805948272,491.5287875273739,47.57610693254668
Citroen Xsara,Rio de Janeiro,5417.608356163539,421.5548356133441,469.4421030543141,460.15117541566934,479.81289706917386,19.661721653504515
Citroen Xsara,Santa Catarina,2987.2456164383702,570.7046620534131,544.1805548346181,534.6798133166004,557.6803629312849,23.000549614684473
Citroen Xsara,Sao Paulo,14942.10849315064,429.9190440856905,412.2919942854033,403.8343722916721,430.04813716131144,26.213764869639363
Daewoo - Todos,Sao Paulo,123.45,55.27744025921425,55.977857194906555,54.40189101307885,58.30423909021189,3.902348077133034
Dafra,Sao Paulo,489.7127397261001,142.34875743479597,141.99680076386218,139.6537541074005,143.24586081491796,3.5921067075174733
Dodge Dakota,Sao Paulo,297.65191780833527,523.0371137747809,508.30079541226024,491.30562069041076,526.337997295821,35.03237660541021
Dodge Journey,Rio de Janeiro,191.9682191778347,620.212035668804,1198.0379918191707,1143.1102953114519,1235.6942564191631,92.58396110771127
Dodge Journey,Sao Paulo,576.6227397261001,1224.6880869378165,1032.2662336655499,1019.6678525352932,1051.456812017715,31.788959482421888
Dodge Ram,Parana,163.4182191778347,2138.439653535272,2038.0324650189427,1934.2442822452776,2136.6699544810454,202.4256722357677
Dodge Ram,Sao Paulo,417.07,1399.1512216174742,1437.952060773451,1400.3977651366718,1479.4746111339175,79.07684599724575
Effa,Sao Paulo,277.88739726006986,397.6646695372781,398.0513408801113,395.9473346811356,400.1722362991173,4.224901617981686
Fiat Brava,Minas Gerais,345.55547945220025,379.05056579523443,469.68883305614315,456.3113178275484,482.48607628044795,26.17475845289954
Fiat Brava,Parana,238.25,379.5215110178384,489.4800848364437,476.8086452838328,501.02383378386077,24.215188500027978
Fiat Brava,Rio Grande do Sul,453.35013698616996,535.486768822584,413.20513507783875,399.3800994921704,430.30842716043776,30.928327668267343
Fiat Brava,Rio de Janeiro,340.2209589039348,427.58388686182013,394.60971692486424,380.2327585798791,403.45330154676003,23.22054296688094
Fiat Brava,Santa Catarina,190.8909589039348,363.68930408557424,454.7284567617362,434.7302047516256,466.337169816804,31.60696506517843
Fiat Brava,Sao Paulo,1764.15,353.66380409829094,348.9234878601432,345.33720439967533,354.479220172315,9.142015772639695
Fiat Doblo,Alagoas,141.15369863050057,285.07223254088456,434.70767749777497,410.118709069939,456.984269884777,46.865560814838034
Fiat Doblo,Amazonas,114.1109589039348,436.8905535354407,466.1285183503747,454.4765288239239,472.12938344677644,17.652854622852544
Fiat Doblo,Bahia,852.038356164936,245.66264944002285,405.15875892638564,386.939920333475,420.90222886634734,33.96230853287233
Fiat Doblo,Ceara,363.73369863003495,586.9238973569544,394.50041514384156,366.8831669358353,420.31167258396124,53.42850564812596
Fiat Doblo,Distrito Federal,722.0836986305005,254.60621857089848,422.5793194401863,406.9570575982013,438.3402621269627,31.38320452876144
Fiat Doblo,Esperito Santo,286.00369863003493,227.17888024255325,492.66749581830595,476.18023670984553,508.9992572399641,32.819020530118564
Fiat Doblo,Goias,431.6456164388359,691.3680775031962,550.6464701008499,532.7769668339073,573.0273182454301,40.25035141152284
Fiat Doblo,Mato Grosso,124.00369863003492,301.24907896055294,562.7177901487105,548.9702783688437,573.79816561288,24.827887244036333
Fiat Doblo,Mato Grosso do Sul,149.63095890440047,412.4948503433324,497.68586584255627,476.81570775628484,526.5729662980029,49.7572585417181
Fiat Doblo,Minas Gerais,2151.1523287649825,371.70821857095825,417.71031545689146,400.59353508860386,432.100663029641,31.50712794103714
Fiat Doblo,Para,174.98547945220022,176.78038255997157,543.3601529863791,529.2630717841676,556.0170858591221,26.75401407495451
Fiat Doblo,Paraiba,109.03821917830035,532.5472154405479,432.78594437628334,393.39997370487737,475.9144067540781,82.5144330492007
Fiat Doblo,Parana,1357.3356164388358,563.8354956071298,435.6645349673546,432.58279920434614,440.54613106298115,7.9633318586350015
Fiat Doblo,Pernambuco,696.0591780822351,346.2895219112,356.5819270355062,337.2472157277936,366.5777600178762,29.33054429008257
Fiat Doblo,Rio Grande do Norte,194.54821917830034,459.9065485045561,417.7714715427492,403.34994195507824,430.56705630708404,27.217114352005808
Fiat Doblo,Rio Grande do Sul,1301.2146575335041,327.48555169808935,377.61653809317073,363.65617810201616,389.6661244027857,26.00994630076957
Fiat Doblo,Rio de Janeiro,2796.5501369866356,363.85687727967337,353.60674450330606,339.53556197775356,360.49107640190977,20.955514424156206
Fiat Doblo,Santa Catarina,1396.4238356157393,532.4952074254173,445.6996268696316,413.80271862825924,532.838104474605,119.03538584634572
Fiat Doblo,Sao Paulo,9305.340410959907,328.3143727231843,310.03965886218987,307.61418307354154,311.345971784738,3.7317887111964865
Fiat Ducato,Bahia,140.25369863003493,966.8835925511894,877.075046922413,836.4463838061749,912.7960854478906,76.34970164171568
Fiat Ducato,Minas Gerais,661.6191780822352,647.20917135624,821.9353653500483,646.7146676324263,915.7473595951301,269.0326919627038
Fiat Ducato,Parana,456.39109589057045,1224.265777818704,933.7982029982402,910.7113059642331,964.9521824037005,54.24087643946734
Fiat Ducato,Rio Grande do Sul,322.5782191778347,798.2684034164135,772.1503612013333,724.2890128970336,792.5287425142058,68.2397296171722
Fiat Ducato,Rio de Janeiro,506.90013698616997,608.5360359814148,760.6755279369116,716.4153858328167,813.5912306205918,97.17584478777508
Fiat Ducato,Santa Catarina,616.4265753432363,1033.0119197820645,916.6546710886541,867.9863340398894,1033.8938218260614,165.90748778617206
Fiat Ducato,Sao Paulo,2612.8873972605356,656.6605211533027,666.1001445591808,652.2251555360741,697.7018021942307,45.4766466581566
Fiat Elba,Minas Gerais,127.26273972610012,184.31946420833842,166.28820103774862,159.35447540986723,171.7589863226845,12.404510912817273
Fiat Elba,Rio de Janeiro,107.46,24.074074074074076,144.1046916569636,139.31276931308375,147.3801808065411,8.067411493457342
Fiat Elba,Sao Paulo,459.2827397261001,150.02087829621183,127.09861924746329,124.59996788361069,130.71792731877562,6.117959435164934
Fiat Fiorino,Amazonas,151.44,209.62757527733757,489.91195223850326,471.64608143630267,501.4829920060819,29.836910569779207
Fiat Fiorino,Bahia,642.1227397261001,448.5201694038271,434.39925852621076,414.87772135122384,449.3466621672349,34.46894081601107
Fiat Fiorino,Ceara,186.46643835566937,343.23602984211806,417.0648646672832,402.2889593046493,429.7164643078032,27.427505003153897
Fiat Fiorino,Distrito Federal,604.91,482.9296920203006,467.7136966049668,454.36663349212915,476.70700081235276,22.340367320223606
Fiat Fiorino,Esperito Santo,384.06369863003493,406.25812998354036,526.5022958384783,511.0063207200866,543.9021990463066,32.895878326219986
Fiat Fiorino,Goias,505.93,599.8497815903386,588.5297735934565,576.485806861717,606.6839212582623,30.198114396545293
Fiat Fiorino,Mato Grosso,161.3827397261001,372.76601018238114,600.8400160327336,594.1797493464069,617.3263204577671,23.14657111136023
Fiat Fiorino,Mato Grosso do Sul,126.14273972610012,426.9845424076805,533.851705990785,520.4494960216849,547.9671989437014,27.517702922016497
Fiat Fiorino,Minas Gerais,2799.2919178083353,448.3283761925714,443.47829502740535,428.1716048092912,452.94111991904305,24.769515109751865
Fiat Fiorino,Para,129.51821917783468,336.05310724847214,568.7858661199264,530.7645418799033,590.233835094205,59.46929321430173
Fiat Fiorino,Parana,2351.0556164379045,438.77311654709035,455.36472061037966,436.17977143727705,482.4623007932543,46.28252935597726
Fiat Fiorino,Pernambuco,432.89,411.5595185843979,374.483218366231,355.7771201103397,385.7762523543467,29.999132244007
Fiat Fiorino,Rio Grande do Norte,167.54,467.4346424734392,432.6319804548761,416.9830243391959,446.5857953984237,29.602771059227848
Fiat Fiorino,Rio Grande do Sul,1740.5519178083352,334.2893676694518,392.01205876110106,366.98789008632986,407.00162769276375,40.01373760643389
Fiat Fiorino,Rio de Janeiro,2347.3009589039348,368.5594711314587,376.17372764928604,358.2584683118761,389.23969428385703,30.98122597198096
Fiat Fiorino,Santa Catarina,2244.2920547954363,451.9549930378618,430.0097796350562,420.5073502648555,436.1306778552879,15.623327590432382
Fiat Fiorino,Sao Paulo,12842.221917808336,353.7276515756747,335.3043211294917,325.5126721323386,353.86403569544996,28.351363563111363
Fiat Idea,Alagoas,286.7636986300349,793.0501701800159,353.06695269456145,337.27211892915204,366.4163189963247,29.144200067172676
Fiat Idea,Amazonas,280.4282191778347,243.85206382041972,377.4492163424583,360.7854681470921,388.57553460383343,27.79006645674133
Fiat Idea,Bahia,2027.153698630035,295.9578252036103,328.38670876117754,320.12320628822016,341.9919630954586,21.868756807238412
Fiat Idea,Ceara,648.1336986300349,178.22403038780533,314.63803544479083,307.65223172076094,318.7118151861047,11.059583465343735
Fiat Idea,Distrito Federal,1946.4354794522003,382.2602947051716,340.25535240589375,325.21519181237846,351.93496387568894,26.719772063310472
Fiat Idea,Esperito Santo,768.796438356135,356.7966581459788,392.12561460145207,383.67088341075873,406.489434908394,22.81855149763527
Fiat Idea,Goias,943.0682191783004,379.1008887050685,437.3001109798649,426.7786107060471,445.75366559779,18.9750548917429
Fiat Idea,Maranhao,191.96,469.6447176495103,428.15447879591227,406.7680729084435,451.58910132790186,44.821028419458344
Fiat Idea,Mato Grosso,182.67,228.8334154486232,455.49459900554785,437.3409915272714,480.2437964274945,42.90280490022309
Fiat Idea,Mato Grosso do Sul,227.59821917830035,680.4095416875065,396.5027100957677,384.99467033381285,406.1714329423228,21.176762608509932
Fiat Idea,Minas Gerais,5724.218219177835,254.90065964144367,271.4042603847517,254.62231708564556,327.55378439502675,72.93146730938119
Fiat Idea,Para,651.39,372.88414006969714,423.4921346974017,407.97982382286966,459.8244055502104,51.84458172734071
Fiat Idea,Paraiba,301.1554794522002,483.6339032081852,353.03792530552323,335.2610171729157,388.9282825347651,53.667265361849445
Fiat Idea,Parana,2746.7282191783,349.99749639867645,343.57210243371,330.77249362495195,366.418352924087,35.645859299135054
Fiat Idea,Pernambuco,1300.17,303.20727289508295,286.10593527261494,277.8667684581027,294.6793331718864,16.81256471378373
Fiat Idea,Piaui,183.00095890393482,863.6894634140714,484.0145283477561,468.0138165113127,497.9100487304632,29.896232219150477
Fiat Idea,Rio Grande do Norte,415.5809589039348,420.7651872722612,333.08470197027015,310.39145643627865,351.9966968474768,41.60524041119817
Fiat Idea,Rio Grande do Sul,2607.5264383556696,327.7397258295538,290.92552163432515,282.95349154742047,300.22094711787173,17.26745557045126
Fiat Idea,Rio de Janeiro,6154.300958903935,258.1181860633144,278.20568198459,270.4038391876562,289.64096111772636,19.237121930070145
Fiat Idea,Santa Catarina,2004.3682191783005,302.2962518575537,332.0287991913942,317.6315450253218,349.9302922184834,32.298747193161546
Fiat Idea,Sao Paulo,22713.869178082234,251.08967368286707,245.22133364517518,238.83404115470518,255.61107347183972,16.77703231713454
Fiat Idea,Sergipe,236.91,130.71208475792494,360.9762025783314,341.940099743781,384.90693082897474,42.966831085193746
Fiat Linea,Bahia,265.0009589044005,292.41026266608446,500.9823907326363,292.6775093397348,617.8592022019848,325.18169286225
Fiat Linea,Ceara,102.02273972610011,369.97634156205254,579.7475830195676,566.4183663592366,594.340097050115,27.92173069087835
Fiat Linea,Distrito Federal,315.7627397261001,1014.6890677409349,645.5229230158059,597.7927945500752,677.4768307896715,79.68403623959625
Fiat Linea,Esperito Santo,140.96,986.7976730987514,728.9289108625276,716.1550870060258,743.0654334730787,26.91034646705282
Fiat Linea,Goias,240.84547945220024,639.472247311026,780.3691567371926,646.1310656292833,849.2521166845197,203.12105105523642
Fiat Linea,Minas Gerais,1285.6064383556693,375.8241912804818,562.6867191869343,375.57844958136,650.6794542296152,275.1010046482552
Fiat Linea,Parana,562.7382191783004,1520.0726925017518,811.8978438109507,641.7813148938772,1520.4035880299443,878.6222731360672
Fiat Linea,Pernambuco,121.88,155.71873974401052,537.9865776415038,507.4773487332605,561.7369837951726,54.25963506191209
Fiat Linea,Rio Grande do Sul,460.89917808223515,426.18865326974463,538.5232392563775,510.7475650917025,558.8646256805545,48.117060588851984
Fiat Linea,Rio de Janeiro,483.8746575335041,782.2935012334057,536.8472799092762,500.9789963180737,571.4604567681112,70.48146045003745
Fiat Linea,Santa Catarina,330.62013698616994,431.60407983851604,617.7732158605997,593.0826630253766,636.1413594438385,43.058696418461864
Fiat Linea,Sao Paulo,1951.1338356176018,394.51624791097225,459.2222005780357,432.9222710939988,493.2001843341422,60.27791324014339
Fiat Linea,Sergipe,115.35,923.3376679670569,680.0856992891569,619.9408102332295,722.5598628506299,102.61905261740037
Fiat Marea,Distrito Federal,149.93095890440046,399.1970733553639,511.7445955863837,497.48582761480924,526.6922296706364,29.20640205582714
Fiat Marea,Minas Gerais,342.63191780880095,525.3655326426693,506.04034135846405,500.8905899362089,513.1073650806276,12.216775144418648
Fiat Marea,Parana,284.88643835613505,657.275934510863,513.908232834134,497.13831239928686,525.6416904301761,28.50337803088928
Fiat Marea,Rio Grande do Sul,368.98273972610014,730.9420494850381,441.66177885840926,438.12091508076537,449.1819677303918,11.061052649626447
Fiat Marea,Rio de Janeiro,252.03013698616996,236.00748986326184,422.16234235374264,413.3197700417032,436.2446396926028,22.92486965089961
Fiat Marea,Santa Catarina,177.96,439.6100247246572,494.0886046328393,483.8116909569467,511.3551672818165,27.5434763248698
Fiat Marea,Sao Paulo,1110.8373972610011,292.2668977480581,364.897735961976,357.3438069358123,368.7577045999772,11.413897664164892
Fiat Marea Weekend,Minas Gerais,108.4,346.3653136531365,508.32961170018706,499.8261708083664,528.2734950819677,28.447324273601282
Fiat Marea Weekend,Parana,118.85643835566938,588.0287258049597,509.1859334249939,488.63072426637115,523.3923284411866,34.76160417481543
Fiat Marea Weekend,Rio Grande do Sul,182.3509589039348,204.65480535070947,427.9673908366026,414.91557641886675,443.7160842489494,28.800507830082665
Fiat Marea Weekend,Sao Paulo,547.7954794522002,458.89206725725626,369.6294507609911,364.8339159021943,374.77539020810997,9.941474305915676
Fiat Palio 1.0,Acre,204.39369863003492,336.04754187811756,574.2097258817104,531.9414326259172,604.1594710717477,72.21803844583053
Fiat Palio 1.0,Alagoas,2284.006575342305,286.16511312015126,338.79197478952204,329.56175454329497,360.0795336227031,30.517779079408115
Fiat Palio 1.0,Amapa,179.3927397261001,774.9923447976229,536.1865680559026,468.55998359108776,579.1708923485884,110.61090875750062
Fiat Palio 1.0,Amazonas,1180.736438356135,442.36629194504275,361.7713674226822,349.36155239033576,371.8912210921974,22.529668701861624
Fiat Palio 1.0,Bahia,14898.604794519673,344.15276267252017,327.0750676053838,317.9335699015855,344.26253138852223,26.32896148693675
Fiat Palio 1.0,Ceara,7678.239452054109,333.69081753689807,318.86171591096587,307.2088368380769,333.846499425662,26.637662587585112
Fiat Palio 1.0,Distrito Federal,10692.81027397234,349.64157262757686,340.78969449347176,325.5604990554071,349.76519816509733,24.20469910969024
Fiat Palio 1.0,Esperito Santo,4826.582876711805,384.79231527570334,384.70391492474954,373.0635580853676,392.38158980482973,19.318031719462113
Fiat Palio 1.0,Goias,9230.411232876275,486.82728067357743,456.2571197526688,427.1799249867355,487.0204365217853,59.840511535049814
Fiat Palio 1.0,Maranhao,1673.8573972605354,585.6096233790626,453.21050136721965,407.6467300852802,585.967941360576,178.3212112752958
Fiat Palio 1.0,Mato Grosso,2613.8846575344355,512.6901816945782,447.6034574202928,426.81498544188025,473.08727688242516,46.272291440544905
Fiat Palio 1.0,Mato Grosso do Sul,2191.721917808335,371.97465306878155,396.96810949641673,383.0125641081957,428.20232959220124,45.189765484005534
Fiat Palio 1.0,Minas Gerais,40629.095753425005,313.7461654909073,318.04175926586356,313.6338032237659,325.5427736392048,11.908970415438944
Fiat Palio 1.0,Para,3084.966438356135,450.62370297317227,423.4758882140604,412.12582109264554,435.7146975738255,23.588876481179966
Fiat Palio 1.0,Paraiba,2694.5056164393013,323.694259413932,339.22774315474436,317.69611983222813,366.5220433171443,48.82592348491619
Fiat Palio 1.0,Parana,21992.256027395484,386.3827335137813,386.371496484175,386.1522923044098,386.5888146416689,0.43652233725907763
Fiat Palio 1.0,Pernambuco,12495.683835616204,261.68523812036324,279.01465616559017,261.55838878879837,291.6175239546973,30.05913516589891
Fiat Palio 1.0,Piaui,1335.7046575339698,325.2245902937957,428.2843982676383,324.9480674208316,491.8334929728414,166.8854255520098
Fiat Palio 1.0,Rio Grande do Norte,3648.4102739714085,312.52049917041086,326.1807768877254,313.64516010634816,340.70252070856264,27.057360602214487
Fiat Palio 1.0,Rio Grande do Sul,20930.087260273154,305.9929908728157,298.1614903046312,290.10694741374454,306.1497639565649,16.04281654282039
Fiat Palio 1.0,Rio de Janeiro,34047.89383561667,252.75407758108497,264.0150797209163,252.65129110846044,277.21070322989766,24.55941212143722
Fiat Palio 1.0,Rondonia,167.5936986305006,638.2340199784426,376.00894830532945,324.8479797860526,402.2867984765922,77.43881869053962
Fiat Palio 1.0,Roraima,138.97547945220023,342.39133541803125,363.5269285985873,356.3542131174957,371.42658264171286,15.072369524217152
Fiat Palio 1.0,Santa Catarina,14874.072328767776,310.16845272946154,318.9389325375327,310.0268967319009,333.74313144463235,23.716234712731477
Fiat Palio 1.0,Sao Paulo,136598.74589041024,234.87833501590316,235.33339467767584,234.81727588084317,236.75907377561387,1.9417978947707013
Fiat Palio 1.0,Sergipe,1535.5056164383702,278.2835799657595,355.68042505733735,334.46861463021355,366.66773333188047,32.19911870166692
Fiat Palio 1.0,Tocantins,750.9846575344354,522.9627477203042,487.8796713577295,468.1152155263862,510.54361823980963,42.42840271342345
Fiat Palio Acima De 1.0,Alagoas,386.74547945220024,646.6707777793449,395.5798185607098,385.30015652131175,412.64423576298736,27.344079241675615
Fiat Palio Acima De 1.0,Amazonas,254.63,710.1402034324313,430.2664538088236,413.841953142817,480.5515159862947,66.70956284347773
Fiat Palio Acima De 1.0,Bahia,2125.453698630035,387.9482298445153,383.00933782328883,367.6735104797843,398.6733815346056,30.999871054821313
Fiat Palio Acima De 1.0,Ceara,959.5446575344354,372.44853295134374,361.89187591185953,350.18238304964984,378.97174782679286,28.78936477714302
Fiat Palio Acima De 1.0,Distrito Federal,2797.646438356601,461.078992082265,392.2294466388864,381.52398935290836,401.03738974404087,19.513400391132507
Fiat Palio Acima De 1.0,Esperito Santo,1195.5109589039348,350.8792595130927,454.62587447303827,423.87655453953903,481.4114871190966,57.53493257955756
Fiat Palio Acima De 1.0,Goias,2242.7682191783006,585.9999213300408,500.8138275883924,489.82035008915534,509.3486277475854,19.528277658430056
Fiat Palio Acima De 1.0,Maranhao,281.0954794522002,637.7299284547312,497.70040465791334,485.74775224453964,510.7979072925708,25.050155048031172
Fiat Palio Acima De 1.0,Mato Grosso,563.7554794522002,588.2408456982772,518.6939533455293,498.6096053085137,537.8638931371944,39.254287828680674
Fiat Palio Acima De 1.0,Mato Grosso do Sul,471.6182191778347,389.2364470567246,465.0349702677798,443.64051384416115,491.59891929296276,47.958405448801614
Fiat Palio Acima De 1.0,Minas Gerais,11099.25835616447,364.2372193052584,393.61610134154745,387.097826008904,411.47868405068124,24.38085804177723
Fiat Palio Acima De 1.0,Para,598.4209589044004,467.82953677383534,493.05947197161737,484.3932922875896,508.68016414062106,24.28687185303147
Fiat Palio Acima De 1.0,Paraiba,409.62547945220024,376.7661137837236,401.844574586147,385.2574900308175,437.38807518223217,52.130585151414664
Fiat Palio Acima De 1.0,Parana,4741.677397261001,458.72585116322966,410.34115710678634,389.69582451997985,458.9757281636031,69.27990364362324
Fiat Palio Acima De 1.0,Pernambuco,1613.28,346.333556481206,327.79850015596105,321.98426001713966,337.1379435904743,15.15368357333466
Fiat Palio Acima De 1.0,Piaui,300.18,576.0710240522353,555.5918985845271,546.8098613943363,565.4961596107887,18.68629821645243
Fiat Palio Acima De 1.0,Rio Grande do Norte,489.7009589039348,313.41780572275445,372.1153110674189,362.39765788631274,384.9448770120028,22.54721912569005
Fiat Palio Acima De 1.0,Rio Grande do Sul,3347.592054794971,322.5685753595015,331.42082297716354,320.3482283077713,341.2378357631305,20.88960745535917
Fiat Palio Acima De 1.0,Rio de Janeiro,7482.65739726007,292.4793804940706,304.4803862490571,292.2344145773803,320.1305518712017,27.896137293821425
Fiat Palio Acima De 1.0,Santa Catarina,2910.1273972605354,345.7907035091596,373.8485673864536,360.9966195229097,380.6617366639022,19.665117140992493
Fiat Palio Acima De 1.0,Sao Paulo,31434.202876712738,268.87040950738583,273.4315224122645,268.7550330084225,280.3681135229168,11.6130805144943
Fiat Palio Acima De 1.0,Sergipe,282.37,326.3094521372667,424.2127764305453,402.7804968775868,438.4779198431861,35.69742296559929
Fiat Palio Acima De 1.0,Tocantins,185.16821917830035,592.5584880974991,556.0905251320999,538.8830894572047,579.3365269235536,40.45343746634887
Fiat Palio Weekend,Alagoas,344.18465753396976,414.2340365242125,405.51704024832145,397.8293367218776,415.15952142760193,17.33018470572432
Fiat Palio Weekend,Amazonas,182.97273972610012,314.81738802309263,436.08274423730177,423.71325618757646,450.0978124360901,26.38455624851366
Fiat Palio Weekend,Bahia,2792.1656164383703,420.9152183097019,384.4915434603235,371.5635559657468,403.68827104380483,32.124715078058045
Fiat Palio Weekend,Ceara,883.0536986305005,426.7328256304349,368.77905884502485,366.19664467234986,370.97124944123595,4.774604768886093
Fiat Palio Weekend,Distrito Federal,2376.4191780822352,420.67325883422313,402.70223946808034,394.1762076710788,415.17017979636427,20.99397212528544
Fiat Palio Weekend,Esperito Santo,979.261917808801,474.49920348145696,465.823618660007,450.4061387616726,482.7198694247359,32.313730663063325
Fiat Palio Weekend,Goias,2623.2591780827006,754.2480043646009,684.3740180282916,511.20106795662423,754.9184185405537,243.7173505839295
Fiat Palio Weekend,Maranhao,281.79273972610014,807.1606110969402,505.61903334991024,490.7261033202788,526.9695292839684,36.24342596368962
Fiat Palio Weekend,Mato Grosso,579.9809589044005,625.9912406190639,528.5540972227151,516.1883043194669,557.5693078990928,41.38100357962594
Fiat Palio Weekend,Mato Grosso do Sul,563.7482191783004,420.7534355420811,469.63429083572356,457.80909414526633,484.9770553300016,27.167961184735248
Fiat Palio Weekend,Minas Gerais,9922.763972602841,401.07312952200255,394.1646676811926,391.7435205147962,397.9756205095321,6.232099994735904
Fiat Palio Weekend,Para,552.3627397261001,610.9916106349797,503.14979890708304,487.7294165506085,515.2799443351745,27.550527784565986
Fiat Palio Weekend,Paraiba,357.15,375.82528349433017,402.33186062086196,392.56983806567257,424.70891233850614,32.13907427283357
Fiat Palio Weekend,Parana,4925.630273971874,410.06102522008604,404.3677498288296,390.49250913589566,426.76352475423323,36.27101561833757
Fiat Palio Weekend,Pernambuco,1845.5191780817695,320.28331486339647,341.04170851813393,329.3180149266589,353.6693302696539,24.351315342995008
Fiat Palio Weekend,Piaui,237.8482191778347,439.04890421702873,564.767729628977,551.5690759967517,577.5573483507612,25.988272354009496
Fiat Palio Weekend,Rio Grande do Norte,473.0609589044005,392.9070799468821,390.47275581924526,379.53857447136727,405.5512150920736,26.01264062070635
Fiat Palio Weekend,Rio Grande do Sul,6047.16767123241,305.77521585789924,345.31050856942426,328.8721265183749,357.5862969601021,28.71417044172722
Fiat Palio Weekend,Rio de Janeiro,10084.046438356136,339.02253632990084,339.0755943330959,334.97505053240366,341.5800679266408,6.605017394237166
Fiat Palio Weekend,Santa Catarina,3814.1312328767403,370.65400052680536,395.862692296876,388.6866436062326,409.1622104789738,20.475566872741183
Fiat Palio Weekend,Sao Paulo,32840.677534247174,269.4268408674849,274.309699424963,269.29129799688377,289.543198863874,20.25190086699024
Fiat Palio Weekend,Sergipe,320.04,357.79902512185976,418.49748007361643,400.2091293769132,451.50217936698573,51.29304999007252
Fiat Palio Weekend,Tocantins,230.1982191778347,515.9379617452572,577.444245725483,552.2992261761693,602.2057210432076,49.906494867038305
Fiat Premio,Sao Paulo,176.45,0.0,4.624285112970723e-05,6.102662772583764e-17,1.8310701269595846,1.8310701269595846
Fiat Punto,Alagoas,326.2282191783004,333.07664270641254,440.95807313878083,434.1677249862532,447.4193172676533,13.251592281400121
Fiat Punto,Amazonas,235.51821917783468,566.750209244798,478.6130288070706,470.6484141131753,486.48165984339306,15.833245730217754
Fiat Punto,Bahia,1909.95,448.1871253174167,410.5748950682513,387.78603403775463,427.9795789663554,40.19354492860077
Fiat Punto,Ceara,650.0154794522002,245.0849326453848,399.14953820526864,389.17836934595715,408.0072679447948,18.828898598837668
Fiat Punto,Distrito Federal,2308.118219177835,527.4630172252016,428.9419745383685,425.2548821966679,434.5188994957153,9.264017299047396
Fiat Punto,Esperito Santo,653.57,439.8794314304512,495.47059943854714,486.20701809520824,507.5583231003726,21.351305005164363
Fiat Punto,Goias,1342.67,576.0179344142641,556.7995011306415,544.265221650816,566.0941201219013,21.828898471085267
Fiat Punto,Maranhao,315.05,351.28709728614507,544.8822009400735,528.3263759824616,570.2555484026062,41.929172420144596
Fiat Punto,Mato Grosso,278.1454794522002,572.4702062877277,573.4508948924622,541.8670669833681,599.7509916777145,57.88392469434643
Fiat Punto,Mato Grosso do Sul,308.91,563.3226506102101,510.14200089952743,498.7076509171578,526.238174386492,27.530523469334184
Fiat Punto,Minas Gerais,4753.15287671227,351.7742945302737,406.0594086695699,351.5557759120275,432.65801321875887,81.10223730673135
Fiat Punto,Para,432.47273972610014,476.76531041143994,540.3158607370215,510.5295078616815,580.5713037036957,70.04179584201415
Fiat Punto,Paraiba,318.7727397261001,385.9238406198237,436.6634505115241,424.298391519386,451.74718513559355,27.44879361620758
Fiat Punto,Parana,2426.2882191783006,513.242404656167,434.5668792740458,413.4866626084795,452.46475557875596,38.978092970276464
Fiat Punto,Pernambuco,1061.9927397261001,277.11018069285524,362.9576688097852,345.31748305955654,377.6130073854832,32.295524325926635
Fiat Punto,Piaui,231.73821917783468,1077.193916849933,703.7321012915215,580.1196192209628,1077.5338203079968,497.41420108703403
Fiat Punto,Rio Grande do Norte,364.60547945220026,251.4827811632513,412.37112333590125,403.2992255944309,422.23161946310773,18.932393868676854
Fiat Punto,Rio Grande do Sul,1787.8527397261,479.28611845921745,370.89578929922106,353.4874888751058,381.42399240641834,27.936503531312553
Fiat Punto,Rio de Janeiro,3456.446438356135,470.99124173735095,412.5993269194153,361.24899859255225,472.7666049811503,111.51760638859804
Fiat Punto,Santa Catarina,1770.8619178083352,390.8441381226377,415.4494213924079,407.26678905054405,420.4180308164963,13.15124176595225
Fiat Punto,Sao Paulo,13737.5927397261,293.7180535518226,316.43898155312206,312.6922593778902,321.05826796407746,8.366008586187263
Fiat Punto,Sergipe,278.00547945220023,572.1649814724223,461.12733972748805,423.8988351959348,496.16257932175756,72.26374412582277
Fiat Siena 1.0,Alagoas,724.4401369861699,356.58846992478504,382.0652347960998,375.3368309393748,390.48187648558724,15.14504554621243
Fiat Siena 1.0,Amapa,123.43,691.6308839018067,610.6438524480201,526.610919501755,661.6290062684923,135.01808676673727
Fiat Siena 1.0,Amazonas,757.6619178083353,420.646719214708,409.9558476188031,403.35945407828166,419.482109976335,16.122655898053324
Fiat Siena 1.0,Bahia,4838.601917808335,379.0572217254786,367.91767890468384,365.2893385026534,370.00591176775197,4.716573265098589
Fiat Siena 1.0,Ceara,3038.013698630035,334.5261413594972,345.77491438375966,337.590397344975,350.68435609009504,13.093958745120062
Fiat Siena 1.0,Distrito Federal,3254.27,513.9542816053985,409.35619826129647,368.1907922577251,514.2403610972248,146.04956883949967
Fiat Siena 1.0,Esperito Santo,1973.0091780822352,554.127173935747,462.34385681809414,427.62445602877256,554.5581725361665,126.93371650739391
Fiat Siena 1.0,Goias,2556.97287671227,600.9117319913207,528.4956267772936,495.47149473191973,601.2276085399664,105.75611380804662
Fiat Siena 1.0,Maranhao,761.7228767118044,491.3374817041255,485.49677173871436,473.0366998254037,499.92863365786786,26.89193383246419
Fiat Siena 1.0,Mato Grosso,544.9854794522003,661.2304613367348,504.0132928595532,480.11670888428904,529.1718195561343,49.055110671845284
Fiat Siena 1.0,Mato Grosso do Sul,736.5109589039348,251.61472176298116,379.4870576750435,251.5631846349326,445.24038845965345,193.67720382472083
Fiat Siena 1.0,Minas Gerais,8221.219315068405,352.75862239613167,363.79802174647176,352.5006151922305,377.7346335458861,25.234018353655586
Fiat Siena 1.0,Para,1465.6309589044006,459.7985570008394,482.52833393158824,457.3503367522059,498.1930026363088,40.84266588410287
Fiat Siena 1.0,Paraiba,1032.139178082235,415.0583652836281,384.48635477792965,364.75465026080053,429.2675985265566,64.51294826575605
Fiat Siena 1.0,Parana,4982.377534246705,363.95174543395234,383.96854017746205,369.76708593356886,394.23110667855326,24.464020744984396
Fiat Siena 1.0,Pernambuco,4593.947397260536,296.0750053017775,324.7221026213544,314.8697437746472,346.0518649844951,31.182121209847935
Fiat Siena 1.0,Piaui,730.6819178078696,476.76696454338895,532.3938537333339,499.5716598180299,553.1035537510534,53.53189393302347
Fiat Siena 1.0,Rio Grande do Norte,1479.6536986305005,291.1654263418197,371.1233428949217,356.3687308545016,395.0564525655866,38.687721711084976
Fiat Siena 1.0,Rio Grande do Sul,5544.986438356601,384.491111691857,340.6091776573657,320.985284289396,384.6945210164276,63.709236727031566
Fiat Siena 1.0,Rio de Janeiro,11870.212876711339,313.6953851354718,312.2728120862279,302.57718121818465,317.5926522921221,15.015471073937476
Fiat Siena 1.0,Santa Catarina,3551.062876712736,340.8216193345387,364.46044938958426,354.80117034071594,375.1032425634713,20.302072222755385
Fiat Siena 1.0,Sao Paulo,30361.78205479497,257.34270096198287,264.42115826080925,257.2269290428844,273.32862072110726,16.101691678222835
Fiat Siena 1.0,Sergipe,1088.4054794522003,331.87907155870187,401.25806788770024,376.34748791957725,420.54839731383817,44.20090939426092
Fiat Siena 1.0,Tocantins,275.6182191778347,248.3870631056801,543.6239062989575,527.6123149039356,570.888226741335,43.27591183739935
Fiat Siena Acima De 1.0,Alagoas,422.8736986305006,464.0037927056067,452.5183487672275,434.0242511584506,480.38260986011994,46.35835870166932
Fiat Siena Acima De 1.0,Amazonas,421.62547945220024,533.2006981458692,490.5824475366196,471.07661540442854,504.54628185063183,33.46966644620329
Fiat Siena Acima De 1.0,Bahia,2122.013698630035,457.6728230486899,423.901639022437,411.64653863088057,433.77880277227916,22.132264141398593
Fiat Siena Acima De 1.0,Ceara,1369.359178082235,390.9259225543031,410.80956810368576,397.33066532301564,433.4766776732128,36.14601235019717
Fiat Siena Acima De 1.0,Distrito Federal,2024.8854794522003,456.98090553265956,452.3336137609537,430.61239899440136,479.4619369588034,48.84953796440203
Fiat Siena Acima De 1.0,Esperito Santo,1325.2136986305006,549.3710189929091,510.09055981864265,495.2854419665743,519.8565353875575,24.57109342098323
Fiat Siena Acima De 1.0,Goias,1526.1791780817696,503.432369563382,578.8858792034476,555.7962840963546,599.0846501240678,43.28836602771321
Fiat Siena Acima De 1.0,Maranhao,440.7036986300349,1011.9905990950195,569.5842220346237,539.5905391596234,593.4846744492035,53.89413528958005
Fiat Siena Acima De 1.0,Mato Grosso,388.17273972610013,830.4009195170344,602.491045889294,562.2984810970866,629.0517615173978,66.75328042031128
Fiat Siena Acima De 1.0,Mato Grosso do Sul,406.62369863003494,396.8902957297517,525.3542593667969,506.0567107372883,558.2520238104081,52.19531307311979
Fiat Siena Acima De 1.0,Minas Gerais,7312.7865753413735,417.13606278159443,443.91474923282055,431.10538969908464,468.1284139924349,37.02302429335026
Fiat Siena Acima De 1.0,Para,839.0654794522002,616.1223559542834,554.8005187552377,533.9024291188505,573.661421518221,39.75899239937053
Fiat Siena Acima De 1.0,Paraiba,449.06369863003493,352.2128385850811,452.0860281829687,432.04648694865546,485.5343043952398,53.48781744658436
Fiat Siena Acima De 1.0,Parana,2749.34287671227,487.28298363500403,451.44481617578367,437.4494587478463,468.5576919265395,31.10823317869324
Fiat Siena Acima De 1.0,Pernambuco,1924.8764383556693,459.6118391660266,377.2556543332721,368.0342491572617,389.95404221860963,21.919793061347946
Fiat Siena Acima De 1.0,Piaui,391.1554794522002,370.2543045103835,626.9868788852187,608.0507644798005,657.0655434208055,49.014778941005034
Fiat Siena Acima De 1.0,Rio Grande do Norte,695.1427397261001,498.9478853460539,431.3991801135611,404.7823296502926,457.780009102384,52.997679452091404
Fiat Siena Acima De 1.0,Rio Grande do Sul,2878.3773972605354,404.9667014163577,382.0449498327486,373.1201857499048,397.50087732606465,24.380691576159848
Fiat Siena Acima De 1.0,Rio de Janeiro,8278.79835616447,369.27786720685106,369.9770982815292,359.62060374083114,379.57204779267744,19.951444051846295
Fiat Siena Acima De 1.0,Santa Catarina,2050.871917808335,353.8660770076543,408.84616901604477,353.53993368985624,447.68611203679853,94.14617834694229
Fiat Siena Acima De 1.0,Sao Paulo,15304.930273972806,274.6886738288103,288.9115438500491,274.53249287480793,312.36743560291444,37.83494272810651
Fiat Siena Acima De 1.0,Sergipe,569.63,517.0408861892807,487.10439625684705,474.54932617379177,496.9308672997995,22.381541126007733
Fiat Siena Acima De 1.0,Tocantins,234.09,686.0523730189243,643.9571219398186,605.215912280863,678.7936656861353,73.57775340527235
Fiat Stilo,Bahia,928.7228767118045,770.2297616837717,631.4939093006378,600.7854204119665,684.7213249899388,83.93590457797234
Fiat Stilo,Ceara,170.91821917830035,769.5376223338202,614.32674773384,586.3660887134176,646.0733159073245,59.707227193906874
Fiat Stilo,Distrito Federal,1071.0754794522002,720.0528952398806,670.031284251638,639.7158745367808,698.60802849065,58.89215395386918
Fiat Stilo,Esperito Santo,371.14643835613504,1041.5565395485899,758.2908004964579,730.4886127078547,800.8028890623299,70.31427635447517
Fiat Stilo,Goias,512.4964383561351,718.748409611441,858.3197774078083,838.7978747235144,878.2942703407203,39.49639561720596
Fiat Stilo,Mato Grosso,116.94273972610011,567.1237064852005,883.6912752558937,843.242501308171,917.8096914688814,74.56719016071042
Fiat Stilo,Mato Grosso do Sul,166.89000000000001,517.15501228354,760.6256637481414,749.4322858836126,776.3775202001303,26.945234316517713
Fiat Stilo,Minas Gerais,3711.87287671227,646.4127624233809,657.6559884078113,628.8397506972794,690.6511620220621,61.811411324782625
Fiat Stilo,Parana,2241.7875342467055,708.2593580990394,678.1705720210258,654.9717055696017,718.9380936769887,63.96638810738705
Fiat Stilo,Pernambuco,323.47369863050056,794.2624117130448,545.1739207129984,538.6065399003891,555.1071164789818,16.5005765785927
Fiat Stilo,Rio Grande do Sul,2344.128493149709,472.4890308857588,537.4697732209236,472.110078388207,569.4562898477956,97.34621145958857
Fiat Stilo,Rio de Janeiro,1611.7609589039348,555.6841385518272,548.2101537310381,525.6653434458633,581.504182197478,55.83883875161473
Fiat Stilo,Santa Catarina,1622.6775342462397,642.6045705281609,637.5801164999918,616.0354909879177,656.7604509975985,40.724960009680785
Fiat Stilo,Sao Paulo,10155.548493151106,436.5547565441608,449.48407812608076,436.2996496665286,466.67595370462215,30.376304038093565
Fiat Stilo,Sergipe,119.07095890393481,729.1450476185839,706.2237517013825,693.3973578004782,731.8793975252772,38.48203972479905
Fiat Strada,Alagoas,531.0336986300349,406.48644437607675,513.8354781357602,504.8398805085378,526.9962938513632,22.15641334282543
Fiat Strada,Amazonas,311.48547945220025,637.7311724108263,535.4870951101697,511.4032195122868,558.6748747084538,47.27165519616699
Fiat Strada,Bahia,4408.145616437904,641.8043427263568,599.0261124482436,487.0305750004246,642.324412734963,155.29383773453833
Fiat Strada,Ceara,884.9219178088009,578.8149097587036,460.56771791716056,450.48356111171097,471.74262705412013,21.259065942409165
Fiat Strada,Distrito Federal,2089.071095890105,489.37491979630545,501.4428569202886,492.50207142143563,519.1363025196976,26.63423109826192
Fiat Strada,Esperito Santo,3164.3920547945054,569.1055244786816,585.393818066964,576.4177015645611,591.0896959541311,14.671994389570045
Fiat Strada,Goias,5308.3256164379045,635.0710645105798,661.0630127718838,650.6425548626963,683.9485602186726,33.306005355976254
Fiat Strada,Maranhao,533.9082191783003,478.86694906754724,629.6033893344995,607.6266100386987,665.8505295138162,58.223919475117555
Fiat Strada,Mato Grosso,1982.7147945201398,786.9982129112267,719.8092141057118,651.3830219051592,788.2388737316884,136.85585182652915
Fiat Strada,Mato Grosso do Sul,1213.5409589039348,719.0882133786135,579.405832181357,569.4472685546032,594.3043106313926,24.857042076789412
Fiat Strada,Minas Gerais,14699.38397260284,485.62524887469795,490.02044421866833,485.475099038857,495.6900799252132,10.214980886356159
Fiat Strada,Para,498.6591780817695,716.2046056664304,633.05440863579,612.2807083397889,644.8506750249603,32.56996668517138
Fiat Strada,Paraiba,632.5919178078697,249.55108586756612,504.6735468166642,490.7071963763067,532.5157649576447,41.80856858133802
Fiat Strada,Parana,9080.92397260284,541.2937069872967,518.5739647291676,495.41783033092855,541.5041227266862,46.08629239575765
Fiat Strada,Pernambuco,1610.6909589044005,522.7793670442882,426.8193869590442,417.6530287497772,433.4456903028462,15.792661553068967
Fiat Strada,Piaui,347.1782191778347,582.5250226783577,713.3248056393545,690.677379955925,740.984917643486,50.30753768756108
Fiat Strada,Rio Grande do Norte,917.5119178083353,479.8891343577924,482.5362269778599,474.2359201970389,502.34189117646184,28.10597097942292
Fiat Strada,Rio Grande do Sul,4370.362054794506,406.7129857239201,433.14392315526555,412.043832382568,449.0127821210963,36.968949738528295
Fiat Strada,Rio de Janeiro,3995.46301369844,474.1065036781671,428.24150326433977,414.9988049540638,439.8184249722879,24.8196200182241
Fiat Strada,Santa Catarina,4082.3084931511057,328.0580098850527,360.7918055263455,327.69822991644816,479.92687721578056,152.2286472993324
Fiat Strada,Sao Paulo,31876.153972602377,353.97585949980345,357.45328513601623,346.972359403666,367.22427700954125,20.251917605875235
Fiat Strada,Sergipe,412.7391780822352,366.3427365983506,529.693920388528,509.0674848699652,562.2181742978066,53.15068942784143
Fiat Strada,Tocantins,523.946438356135,497.1882256081563,702.2154752775415,685.5038578967872,715.9078752653215,30.40401736853437
Fiat Tempra,Minas Gerais,216.1836986300349,139.06228911111467,179.0588902680767,176.2815148964615,181.66733256127606,5.385817664814567
Fiat Tempra,Parana,160.68095890440046,179.80973101604235,181.5525412055787,175.8370684337547,188.57988993117246,12.742821497417765
Fiat Tempra,Rio Grande do Sul,228.88095890440047,344.2051290640819,156.4442827205585,151.17910483030045,163.39863262842528,12.21952779812483
Fiat Tempra,Rio de Janeiro,162.18369863003494,145.6496565285842,151.28454777875191,148.80910578386025,154.4616180847313,5.652512300871052
Fiat Tempra,Santa Catarina,115.36821917830035,0.0,177.55813736011046,175.28804958636616,180.73160283017103,5.443553243804871
Fiat Tempra,Sao Paulo,782.093698630035,114.29832532417115,130.54528305483524,129.77927515821148,131.63516762252385,1.855892464312376
Fiat Tipo,Minas Gerais,116.3,131.91745485812555,179.36979725395042,169.6796305698607,185.8221799866054,16.142549416744686
Fiat Tipo,Parana,117.78547945220024,62.68175019821669,185.33875889672962,181.32005092617848,188.97386280985754,7.6538118836790545
Fiat Tipo,Rio Grande do Sul,114.30547945220023,219.447047684967,156.08056161971103,152.15273763812198,162.1279235316361,9.975185893514123
Fiat Tipo,Rio de Janeiro,126.84,104.3677073478398,150.44907475777137,136.6008009385665,156.93685387366187,20.33605293509538
Fiat Tipo,Sao Paulo,589.0182191783003,165.23088222257397,129.7631859474705,124.30632603633283,132.2830965814288,7.97677054509596
Fiat Uno 1.0,Acre,113.52547945220023,514.6245607762347,745.7552677249508,685.4849685034563,797.5143979181103,112.02942941465392
Fiat Uno 1.0,Alagoas,1936.0009589044005,504.95429534974386,447.23957406416594,419.0703288488387,505.31683131345545,86.24650246461675
Fiat Uno 1.0,Amazonas,363.0556164383702,454.04062776145605,448.1987303731041,422.4395742131998,463.50086485774506,41.06129064454524
Fiat Uno 1.0,Bahia,9024.30383561574,416.3381539938636,401.45061186191003,383.03209662405783,413.76353123526764,30.731434611209806
Fiat Uno 1.0,Ceara,4235.4619178088005,424.1733333608742,383.32903783437854,370.41706938591653,404.010872327056,33.59380294113947
Fiat Uno 1.0,Distrito Federal,5522.213698630035,434.6246145083847,415.4862988652263,401.33963873854805,446.0497509748485,44.71011223630046
Fiat Uno 1.0,Esperito Santo,3902.553698630035,638.5839100368657,595.020514272511,481.3807703718727,639.1520819467801,157.77131157490737
Fiat Uno 1.0,Goias,6256.199452055506,533.3690246885682,533.5117688657837,514.6186460986015,547.5615675327033,32.94292143410178
Fiat Uno 1.0,Maranhao,1012.7801369866356,607.1110377711857,514.803474827582,489.03282666249834,537.3943817511666,48.3615550886683
Fiat Uno 1.0,Mato Grosso,4080.517397261001,779.764596062199,779.6135116050167,778.8322994854116,780.3571757721126,1.5248762867009873
Fiat Uno 1.0,Mato Grosso do Sul,3093.6683561644704,508.0399121865157,487.35758747685986,461.8448476801032,505.9357327792034,44.090885099100205
Fiat Uno 1.0,Minas Gerais,30590.99657534277,395.6710259565767,404.6822015879344,395.5795643489565,410.13243141671893,14.552867067762406
Fiat Uno 1.0,Para,1446.5736986305005,717.6564878670407,528.4180075089201,504.64005276827544,550.6918746398455,46.0518218715701
Fiat Uno 1.0,Paraiba,2175.5582191783005,317.17468827868106,429.06161562689874,411.4905191342933,441.1822811281827,29.691761993889372
Fiat Uno 1.0,Parana,13677.86849315157,374.3648363459417,386.0359222609131,374.1648481814966,405.65773181305696,31.492883631560346
Fiat Uno 1.0,Pernambuco,7385.68287671227,385.6768625933749,371.99072822662276,354.1556717646269,385.96351365769743,31.80784189307053
Fiat Uno 1.0,Piaui,884.0964383561351,487.38008808313606,589.396677195645,578.5802686288417,613.2694810634879,34.68921243464615
Fiat Uno 1.0,Rio Grande do Norte,1984.9701369857044,303.79147210532716,371.44657439378176,303.5652161859724,407.19951249413776,103.63429630816535
Fiat Uno 1.0,Rio Grande do Sul,14051.702054795436,355.9573054207358,363.82103014224685,360.8317856767627,371.7418276796599,10.910042002897171
Fiat Uno 1.0,Rio de Janeiro,14364.458356164936,309.98746277745636,323.62596591612504,309.80971970302704,350.7330494721847,40.92332976915765
Fiat Uno 1.0,Rondonia,184.26917808223516,941.2046105865837,580.826325482599,484.9846118296665,941.3538208294544,456.36920899978793
Fiat Uno 1.0,Santa Catarina,10146.350273973272,352.1021750218961,363.9879401598313,351.8395413483867,402.2211601441375,50.381618795750796
Fiat Uno 1.0,Sao Paulo,67056.9521917816,257.437348936293,257.4417344240114,257.337769697513,257.54816363540664,0.21039393789362748
Fiat Uno 1.0,Sergipe,1100.6754794522003,517.1633334498393,461.21978846518414,415.31937543240906,519.338447568924,104.01907213651498
Fiat Uno 1.0,Tocantins,993.646438356135,649.3164722327074,593.6679940314474,580.6005909033338,609.7806488064227,29.180057903088937
Fiat Uno Acima De 1.0,Minas Gerais,245.72821917830035,139.283962234576,132.91227215845726,129.66630041832502,135.3781154230553,5.711815004730283
Fiat Uno Acima De 1.0,Parana,141.79,174.9277099936526,137.9552625926465,135.43402011886752,141.91881221013065,6.484792091263131
Fiat Uno Acima De 1.0,Rio Grande do Sul,177.37273972610012,120.39054046847872,118.95881441148416,112.9554782265276,121.8575193638911,8.902041137363497
Fiat Uno Acima De 1.0,Rio de Janeiro,114.35821917783468,5.106760180410303,112.70515335996447,109.65938627554888,114.89868197617805,5.239295700629171
Fiat Uno Acima De 1.0,Santa Catarina,112.35273972610011,23.328314079297243,130.89708823552027,126.00786489299742,136.34285804375187,10.334993150754457
Fiat Uno Acima De 1.0,Sao Paulo,950.2136986305006,118.05554914823581,99.88582580782547,97.99493915270757,101.81794324506701,3.82300409235944
Fiat Uno Furgao,Minas Gerais,160.16,325.3746253746254,537.1613469778238,515.5158409708705,563.5515459687455,48.03570499787497
Fiat Uno Furgao,Parana,120.16465753350407,380.5944354915549,544.6353278760762,530.1707051826355,554.8295701166008,24.658864933965333
Fiat Uno Furgao,Rio Grande do Sul,110.92,1113.0905156869817,469.58790839021356,457.5023617255703,479.48412836972676,21.981766644156437
Fiat Uno Furgao,Rio de Janeiro,133.9482191778347,468.36009007860963,456.7487626541354,451.08273080362744,464.81398865318255,13.731257849555107
Fiat Uno Furgao,Santa Catarina,111.36821917783469,252.53164868418264,522.8063496530136,516.8707077291748,527.049331273926,10.17862354475119
Fiat Uno Furgao,Sao Paulo,558.0436986305006,409.44642966265303,390.07737968179595,384.08736732283074,399.38028792234405,15.292920599513309
Ford Caminhoes - Outros,Alagoas,128.53,200.96475531004435,426.8563035970597,412.41491115752615,467.01647350352545,54.6015623459993
Ford Caminhoes - Outros,Bahia,755.103698630035,653.4612410126173,401.11554110929217,380.0784127688715,423.22851552696574,43.15010275809425
Ford Caminhoes - Outros,Ceara,235.82547945220023,539.8695692074514,383.1852792513899,372.09980005040586,404.77333801318446,32.673537962778596
Ford Caminhoes - Outros,Distrito Federal,164.5,887.6838905775076,416.30764290872924,397.4851714218509,446.0973798280464,48.61220840619552
Ford Caminhoes - Outros,Esperito Santo,207.2609589039348,807.1418799019368,479.2319299490667,429.2743064627061,523.1264127352742,93.85210627256816
Ford Caminhoes - Outros,Goias,587.4309589044004,760.0450627129102,537.4825630641789,514.863526158898,583.682502067279,68.81897590838093
Ford Caminhoes - Outros,Maranhao,197.00273972610012,889.144994854065,518.7078657423681,466.43625958949116,550.8572866402508,84.42102705075962
Ford Caminhoes - Outros,Mato Grosso,509.76465753396974,544.4845889134713,543.1405171141606,518.8244569394226,597.8269333366762,79.00247639725364
Ford Caminhoes - Outros,Mato Grosso do Sul,586.45,313.75564839287233,432.73091135266367,313.6670677991072,499.9293144067919,186.2622466076847
Ford Caminhoes - Outros,Minas Gerais,1435.6883561644704,323.320167644254,407.09520982996895,373.3613021777783,447.7501604503519,74.3888582725736
Ford Caminhoes - Outros,Para,235.84273972610012,1387.5898845987826,693.3064297640891,516.7983453900324,1387.9982020034886,871.1998566134562
Ford Caminhoes - Outros,Paraiba,168.29,173.8784241487908,420.4019525005889,404.85930048123134,449.572564540328,44.71326405909667
Ford Caminhoes - Outros,Parana,1517.9664383566007,346.94969973787886,421.42647785351704,390.85042684945864,463.70482200761194,72.8543951581533
Ford Caminhoes - Outros,Pernambuco,769.4127397261001,387.45394325823565,346.291750500367,321.847947713175,364.64946756955,42.801519856374966
Ford Caminhoes - Outros,Rio Grande do Norte,141.4082191778347,230.61601503508413,406.05768349919805,370.47714914109804,461.37045800621047,90.89330886511243
Ford Caminhoes - Outros,Rio Grande do Sul,526.4882191778347,491.0803140168059,363.55323741189784,354.2954143992837,380.1874865231372,25.892072123853495
Ford Caminhoes - Outros,Rio de Janeiro,501.6982191778347,192.77724397446488,348.3579472703694,334.8225903614731,368.0289462833656,33.20635592189251
Ford Caminhoes - Outros,Santa Catarina,489.41095890440045,193.61846782533908,386.60556084658435,301.92511642499016,450.5566483840091,148.63153195901896
Ford Caminhoes - Outros,Sao Paulo,5198.503835617136,248.66270005291653,281.62092809285275,248.50253393689675,298.1123233326615,49.60978939576475
Ford Caminhoes - Outros,Tocantins,232.51,296.292632574943,590.4665082171803,574.8525026023988,616.1225311201748,41.27002851777604
Ford Cargo,Alagoas,130.57,256.8890250440377,1022.3585583724454,813.765049726591,1118.895226751646,305.1301770250551
Ford Cargo,Amazonas,207.69369863003493,280.9618220721567,776.9247411233865,282.46126306324845,1165.946631177786,883.4853681145376
Ford Cargo,Bahia,641.5782191778347,696.834753169946,875.4418519968392,696.0964980942538,1068.6634764140567,372.56697831980296
Ford Cargo,Ceara,161.9382191778347,1134.2597252986293,942.1113583710124,774.0125702242337,1014.9184604980796,240.9058902738459
Ford Cargo,Distrito Federal,201.66547945220023,1286.9530308558142,1032.5591616219638,868.5464443310702,1112.3917765207802,243.84533218971
Ford Cargo,Esperito Santo,355.16917808223513,2291.094076332242,1409.8812666048677,1134.803657292671,2291.5574366011874,1156.7537793085164
Ford Cargo,Goias,439.49547945220024,1708.1609142731802,1357.7250518050657,1050.0381289621089,1709.7600488523517,659.7219198902428
Ford Cargo,Maranhao,183.02,169.79565074855205,1192.1693494726508,1014.1136699746988,1350.600741073639,336.4870710989402
Ford Cargo,Mato Grosso,246.57369863003493,1523.7229359313146,1328.1687564918052,1125.0679414724002,1415.1127888548037,290.04484738240353
Ford Cargo,Mato Grosso do Sul,267.92821917830037,2286.61990841769,1676.7741963377591,1217.1670131631229,2288.4017756968533,1071.2347625337304
Ford Cargo,Minas Gerais,1368.9057534236088,1340.5042643809757,1190.669468995239,1031.6276672951767,1341.6284261801152,310.0007588849385
Ford Cargo,Para,167.4591780817695,475.3098690185506,1258.54935947598,1063.8304990793795,1377.4944343234583,313.66393524407886
Ford Cargo,Parana,2341.458493151106,801.025516995556,925.9304138443342,800.2828748072257,1092.5441367921712,292.2612619849456
Ford Cargo,Pernambuco,223.23643835613504,1018.9958309453938,841.9635066113758,683.5786933093135,933.7319029953404,250.1532096860269
Ford Cargo,Rio Grande do Norte,109.30547945220023,328.07138470749527,978.9839454080717,858.2452041398461,1048.1338370718386,189.88863293199245
Ford Cargo,Rio Grande do Sul,1805.8991780822353,883.2359078283864,910.6233961793132,882.3325680873846,941.9069910793454,59.57442299196077
Ford Cargo,Rio de Janeiro,758.8991780817695,568.4826291293143,792.8661694221079,567.8954982156441,897.4331805860953,329.5376823704512
Ford Cargo,Santa Catarina,2114.4684931506404,1431.4656424555972,1220.9168812370983,1031.1990799073592,1432.4247098125336,401.2256299051744
Ford Cargo,Sao Paulo,5513.517808218114,1060.6678355664892,1060.5758126387527,1059.8414082350585,1061.3176428081015,1.4762345730430297
Ford Cargo,Sergipe,163.9282191778347,724.6342368371298,1081.9017352082276,869.9070176116849,1214.1645808800654,344.2575632683805
Ford Courier,Bahia,392.1827397261001,251.00288724779082,367.76890762517155,359.4458328683085,374.2330351629987,14.78720229469019
Ford Courier,Distrito Federal,169.78547945220024,222.10968877710647,396.20247917312594,382.3463067217969,411.80558783216094,29.45928111036403
Ford Courier,Esperito Santo,145.1109589039348,656.2013008475681,443.55791063085246,423.0839450860671,471.33533644071974,48.25139135465264
Ford Courier,Goias,214.54547945220023,664.4744991318344,507.13662785867916,500.01993380652095,515.3828149689061,15.362881162385179
Ford Courier,Mato Grosso do Sul,105.48,258.4376185058779,447.8051244185683,435.9600045772377,456.43860782614496,20.478603248907234
Ford Courier,Minas Gerais,837.5936986305006,472.90947943812046,386.0899734712011,380.82424824976914,399.5104569868897,18.68620873712058
Ford Courier,Parana,1287.6182191783003,380.92114005112694,385.9425382932853,377.80642657330793,392.3829747575906,14.576548184282672
Ford Courier,Rio Grande do Sul,1410.139178082701,299.56050194587675,337.7471148817637,328.8724787267598,342.5173776305496,13.644898903789795
Ford Courier,Rio de Janeiro,738.7964383556694,291.4808312818763,322.1895251764328,308.4203650083745,334.23186719042474,25.81150218205022
Ford Courier,Santa Catarina,1129.29287671227,326.8833157565857,371.1106076587248,367.254224540412,380.1543828554023,12.900158314990279
Ford Courier,Sao Paulo,11037.568356164471,288.2117598142282,279.95011285155294,278.8817155611238,281.24588728162297,2.3641717204991437
Ford Del Rey,Parana,140.8291780817695,119.22245253928301,125.10863801546009,122.00594444480511,128.22892174444343,6.222977299638316
Ford Del Rey,Rio Grande do Sul,111.93369863050059,14.964215607037778,105.55889129928785,99.90399741518434,109.28051858395463,9.376521168770296
Ford Del Rey,Sao Paulo,377.69547945220023,117.57090676437355,88.71060498676508,86.55465972532525,90.45428334371233,3.899623618387082
Ford Eco Sport,Alagoas,820.6056164383702,289.72017158726743,404.93139602907763,391.2530707047483,414.0279933588585,22.774922654110185
Ford Eco Sport,Amazonas,555.1519178083353,494.5331020089974,442.71211200291737,437.609468931912,452.15268403957305,14.54321510766107
Ford Eco Sport,Bahia,4022.1336986305005,393.9704939543761,388.72647322066956,380.96423806703916,396.88298156581067,15.918743498771505
Ford Eco Sport,Ceara,2096.6375342462397,357.6636341529546,364.30700928645103,358.64175131171083,373.27772426776176,14.63597295605092
Ford Eco Sport,Distrito Federal,3153.056575342305,403.88301623219326,404.9301906267902,394.19303132716954,428.1708997824279,33.977868455258374
Ford Eco Sport,Esperito Santo,1665.2082191783004,309.41535963247077,417.68364005211475,309.21402294885297,474.33736151160196,165.12333856274898
Ford Eco Sport,Goias,3319.342054794505,480.4569621550291,516.7664228241605,497.24118373671723,541.078565955189,43.83738221847176
Ford Eco Sport,Maranhao,599.0673972600698,505.31876944820925,508.0551102473071,496.78573134080096,522.6152528555104,25.829521514709484
Ford Eco Sport,Mato Grosso,1373.923698630035,593.893242262007,535.1642768467278,506.70869031202216,576.4735985699942,69.76490825797208
Ford Eco Sport,Mato Grosso do Sul,865.8301369861699,551.0445751643097,462.63384121310304,442.0889303243335,474.53797602104544,32.44904569671195
Ford Eco Sport,Minas Gerais,8264.641506847684,389.73584000361205,402.87880288090366,393.5626927449333,421.9720947625336,28.409402017600257
Ford Eco Sport,Para,930.1910958905704,619.0792435490541,536.0952229188432,503.9347690528658,619.6969230669648,115.762154014099
Ford Eco Sport,Paraiba,739.5473972605355,521.2079731844514,400.598102716588,381.4954644464779,424.76691429589846,43.27144984942055
Ford Eco Sport,Parana,6809.7960273978115,381.9281795718996,395.46899425371566,381.720126350132,404.9500900430623,23.229963692930312
Ford Eco Sport,Pernambuco,2872.751095890105,350.87968513599344,342.0040976429335,326.21339820044756,359.36614907579093,33.15275087534337
Ford Eco Sport,Piaui,524.478356164936,652.1565589494714,572.133168258965,558.9387302628639,605.6484753467087,46.70974508384472
Ford Eco Sport,Rio Grande do Norte,927.8873972600699,499.5455282275843,387.6119771345775,376.27605752041217,401.3249799678455,25.048922447433313
Ford Eco Sport,Rio Grande do Sul,8287.089452054575,329.57542160026554,354.2096541692527,349.0400145404671,358.8611141420232,9.821099601556114
Ford Eco Sport,Rio de Janeiro,10732.226575342305,356.1995242238977,328.1645255358791,325.0439949140976,332.78475004536534,7.740755131267747
Ford Eco Sport,Santa Catarina,5919.918493150641,330.8167168628897,356.81673067663417,330.53010492410755,389.96872014493545,59.4386152208279
Ford Eco Sport,Sao Paulo,47767.420410958046,300.6783258638173,298.5672128665976,292.97827646381774,300.7785096381971,7.800233174379343
Ford Eco Sport,Sergipe,507.12191780786964,431.86064792209106,424.8287317145705,413.42586213749183,449.56493562683596,36.13907348934413
Ford Eco Sport,Tocantins,240.33821917830036,764.1231620500465,566.568508992964,557.5620377929533,574.0444554635861,16.4824176706328
Ford Edge,Sao Paulo,182.50095890393482,717.2291081982794,717.7275667381491,714.2690806142741,721.182267389353,6.913186775078884
Ford Escort,Bahia,153.7136986300349,109.69093939104164,245.8002815634415,239.11885613932205,257.3307917811318,18.21193564180973
Ford Escort,Distrito Federal,186.73821917830034,305.2026534834964,267.8186207298865,257.5012765526991,276.8026208866788,19.301344333979728
Ford Escort,Esperito Santo,156.20547945220022,152.12654564574103,299.98590495016106,284.54107501931077,308.61906032773635,24.077985308425582
Ford Escort,Minas Gerais,917.2636986300349,184.10518180564398,257.7574928943421,249.73212031377224,263.8425217564688,14.110401442696542
Ford Escort,Parana,1309.5319178083353,248.56591547976407,262.30466321993515,256.99787189144774,265.3555113347554,8.357639443307676
Ford Escort,Rio Grande do Sul,1773.9719178078697,251.6747844304683,222.4235848932115,218.5022146179043,229.00841765240068,10.506203034496394
Ford Escort,Rio de Janeiro,1637.9446575344355,203.21199404931806,219.10429365802094,210.59058924993468,225.1190935438599,14.52850429392521
Ford Escort,Santa Catarina,730.4947945210711,332.31995877418626,253.5680430914487,249.04366183944788,260.54332881540637,11.49966697595849
Ford Escort,Sao Paulo,8190.642054794971,197.98374646962793,193.1567983417683,190.53408037520262,197.53367493815117,6.999594562948545
Ford Explorer,Sao Paulo,204.5209589039348,439.5441938164631,426.23593783191825,387.60448928017837,442.5463474710638,54.941858190885455
Ford F-1000,Mato Grosso,109.54095890393481,0.0,239.88654048651168,231.2008139728051,255.01032428478814,23.809510311983047
Ford F-1000,Mato Grosso do Sul,126.84547945220024,137.66355786120297,209.7118119350958,203.5423890827547,213.00907160961634,9.466682526861632
Ford F-1000,Minas Gerais,342.94369863003493,327.9255471065558,178.3866126819435,174.75536727680495,183.52333212708865,8.767964850283704
Ford F-1000,Parana,861.1356164379046,108.67045586512208,181.59323050232348,174.93350902523164,186.4573986533708,11.523889628139159
Ford F-1000,Rio Grande do Sul,521.1636986300349,213.99802076232442,154.388243491685,148.99027109479425,157.99024979793637,8.99997870314212
Ford F-1000,Santa Catarina,409.26643835613504,93.31085185824286,175.7029322223298,171.48649011877086,182.68894502419502,11.202454905424162
Ford F-1000,Sao Paulo,1128.0182191783003,175.9386476439793,131.97474047534502,127.56704244403937,136.35039849549293,8.783356051453552
Ford F-250,Bahia,124.48547945220024,2363.9142596787324,1436.8392207991367,865.5457398546001,2375.7720619427364,1510.2263220881364
Ford F-250,Distrito Federal,145.70821917783468,2396.186035146549,1161.4766230173195,891.4078740852499,2395.427239992534,1504.019365907284
Ford F-250,Goias,545.5691780827008,1113.9687218691704,1193.7749449500557,1165.7776642744477,1238.2784999378737,72.50083566342596
Ford F-250,Mato Grosso,274.4554794522002,1841.1109918758416,1165.7187846783454,1102.6234708643362,1217.4227309878488,114.79926012351257
Ford F-250,Mato Grosso do Sul,303.30191780880097,572.1757424211193,1044.0528428166683,997.6885971446613,1072.4770100708745,74.78841292621314
Ford F-250,Minas Gerais,616.6309589044005,963.7920240915735,879.7815852079823,826.6323931119157,962.7020373893417,136.06964427742605
Ford F-250,Parana,1287.9664383566007,805.9255032487162,905.6906324716455,855.9047709767625,963.5449451710695,107.64017419430695
Ford F-250,Rio Grande do Sul,609.0430136993714,789.1528006874764,778.6791570742633,722.0585374620305,842.7513809528034,120.69284349077293
Ford F-250,Rio de Janeiro,130.79369863003492,665.6360429584769,751.7825582878078,733.0944743398165,784.9669406088791,51.872466269062556
Ford F-250,Santa Catarina,466.91561643883585,336.9302599040571,578.8051616199474,337.4255958463121,862.6513740425778,525.2257781962658
Ford F-250,Sao Paulo,2150.002054794505,632.4910234236839,647.8693275724303,618.5139635020238,671.8793232034761,53.36535970145235
Ford Fiesta 1.0,Acre,166.5491780817695,907.5637702984578,571.2284244357272,502.83234378350716,617.9804964676017,115.14815268409455
Ford Fiesta 1.0,Alagoas,1524.5310958901048,374.65224654307247,334.56096110373363,321.8683150724641,349.933247288642,28.06493221617791
Ford Fiesta 1.0,Amapa,114.6,223.83071553228623,530.8976423705298,484.90421401186774,581.4957553080698,96.59154129620202
Ford Fiesta 1.0,Amazonas,600.0527397261001,314.94231671413195,365.5171296117206,357.2043931591085,384.4221321247985,27.21773896568999
Ford Fiesta 1.0,Bahia,9611.81301369844,306.4835942815006,317.86013330083557,297.8536072901238,331.1981613955551,33.34455410543126
Ford Fiesta 1.0,Ceara,2479.1991780827007,297.81552306378285,305.2904910888465,295.4396212414706,313.7054652478444,18.26584400637381
Ford Fiesta 1.0,Distrito Federal,3795.1682191783,364.1090250010547,340.90433482746687,328.59639153651784,348.8659775722974,20.269586035779582
Ford Fiesta 1.0,Esperito Santo,2366.3636986305005,349.3199293406983,379.8544661852558,348.9826602477241,398.0698347666809,49.08717451895683
Ford Fiesta 1.0,Goias,4326.682876713201,489.15579447499437,440.6405776111226,428.6856201078724,456.35802979668955,27.67240968881714
Ford Fiesta 1.0,Maranhao,929.3064383556693,702.5465153940166,471.3276816002297,404.8915169424283,702.931369170061,298.03985222763265
Ford Fiesta 1.0,Mato Grosso,1129.6554794522003,339.8522885810911,449.38528579365453,430.8926192337229,480.86294945059444,49.97033021687156
Ford Fiesta 1.0,Mato Grosso do Sul,1284.8509589044004,382.82650340972197,392.1113228601476,383.93746253511904,404.6481926054418,20.710730070322768
Ford Fiesta 1.0,Minas Gerais,11398.608630136345,364.94576969700216,346.1313057062132,324.859444753844,365.16838422130854,40.30893946746454
Ford Fiesta 1.0,Para,1558.9519178083353,403.3030094243734,422.18178798517715,402.6974108300049,443.7435815106199,41.04617068061498
Ford Fiesta 1.0,Paraiba,1240.6828767122702,338.1766669592745,335.12748844934697,329.4537472965636,346.567850131926,17.11410283536236
Ford Fiesta 1.0,Parana,11219.836712329407,304.76236755232463,321.0436310112734,304.63993627921394,332.32939793724955,27.68946165803561
Ford Fiesta 1.0,Pernambuco,4790.033698630035,286.5867103174271,281.67325657000765,273.8404041256979,291.8880699026908,18.047665776992915
Ford Fiesta 1.0,Piaui,619.1564383566007,560.079777124558,470.98360253449414,460.16157137974557,486.2757116598359,26.11414028009034
Ford Fiesta 1.0,Rio Grande do Norte,1446.4619178083353,262.3262979331881,325.7337643562845,315.74518829962796,343.0246905454166,27.27950224578865
Ford Fiesta 1.0,Rio Grande do Sul,14385.451917808801,285.8838237058616,284.4159515931112,276.40608210301525,289.58870686058975,13.182624757574501
Ford Fiesta 1.0,Rio de Janeiro,14798.9154794522,246.14161794880636,267.27015433256247,246.04129694592206,278.36597421595604,32.32467727003399
Ford Fiesta 1.0,Santa Catarina,10092.849452056438,347.6371084961647,332.66358455700424,324.41417101097136,347.79124165818,23.377070647208654
Ford Fiesta 1.0,Sao Paulo,72982.00219178021,238.00878954176434,238.14512912381076,236.99087535451426,238.73548309401642,1.7446077395021575
Ford Fiesta 1.0,Sergipe,1196.8701369866355,286.8289460912778,350.7642832912221,338.2529675382418,379.6304146483778,41.37744711013596
Ford Fiesta 1.0,Tocantins,351.1691780827008,575.8990612563746,462.961425742849,453.7017580656271,471.87102545161093,18.169267385983858
Ford Fiesta Acima De 1.0,Alagoas,837.2191780817695,472.88333851489074,381.1737357282857,360.4263870573232,390.647235926744,30.220848869420763
Ford Fiesta Acima De 1.0,Amazonas,414.2682191778347,383.8744867168625,413.81219808568693,410.2683224516119,418.4916416590873,8.223319207475413
Ford Fiesta Acima De 1.0,Bahia,2778.71,346.3456064144873,364.5155980059657,353.83437131148105,374.48553699488775,20.651165683406703
Ford Fiesta Acima De 1.0,Ceara,830.2882191778347,254.26712691292863,352.69983138559707,340.4496224820739,362.08467615315556,21.635053671081664
Ford Fiesta Acima De 1.0,Distrito Federal,2338.884657533504,419.316103015632,381.297465807249,373.6278576361227,400.17267258673087,26.544814950608156
Ford Fiesta Acima De 1.0,Esperito Santo,1259.1127397261,453.3295407082982,436.2890785268756,414.1309230488829,453.26232286489534,39.13139981601245
Ford Fiesta Acima De 1.0,Goias,2927.68,510.0198792217729,486.2540016959198,469.49627175588984,497.12449051995173,27.6282187640619
Ford Fiesta Acima De 1.0,Maranhao,359.71643835566937,744.6476486436009,465.7714390037405,450.68572342580444,479.89375332395844,29.208029898153995
Ford Fiesta Acima De 1.0,Mato Grosso,1229.1027397261,392.3642706284005,476.3899067180754,392.03439290925286,534.2115447576103,142.17715184835748
Ford Fiesta Acima De 1.0,Mato Grosso do Sul,1094.1391780827007,399.28923920406265,442.191344268137,434.034360224752,457.22372518911106,23.189364964359072
Ford Fiesta Acima De 1.0,Minas Gerais,6814.152876711804,379.9575746016099,374.37240974796833,369.2068555365244,384.7637574678851,15.556901931360699
Ford Fiesta Acima De 1.0,Para,511.3291780817695,797.6388156256897,473.1093418214871,459.3422378392251,482.8665267822339,23.5242889430088
Ford Fiesta Acima De 1.0,Paraiba,470.5927397261001,405.148621950628,383.3920668945493,364.3313886951022,411.8016365636144,47.47024786851222
Ford Fiesta Acima De 1.0,Parana,6273.6546575344355,407.80296966576486,392.87831672783716,384.0290833851972,407.9863567593029,23.957273374105682
Ford Fiesta Acima De 1.0,Pernambuco,1813.693698630035,288.13189371211394,320.33046258220895,315.94051582761193,328.57086736139644,12.630351533784506
Ford Fiesta Acima De 1.0,Piaui,205.34547945220024,651.7260587231596,539.5428084520121,512.4226083217517,550.4872807402608,38.064672418509076
Ford Fiesta Acima De 1.0,Rio Grande do Norte,503.67643835613507,422.54706353668297,366.1633228718421,355.9329184741421,378.75175902147635,22.81884054733422
Ford Fiesta Acima De 1.0,Rio Grande do Sul,6191.256438356135,302.97646667952466,328.4515464074476,316.81202933164064,338.5897967753139,21.77776744367327
Ford Fiesta Acima De 1.0,Rio de Janeiro,9706.8364383566,303.556778638671,314.2792160436021,302.33429805740235,323.02211453469533,20.687816477292984
Ford Fiesta Acima De 1.0,Santa Catarina,3704.90465753397,310.90975516943877,363.3309498608704,353.2672585099858,376.55847504721265,23.29121653722683
Ford Fiesta Acima De 1.0,Sao Paulo,46909.307397260534,279.2158470616196,276.88612167743577,273.39042969582005,281.6401530269411,8.24972333112106
Ford Fiesta Acima De 1.0,Sergipe,489.32821917830034,215.2297698605125,404.21987609662375,387.8807806948877,428.6400676742821,40.7592869793944
Ford Fiesta Acima De 1.0,Tocantins,282.8882191778347,836.9171423542637,534.8691954482878,520.1679992473162,541.9351702060342,21.767170958717998
Ford Focus,Alagoas,513.2373972600699,514.6390372371051,647.2063109104002,635.1583000552155,662.3247752947707,27.16647523955521
Ford Focus,Amazonas,197.38369863003493,862.8372108844694,695.4514781072726,680.6439271393647,714.0699881072331,33.426060967868466
Ford Focus,Bahia,3955.082876712736,573.1265489647636,597.483539587682,572.8073014704613,614.4074523442196,41.60015087375825
Ford Focus,Ceara,521.0536986300349,595.7524163366655,578.9856153030781,559.2578423748262,598.5199051307052,39.262062755879015
Ford Focus,Distrito Federal,2062.603698630035,472.9095563281834,555.2930816575771,472.35550073130366,667.1365382978928,194.78103756658913
Ford Focus,Esperito Santo,919.0319178083353,588.9218747600402,749.2428290990532,735.2895524043303,760.521334239313,25.231781834982712
Ford Focus,Goias,1599.472054794971,765.5057156700065,814.7868053377235,799.4581410161317,836.2615278784953,36.803386862363595
Ford Focus,Maranhao,303.3082191778347,587.0101393315992,786.6720169793194,746.7568184519158,829.8230129254731,83.06619447355729
Ford Focus,Mato Grosso,391.04821917830037,972.3634614651633,842.3015477928748,831.1400846889437,866.7161036879296,35.57601899898589
Ford Focus,Mato Grosso do Sul,421.9782191778347,666.1599751468065,765.3993285866208,733.540602022154,793.9001235237474,60.35952150159346
Ford Focus,Minas Gerais,4713.207671233341,647.5174048932561,622.9753828710167,591.9552573594635,634.5256679022386,42.57041054277511
Ford Focus,Para,322.9646575344354,776.1499413392407,812.7674121089061,807.4377221637759,823.3601337278118,15.922411564035883
Ford Focus,Paraiba,282.2383561644703,623.4553034934065,637.1160469470711,629.5748768995413,648.9427610705361,19.367884170994785
Ford Focus,Parana,5185.101369862445,667.1935133433614,644.6096179428466,625.1412350767041,679.3012201131944,54.1599850364903
Ford Focus,Pernambuco,677.1791780822351,827.8872389249963,595.1039972007576,522.0122302405114,828.3635405576281,306.3513103171167
Ford Focus,Piaui,136.72547945220023,1136.0867090929066,906.585763908863,893.0277727612338,926.1074611344161,33.07968837318231
Ford Focus,Rio Grande do Norte,347.8364383556694,899.60097762972,620.5739355748851,606.7582041483612,635.3883178333957,28.63011368503453
Ford Focus,Rio Grande do Sul,10794.666849316041,548.9498733696871,547.0995833305233,535.6210963740615,553.0171997790064,17.396103404944938
Ford Focus,Rio de Janeiro,6141.67301369844,618.6115723722163,569.6373747633339,514.7882595272164,619.008810046134,104.22055051891766
Ford Focus,Santa Catarina,4577.564931506775,609.6127617531033,615.2106876538539,591.6828952399892,639.5748414638027,47.891946223813534
Ford Focus,Sao Paulo,20387.24410958808,462.70515766098794,463.6666722278897,458.9964618450804,472.1430135566555,13.146551711575114
Ford Focus,Sergipe,531.3019178078696,374.19590130652307,577.2279978754643,374.1759377068804,707.1765515015435,333.0006137946631
Ford Focus,Tocantins,165.5282191778347,611.3277875072449,916.2748024780004,890.3387698729003,938.9981517536672,48.65938188076689
Ford Fusion,Bahia,316.3127397261001,654.0141259537456,679.4239480758176,645.8053583807268,719.8598800185979,74.05452163787106
Ford Fusion,Ceara,178.24,237.83662477558346,611.8170965978514,475.10765669917294,675.0099026384742,199.90224593930122
Ford Fusion,Distrito Federal,469.7,847.8816265701512,700.678193227579,686.5937164665672,714.7493014017969,28.155584935229626
Ford Fusion,Esperito Santo,142.14000000000001,698.740678204587,804.150913553757,764.1391098832505,855.9958266771906,91.85671679394011
Ford Fusion,Goias,410.36273972610013,1010.1745598947085,914.2314859055504,881.8789063258305,939.4225989880878,57.543692662257286
Ford Fusion,Mato Grosso,134.6282191778347,1207.592293746738,929.4945739297237,897.3607157936129,968.8581144496835,71.49739865607057
Ford Fusion,Mato Grosso do Sul,148.78,177.5507460680199,821.0953658762262,782.789780233063,853.3224651447142,70.53268491165124
Ford Fusion,Minas Gerais,1030.446438356135,857.5710168980067,694.0778030308488,670.9664789967807,723.5968536802472,52.630374683466584
Ford Fusion,Parana,1341.7746575344354,712.9945364730127,704.0867893703758,663.053151200663,746.9702129503215,83.9170617496585
Ford Fusion,Pernambuco,205.01,292.7808399590264,588.5916893912623,564.5476246555943,630.488190881925,65.9405662263307
Ford Fusion,Rio Grande do Sul,1132.5927397261,407.527775704815,601.8575512617278,563.2915897138228,646.5071517220899,83.21556200826717
Ford Fusion,Rio de Janeiro,801.5709589044004,1157.620532146385,985.1298963609414,607.466370061658,1158.8756636414575,551.4092935797995
Ford Fusion,Santa Catarina,880.7936986300349,982.0494871220963,748.6285256485805,664.525722038067,982.6728564418656,318.14713440379865
Ford Fusion,Sao Paulo,4950.386438356601,468.1842577060335,500.7345867974703,467.9173580179333,536.0978591538121,68.18050113587884
Ford Ka 1.0,Acre,114.38,296.12694527015213,588.4461281267993,563.834996611632,608.0673114212852,44.23231480965319
Ford Ka 1.0,Alagoas,1131.0882191778346,362.92659850916465,340.29686418070145,336.70427180080094,345.9728311689818,9.268559368180888
Ford Ka 1.0,Amazonas,405.09,590.305857957491,366.10441701526366,360.9825644288158,374.4310885460325,13.44852411721672
Ford Ka 1.0,Bahia,4948.1582191783,323.13315968815533,328.5623686313004,325.1058678348693,331.9963513950534,6.890483560184123
Ford Ka 1.0,Ceara,1587.8154794522002,349.0758259840266,309.98847515816436,294.9810025767377,329.6182955811582,34.637293004420485
Ford Ka 1.0,Distrito Federal,3345.9482191783004,364.2175312262535,344.7896031443995,331.01655112659955,357.2080022557226,26.19145112912304
Ford Ka 1.0,Esperito Santo,1376.5227397261,365.8174220210829,393.04078440886303,379.51354814360445,403.02823956922407,23.514691425619617
Ford Ka 1.0,Goias,2835.0419178083353,486.5032122933307,438.1845311687932,435.69672768383975,441.7592264973885,6.062498813548757
Ford Ka 1.0,Maranhao,659.9664383556694,392.6548153655424,423.24956063322566,412.9769670002835,431.74805713449643,18.771090134212955
Ford Ka 1.0,Mato Grosso,814.38,723.9016184090965,503.82804258651555,436.60091483367285,724.3413489110981,287.7404340774252
Ford Ka 1.0,Mato Grosso do Sul,1028.806438356135,345.315685006455,398.72148076769105,390.2836433857602,409.20111114866916,18.917467762908984
Ford Ka 1.0,Minas Gerais,8776.9991780827,337.4978098889471,324.1877206625546,321.03033720593123,328.00837311186467,6.978035905933439
Ford Ka 1.0,Para,567.0182191778347,337.82159641668164,413.60116768473904,397.00570460416964,421.7688178395653,24.76311323539568
Ford Ka 1.0,Paraiba,1154.6891780817696,248.97349473525728,332.2019594845935,314.9120595635266,351.82556980446896,36.913510240942344
Ford Ka 1.0,Parana,7854.901917808335,316.7317715781447,326.90918631149265,316.56646338746765,336.3389771838716,19.772513796403928
Ford Ka 1.0,Pernambuco,2935.71465753397,251.72575887220705,281.9665168102499,276.66902435837727,287.6041395977625,10.935115239385254
Ford Ka 1.0,Piaui,416.9809589039348,340.66783378644953,473.575720812254,444.0234557548125,492.93695960529334,48.91350385048082
Ford Ka 1.0,Rio Grande do Norte,1925.956438356135,325.1828481305406,328.39598642303395,315.1941183591493,342.9484655712471,27.754347212097798
Ford Ka 1.0,Rio Grande do Sul,10181.97835616447,263.44664132741855,277.3911623874938,263.24268271997926,293.9724217453409,30.729739025361653
Ford Ka 1.0,Rio de Janeiro,7894.486438356135,310.58689113544955,292.4827477501394,270.8108856439667,311.0067044742583,40.195818830291614
Ford Ka 1.0,Santa Catarina,6621.668356165402,315.201077392627,320.699275715216,315.0108722612315,326.95812427991723,11.947252018685731
Ford Ka 1.0,Sao Paulo,51751.59657534184,243.60471626506,244.01371251991492,238.93205696863953,250.66183337212988,11.729776403490348
Ford Ka 1.0,Sergipe,631.55,308.903491410023,357.6185465584216,340.32288328302684,373.3381549216059,33.015271638579065
Ford Ka 1.0,Tocantins,221.86,376.593347155864,488.2645707317595,469.54999773249125,509.27479025436696,39.72479252187571
Ford Ka Acima De 1.0,Bahia,114.81,459.8118630781291,371.5127885097919,351.7667579762725,386.1744770735171,34.40771909724458
Ford Ka Acima De 1.0,Distrito Federal,129.25095890393482,488.2516968164545,393.4273886889185,360.98786356705267,414.3220873870318,53.334223819979115
Ford Ka Acima De 1.0,Minas Gerais,354.4654794522002,462.9364762221599,386.40462675814433,362.9585747441378,400.1554954042163,37.19692066007849
Ford Ka Acima De 1.0,Parana,374.78821917783466,351.67327374679377,395.91456517073743,376.63711565276367,407.43377936258315,30.796663709819484
Ford Ka Acima De 1.0,Rio Grande do Sul,420.04273972610014,357.75168997799636,327.3152230556333,308.803288921109,341.2346036037044,32.43131468259537
Ford Ka Acima De 1.0,Rio de Janeiro,688.0982191778347,311.5674391021676,323.5415388847505,296.2294358930366,337.33780988123135,41.10837398819473
Ford Ka Acima De 1.0,Santa Catarina,202.56095890393482,743.544070955098,451.362599254861,370.6701870819331,742.8190332249075,372.1488461429744
Ford Ka Acima De 1.0,Sao Paulo,2444.171095890105,245.969278096328,283.5639462284909,279.7263437332439,288.13667267525614,8.410328942012256
Ford Mondeo,Parana,142.55369863003492,304.14503739059796,390.6076275411922,380.5067992297849,399.4490364430988,18.942237213313888
Ford Mondeo,Rio Grande do Sul,197.69465753396972,262.17198100608306,329.1825898897483,310.010356031388,348.28092116182967,38.27056513044164
Ford Mondeo,Sao Paulo,554.7682191778347,338.59185423126524,287.441079562166,278.9910976267412,295.906272192512,16.915174565770826
Ford Pampa,Minas Gerais,177.2927397261001,152.64584461726793,105.59178058255841,102.69822046936964,108.94325554557165,6.245035076202001
Ford Pampa,Parana,304.0236986305006,74.85600662880972,110.43847719739176,108.54030780156378,111.47434182780394,2.9340340262401554
Ford Pampa,Rio Grande do Sul,206.15821917830036,127.10625899099811,94.84602087150837,91.59827354436307,97.36310651762598,5.764832973262912
Ford Pampa,Santa Catarina,173.49821917830036,18.565032051941973,104.84393737066242,102.3898215190979,106.9347988356878,4.5449773165899074
Ford Pampa,Sao Paulo,1034.5936986305005,88.82230785055245,78.4418337075754,76.80719935664361,80.44635202174662,3.639152665103012
Ford Ranger,Alagoas,376.06547945220024,641.2128024918858,807.0656336349819,753.0272248733993,873.0447425531315,120.01751767973224
Ford Ranger,Amazonas,286.83917808223515,1131.5539326602955,861.0288662550505,829.5081357195844,906.4996847454877,76.99154902590328
Ford Ranger,Bahia,1235.1356164393014,849.8410911556643,763.505147416046,745.6938650580828,777.9086081324589,32.21474307437609
Ford Ranger,Ceara,707.8082191783003,946.2181730208039,738.9508999702828,715.0627847939925,797.2003730981967,82.1375883042042
Ford Ranger,Distrito Federal,862.2,727.6803525864068,800.07359550466,772.3278215255201,845.4754299906588,73.14760846513866
Ford Ranger,Esperito Santo,452.27643835613503,823.5671116404674,902.6371941962188,883.7845262298492,932.6257795895814,48.84125335973215
Ford Ranger,Goias,1226.9610958901048,1347.7778599005508,1178.9556634247783,1020.6645784207625,1348.9580501326705,328.29347171190796
Ford Ranger,Maranhao,180.2882191778347,1054.29517728227,1008.8740752520256,953.3366348786914,1078.7907808686082,125.45414598991681
Ford Ranger,Mato Grosso,356.94465753396975,646.6324544387783,1051.993596118877,1018.5474502898353,1095.4265025208276,76.87905223099233
Ford Ranger,Mato Grosso do Sul,516.7536986300349,485.16924148712417,840.1308409316802,575.3213740463812,930.3776826325671,355.056308586186
Ford Ranger,Minas Gerais,2595.060410959441,915.8484287929534,820.3456426633787,783.7397797929259,916.3151526988291,132.57537290590324
Ford Ranger,Para,243.05917808223515,1968.8044852932692,1208.953623925424,981.4616809665403,1969.5000354992826,988.0383545327423
Ford Ranger,Paraiba,223.54547945220023,545.3431681944044,793.618300854445,739.5602588280112,886.2437434550571,146.6834846270459
Ford Ranger,Parana,2588.7058904102446,848.4486430599995,797.5762007267655,760.7792298949137,843.6834594380423,82.90422954312862
Ford Ranger,Pernambuco,559.2173972610012,675.6209693234241,663.2794292065075,629.1215230786725,695.0932159873876,65.97169290871511
Ford Ranger,Piaui,118.38821917783469,244.44999849628883,1118.9075671507958,1082.1866254398176,1178.863158637945,96.67653319812734
Ford Ranger,Rio Grande do Norte,427.65369863050057,598.1147849746602,765.7630888700901,742.304067705354,792.3016904698356,49.99762276448166
Ford Ranger,Rio Grande do Sul,2175.0649315067753,602.3401789170535,683.5815763831927,659.4964768829539,708.3491113476965,48.852634464742664
Ford Ranger,Rio de Janeiro,2306.648356164005,627.7558502276734,656.2322894465759,616.0202024522936,686.873296440146,70.85309398785239
Ford Ranger,Santa Catarina,1556.4931506864727,739.316456029684,761.4639207535183,739.6606946785771,774.0456159402858,34.384921261708655
Ford Ranger,Sao Paulo,6972.20232876638,495.42050518937833,535.6717041554766,495.08423029024044,583.0939580088952,88.0097277186548
Ford Ranger,Sergipe,195.82547945220023,1312.9701033759484,843.0118530872977,784.8502585360472,895.2097726457988,110.35951410975156
Ford Ranger,Tocantins,217.26191780786962,1683.0929400309044,1132.5046844561273,1066.8244553515244,1219.7134155439903,152.8889601924659
Ford Royale,Sao Paulo,269.87,108.87093785896913,122.34901604765226,108.27682977357544,171.53493232571037,63.25810255213493
Ford Taurus,Sao Paulo,140.3627397261001,244.91542461398453,237.19028824054055,213.39097595652572,248.34926767502552,34.958291718499794
Ford Transit,Sao Paulo,127.7982191778347,653.7884529027257,659.45312545551,651.076739265959,674.7709661463623,23.694226880403335
Ford Verona,Rio Grande do Sul,127.91547945220023,0.31270648533938616,118.28349334781095,116.07905433516957,120.4048562314571,4.32580189628753
Ford Verona,Sao Paulo,406.36,134.2381139875972,97.33864105460287,96.39104640936915,98.25207780781759,1.8610313984484321
Ford Versailles,Parana,126.76,201.37267276743452,162.59212895107365,159.00036983829645,167.95231083469517,8.951940996398719
Ford Versailles,Rio Grande do Sul,135.3927397261001,80.65425090068486,137.15556917411877,131.8807204586903,140.42820905206105,8.547488593370758
Ford Versailles,Rio de Janeiro,100.51,90.1402845488011,134.30865790074645,130.10764733214256,139.99965092754402,9.892003595401462
Ford Versailles,Sao Paulo,518.4827397261001,129.48357747736316,115.84470207730632,114.90800722642747,117.36408626029333,2.456079033865862
Gm Chevrolet Astra,Alagoas,323.79273972610014,724.0125278852977,541.1546925743628,515.4297059157467,562.0938694087557,46.66416349300903
Gm Chevrolet Astra,Amazonas,123.24547945220023,632.6641784069752,591.4673793738596,580.7452856747556,598.0182168480056,17.272931173250072
Gm Chevrolet Astra,Bahia,2351.7056164383703,629.1952486132004,543.990913757086,506.2219782713808,629.5775834638353,123.35560519245445
Gm Chevrolet Astra,Ceara,590.1282191778347,394.01437254423274,502.3037816281917,491.5194366676679,526.3066295906679,34.787192922999964
Gm Chevrolet Astra,Distrito Federal,2927.979315068405,457.0766579915998,528.5238985818067,456.77564350285445,572.549234810519,115.77359130766456
Gm Chevrolet Astra,Esperito Santo,1323.1510958901047,756.9339609897307,627.0839920833014,615.4966165214867,634.3342154904115,18.837598968924794
Gm Chevrolet Astra,Goias,2284.6175342462398,733.9486696854146,702.8715020046917,681.3323452262168,721.0190435793231,39.686698353106294
Gm Chevrolet Astra,Maranhao,207.66821917830035,996.6089217643085,678.2718479549472,652.4963956422087,706.5653840147522,54.06898837254357
Gm Chevrolet Astra,Mato Grosso,707.7256164388358,933.772898210635,727.8639353044044,696.1197287152455,781.671139102651,85.55141038740544
Gm Chevrolet Astra,Mato Grosso do Sul,903.3709589039348,671.1428943162135,635.5902334131496,628.8514571882015,649.467271120552,20.615813932350534
Gm Chevrolet Astra,Minas Gerais,9017.169315069337,509.4008817516231,539.1640181172247,528.6948732024653,560.1565391079588,31.461665905493533
Gm Chevrolet Astra,Para,307.02821917783467,534.1463414638453,694.4955482212627,666.2552823696324,729.2502408859441,62.994958516311726
Gm Chevrolet Astra,Paraiba,399.5164383556694,412.08316903705133,560.4317140939746,534.7228795700033,608.8830443800972,74.16016481009387
Gm Chevrolet Astra,Parana,11935.242328766844,604.4325537163484,588.1892532462682,541.8611747316304,604.7726354208066,62.91146068917624
Gm Chevrolet Astra,Pernambuco,1269.6436986305007,701.0770036980647,508.95757150936066,452.94130233332993,701.5348156267414,248.5935132934115
Gm Chevrolet Astra,Piaui,131.1882191778347,1377.974342002069,909.7409933077391,759.9949232015224,1377.8357571556373,617.8408339541149
Gm Chevrolet Astra,Rio Grande do Norte,363.4864383566007,469.26647599616706,524.4336177841634,500.7362301869866,545.1208870003338,44.38465681334725
Gm Chevrolet Astra,Rio Grande do Sul,8575.390547945146,437.2823580494012,461.7637996731907,453.43541488432845,469.6660273301573,16.230612445828854
Gm Chevrolet Astra,Rio de Janeiro,8116.847671231944,422.2805624587721,447.03413739425713,422.1034177602246,466.2318860678333,44.12846830760867
Gm Chevrolet Astra,Santa Catarina,5791.738630136811,530.232318154084,515.1003392576664,503.51513283784794,525.397421048947,21.882288211099024
Gm Chevrolet Astra,Sao Paulo,56358.95520547958,364.45567390509285,368.5462239451851,364.33626701707,381.2796377589651,16.943370741895137
Gm Chevrolet Astra,Sergipe,361.9836986305006,672.0578880219824,576.8357948340558,543.9269002809226,605.4571980768648,61.53029779594215
Gm Chevrolet Astra,Tocantins,164.90547945220024,655.0176522867433,758.1994275635217,748.6047070203081,776.7487503706209,28.144043350312813
Gm Chevrolet Captiva,Bahia,330.0482191778347,662.766793727607,678.6974059032741,668.8658096142308,693.3947438683253,24.528934254094565
Gm Chevrolet Captiva,Distrito Federal,205.81,271.1821583013459,700.8883547921042,679.3678985898331,724.0485110212782,44.68061243144507
Gm Chevrolet Captiva,Esperito Santo,157.65,1359.6320964161116,804.8133583254112,763.1242768623761,835.3596359942803,72.23535913190426
Gm Chevrolet Captiva,Goias,238.62,1027.4872181711507,901.7666640157731,877.232695151051,930.9210343868195,53.68833923576858
Gm Chevrolet Captiva,Minas Gerais,706.6727397261001,802.7831952593534,680.6809031998663,660.9437768338584,693.868397477819,32.92462064396068
Gm Chevrolet Captiva,Parana,759.91,607.5219433880328,691.2319148921115,670.9620442985533,708.6562530293013,37.69420873074796
Gm Chevrolet Captiva,Pernambuco,188.41,333.71901703731226,583.2577791338509,560.8246964164306,608.8578990772614,48.03320266083085
Gm Chevrolet Captiva,Rio Grande do Sul,809.6591780822351,601.2332264954051,598.9317446975425,591.8448571988378,604.06292546957,12.21806827073226
Gm Chevrolet Captiva,Rio de Janeiro,647.0291780822351,885.0296391536449,591.0114363120023,578.0474688622442,618.5006236579259,40.45315479568171
Gm Chevrolet Captiva,Santa Catarina,563.8119178083352,422.9601973065539,634.2625615830519,508.9834282976196,672.7395587144125,163.75613041679293
Gm Chevrolet Captiva,Sao Paulo,3579.5254794522,493.36260075183594,513.0419560140183,504.5054240468995,523.0988009128024,18.593376865902883
Gm Chevrolet Caravan,Sao Paulo,129.5882191778347,29.87925927654296,30.843159184195134,29.260402966501825,32.70059298591659,3.440190019414768
Gm Chevrolet Celta 1.0,Acre,116.52369863050059,576.3462779615296,538.803231006051,483.6093887577634,588.5618076181113,104.9524188603479
Gm Chevrolet Celta 1.0,Alagoas,2654.3383561644705,418.765376094021,364.807768613959,315.4246037536793,419.1883251532863,103.763721399607
Gm Chevrolet Celta 1.0,Amazonas,767.2601369866356,472.7314537993752,369.4576897995201,335.950401944003,473.27639061074933,137.32598866674635
Gm Chevrolet Celta 1.0,Bahia,13004.6327397261,272.1054158792438,293.7118877879467,271.9864982370192,303.39039734674355,31.403899109724364
Gm Chevrolet Celta 1.0,Ceara,5999.350136986635,242.05605054573513,264.4593365169625,241.9332888977855,287.91801599735743,45.98472709957193
Gm Chevrolet Celta 1.0,Distrito Federal,6397.923698630035,320.29891204216744,314.77470778959326,307.5719941154653,322.0100724280238,14.438078312558503
Gm Chevrolet Celta 1.0,Esperito Santo,3875.328219177835,398.22459227141445,368.62760926062975,345.1054319952544,398.47867253523503,53.37324053998066
Gm Chevrolet Celta 1.0,Goias,7636.908356164936,412.5300256427431,400.0049034957965,391.99920735547164,405.6604546082816,13.661247252809972
Gm Chevrolet Celta 1.0,Maranhao,1173.9656164383703,435.1336979951637,382.4193882563433,368.7623580367301,392.1877540051472,23.425395968417092
Gm Chevrolet Celta 1.0,Mato Grosso,1834.2819178083353,452.96853876897785,407.9101227186501,402.1247472222204,424.3031023003735,22.178355078153118
Gm Chevrolet Celta 1.0,Mato Grosso do Sul,1624.3046575344354,306.5053084042181,342.9034691083541,306.1587147260786,359.3675197747059,53.20880504862731
Gm Chevrolet Celta 1.0,Minas Gerais,20336.747671234272,300.1699730303783,301.3356076452282,291.50110336484,311.26593547035776,19.76483210551777
Gm Chevrolet Celta 1.0,Para,1898.849178082235,463.1036578103185,408.55748486203,385.83842339583873,463.4960645477333,77.65764115189455
Gm Chevrolet Celta 1.0,Paraiba,3012.6491780822353,277.506257974648,307.92760755798645,301.3804488491185,316.158191184822,14.777742335703465
Gm Chevrolet Celta 1.0,Parana,16136.747534247172,312.330101794279,314.5705768839962,310.5120154338656,321.50290685442303,10.990891420557432
Gm Chevrolet Celta 1.0,Pernambuco,10944.130273971874,223.36530531016982,249.4839735449461,223.25352807212013,265.68014735523553,42.4266192831154
Gm Chevrolet Celta 1.0,Piaui,947.8764383566007,406.29029735953475,442.4930040008539,431.8600824012186,457.4066010506026,25.546518649383984
Gm Chevrolet Celta 1.0,Rio Grande do Norte,2954.2510958905705,316.0279778853919,301.00845056609757,297.099554534072,305.1579599599726,8.05840542590056
Gm Chevrolet Celta 1.0,Rio Grande do Sul,16524.69205479497,283.7344856081298,269.83189491931,261.4589292642101,283.8324317648741,22.373502500664017
Gm Chevrolet Celta 1.0,Rio de Janeiro,21869.42287671227,245.8082241266785,251.30306272889078,245.67116475292605,265.21890770448556,19.547742951559513
Gm Chevrolet Celta 1.0,Santa Catarina,10509.21767123334,292.129642380859,297.9871139599177,294.14618313906465,304.2387934567628,10.092610317698131
Gm Chevrolet Celta 1.0,Sao Paulo,116100.3875342467,235.5104886444461,232.6244378066506,226.84289362565679,235.57049875494363,8.727605129286843
Gm Chevrolet Celta 1.0,Sergipe,2105.17287671227,246.22918418440537,336.98349178261174,318.7229214564281,352.29200954963,33.56908809320191
Gm Chevrolet Celta 1.0,Tocantins,648.8483561640047,487.45442135335423,437.10299698177954,430.81041886156487,447.5573226551274,16.746903793562524
Gm Chevrolet Celta Acima De 1.0,Bahia,131.98,271.5714502197303,299.0241774548497,289.0712888981707,311.9744010837641,22.903112185593443
Gm Chevrolet Celta Acima De 1.0,Distrito Federal,249.53,251.57295715945978,308.40079946004334,301.98924097568386,315.7348684049282,13.745627429244337
Gm Chevrolet Celta Acima De 1.0,Esperito Santo,103.18547945220023,204.08879342132047,359.0473319195876,347.9226986989295,374.59930004545845,26.67660134652897
Gm Chevrolet Celta Acima De 1.0,Goias,149.0,366.3557046979866,392.44031256599806,377.69464122593354,402.11998412031005,24.425342894376513
Gm Chevrolet Celta Acima De 1.0,Minas Gerais,399.8027397261001,264.45541636966846,300.3231712702953,289.5630605701866,317.7242916283735,28.1612310581869
Gm Chevrolet Celta Acima De 1.0,Parana,515.4527397261002,290.19343282467355,307.42411042084257,300.96979725080945,313.3307718813879,12.360974630578426
Gm Chevrolet Celta Acima De 1.0,Rio Grande do Sul,553.8436986305006,169.9324199818872,261.24289292507495,252.02275768864834,271.6088420958314,19.58608440718305
Gm Chevrolet Celta Acima De 1.0,Rio de Janeiro,623.65,461.6916539725808,253.97659591229373,247.1524629789174,258.3700054265607,11.217542447643268
Gm Chevrolet Celta Acima De 1.0,Santa Catarina,262.3819178083353,322.3583420172449,299.61592083233717,293.7856843424818,310.7224560994475,16.936771756965754
Gm Chevrolet Celta Acima De 1.0,Sao Paulo,3456.7546575344354,214.68402404043258,221.5711090040289,216.40393807827408,225.15611892113648,8.752180842862401
Gm Chevrolet Chevette,Rio Grande do Sul,150.37273972610012,52.921826219933756,56.03393315121277,54.74228393930418,57.56945020785577,2.8271662685515935
Gm Chevrolet Chevette,Sao Paulo,311.40821917783467,47.30446755352859,46.09321146447005,44.9968981720665,47.130865558283816,2.1339673862173143
Gm Chevrolet Corsa 1.0,Acre,112.30821917783469,306.24650850832876,530.4874495212584,503.92433138803597,555.7300482968383,51.80571690880231
Gm Chevrolet Corsa 1.0,Alagoas,1971.7501369866357,403.4674500978072,313.6310061640641,293.76007810600856,334.4309276097635,40.67084950375494
Gm Chevrolet Corsa 1.0,Amapa,104.34273972610012,197.33045206641867,494.73670621236425,434.3157678198632,541.9888439583242,107.673076138461
Gm Chevrolet Corsa 1.0,Amazonas,464.44,402.0110240289381,333.6023222830808,317.75109403977785,345.84589674570276,28.094802705924906
Gm Chevrolet Corsa 1.0,Bahia,10947.249315068406,306.9555559837912,300.75344408256507,285.7551897748272,318.4397825465225,32.68459277169529
Gm Chevrolet Corsa 1.0,Ceara,4695.556438356601,316.6221127394939,287.6799300764454,270.48776905455713,299.4118777485056,28.924108693948483
Gm Chevrolet Corsa 1.0,Distrito Federal,6221.174657534435,344.04113657343544,321.06318694789127,291.74984200703864,344.2310626001413,52.48122059310265
Gm Chevrolet Corsa 1.0,Esperito Santo,4083.9819178078696,352.7285450796577,362.1472689339197,338.467389119753,385.03133101721113,46.56394189745811
Gm Chevrolet Corsa 1.0,Goias,6929.258356164936,367.6627236352622,393.1071461764099,371.21767239188955,409.73739124303796,38.51971885114841
Gm Chevrolet Corsa 1.0,Maranhao,1282.0101369857043,433.3140464131872,388.21086087824125,366.50603341302985,414.659569614043,48.15353620101314
Gm Chevrolet Corsa 1.0,Mato Grosso,1950.4365753423049,423.6620715826037,407.06374203785845,386.5652609925051,429.79697258316787,43.23171159066277
Gm Chevrolet Corsa 1.0,Mato Grosso do Sul,2086.6582191783004,365.7518001680879,366.46045705394295,338.88445102416597,397.0215525515713,58.13710152740532
Gm Chevrolet Corsa 1.0,Minas Gerais,17194.94958904028,260.087473757439,277.5470775595011,259.93825978791614,299.50609989514845,39.567840107232314
Gm Chevrolet Corsa 1.0,Para,1350.346575342305,517.6219296315211,414.08028695766154,370.70107259203564,518.0068890752976,147.305816483262
Gm Chevrolet Corsa 1.0,Paraiba,2176.8493150679396,359.13923604565167,313.1322607690888,293.6860735489039,334.58487464415913,40.89880109525524
Gm Chevrolet Corsa 1.0,Parana,19395.53520548051,247.77501363520332,259.1712855469284,247.61419913145156,296.6174610871659,49.00326195571435
Gm Chevrolet Corsa 1.0,Pernambuco,6754.238356164936,239.45172123275682,255.31341278518508,239.28481155066913,269.33309610705857,30.048284556389433
Gm Chevrolet Corsa 1.0,Piaui,847.1454794522002,636.7961738388037,453.2794524640908,411.26255918090584,585.239331464494,173.9767722835881
Gm Chevrolet Corsa 1.0,Rio Grande do Norte,2076.269315068405,404.6088789653585,296.4983125471181,280.39280538725916,309.6349124143594,29.242107027100246
Gm Chevrolet Corsa 1.0,Rio Grande do Sul,18368.370273973273,233.0206728282675,239.61354560331756,232.47262323161186,257.20419956620077,24.731576334588908
Gm Chevrolet Corsa 1.0,Rio de Janeiro,21713.09863013588,264.2023185045561,266.57608326294996,259.93997112048805,279.4503641145968,19.51039299410877
Gm Chevrolet Corsa 1.0,Santa Catarina,12090.468904110081,291.30855287198153,296.67812694126667,278.18236653641173,305.9189613092191,27.736594772807393
Gm Chevrolet Corsa 1.0,Sao Paulo,146324.59397260423,194.27956865079318,194.2803863807924,194.2216349654728,194.33940714726546,0.11777218179267379
Gm Chevrolet Corsa 1.0,Sergipe,2069.183698630035,302.8764436985127,326.13731646880353,307.6234234975924,341.61802443944106,33.99460094184866
Gm Chevrolet Corsa 1.0,Tocantins,655.863698630035,403.3841186097388,432.94645086688564,411.7638021628132,451.8670383493799,40.10323618656673
Gm Chevrolet Corsa Acima De 1.0,Alagoas,603.4173972605355,251.8671166757555,390.1650397427401,379.64114539664075,396.5828179962466,16.94167259960585
Gm Chevrolet Corsa Acima De 1.0,Amazonas,234.47465753443538,484.46600240078067,414.79543483035144,401.5462203948677,426.8243700704242,25.278149675556506
Gm Chevrolet Corsa Acima De 1.0,Bahia,3590.911917808335,396.3305234366828,363.73709767019204,350.3152269288375,377.8667449410301,27.551518012192616
Gm Chevrolet Corsa Acima De 1.0,Ceara,1309.4709589044005,328.15237106099977,354.71189050283016,342.2021030100157,367.05779441444565,24.855691404429933
Gm Chevrolet Corsa Acima De 1.0,Distrito Federal,2210.7709589044007,426.6054772437343,380.7131938882308,375.08437473530876,388.7848306618164,13.70045592650763
Gm Chevrolet Corsa Acima De 1.0,Esperito Santo,1930.226438356135,451.2853946513406,437.8919415534764,407.32543891651414,453.06226234171476,45.73682342520061
Gm Chevrolet Corsa Acima De 1.0,Goias,1841.8093150693364,483.2829287577422,499.7836222063554,490.42880321748277,512.3612527569637,21.932449539480956
Gm Chevrolet Corsa Acima De 1.0,Maranhao,466.3109589044005,387.7498406317075,470.94452206191875,444.27086673127786,503.59244017349204,59.321573442214174
Gm Chevrolet Corsa Acima De 1.0,Mato Grosso,746.3746575349011,777.3348065115276,508.8237652209754,492.2487620726808,525.1393776746651,32.89061560198428
Gm Chevrolet Corsa Acima De 1.0,Mato Grosso do Sul,734.6982191783004,417.5265326532047,445.8030627823869,429.9646731869219,462.3528431917902,32.3881700048683
Gm Chevrolet Corsa Acima De 1.0,Minas Gerais,6905.105753425006,387.52802571817443,380.98461354946176,371.7638744321392,386.2828127586292,14.518938326490002
Gm Chevrolet Corsa Acima De 1.0,Para,529.2427397261001,481.94898267665565,481.7860655989357,457.29243185302033,517.1497685109358,59.85733665791548
Gm Chevrolet Corsa Acima De 1.0,Paraiba,895.2509589044005,305.0775844286644,389.6197078909735,377.47483200983896,405.57180005278406,28.096968042945093
Gm Chevrolet Corsa Acima De 1.0,Parana,8418.801369863377,366.3535774867738,383.22786518827917,370.1075346697527,389.90297696579427,19.795442296041585
Gm Chevrolet Corsa Acima De 1.0,Pernambuco,2201.0382191783006,338.89961269208385,325.5968984035166,306.84047054761606,339.6436840367175,32.80321348910144
Gm Chevrolet Corsa Acima De 1.0,Piaui,374.85191780833526,714.5728413665431,536.0086544358144,508.0159362762994,566.349336347926,58.33340007162667
Gm Chevrolet Corsa Acima De 1.0,Rio Grande do Norte,818.3082191783003,320.62368903425704,366.41245886564394,353.33695497909935,374.9614209438385,21.62446596473916
Gm Chevrolet Corsa Acima De 1.0,Rio Grande do Sul,8869.258630138207,318.96623133605885,331.12802940338753,312.3587540366433,344.0327334282563,31.67397939161299
Gm Chevrolet Corsa Acima De 1.0,Rio de Janeiro,9068.310136986636,371.22219566242444,346.43929575261524,319.84858971501495,371.4729410049278,51.62435128991285
Gm Chevrolet Corsa Acima De 1.0,Santa Catarina,4671.034931508172,339.9666290843327,367.5974818966212,339.7501948856111,387.5095067141035,47.7593118284924
Gm Chevrolet Corsa Acima De 1.0,Sao Paulo,60683.14068493131,244.4586228161996,244.45960309324383,244.35398846215406,244.56357287023516,0.20958440808109913
Gm Chevrolet Corsa Acima De 1.0,Sergipe,960.0136986300349,277.47416560839696,397.97555865347175,378.17808440065454,431.8297096721521,53.65162527149755
Gm Chevrolet Corsa Acima De 1.0,Tocantins,208.76369863003492,559.225577847679,537.2129258335041,512.441775802445,557.7116692222465,45.26989341980152
Gm Chevrolet D-20,Goias,129.8827397261001,1172.149589091296,525.7846322016352,503.9361070336537,543.6665120029487,39.73040496929502
Gm Chevrolet D-20,Minas Gerais,514.9864383566007,590.4543835568803,406.1263551416192,397.6175831203149,411.6822205671393,14.064637446824406
Gm Chevrolet D-20,Parana,439.3019178088009,249.86232827641206,415.92880635171986,411.5854381937639,425.13681407702796,13.551375883264086
Gm Chevrolet D-20,Rio Grande do Sul,407.03917808223514,61.03835045328365,353.3859894778087,337.61763429188187,362.72126762990007,25.1036333380182
Gm Chevrolet D-20,Santa Catarina,203.53547945220024,185.75631188113869,399.89566981051854,389.14849467366605,412.0328818042688,22.88438713060276
Gm Chevrolet D-20,Sao Paulo,1202.7809589044004,345.85931621242435,298.692770123931,293.641835661301,308.0299312309871,14.388095569686072
Gm Chevrolet Ipanema,Parana,140.27547945220024,88.61135280764164,213.68195985741633,208.13450058125397,221.27138114192235,13.136880560668374
Gm Chevrolet Ipanema,Rio Grande do Sul,188.43273972610012,40.12041649974934,181.51188989553106,173.6802819118769,187.20590211674,13.525620204863088
Gm Chevrolet Ipanema,Sao Paulo,610.1191780827008,230.7532774865774,153.108638786459,144.69563358893865,157.91813957196226,13.22250598302361
Gm Chevrolet Kadett,Minas Gerais,532.1127397261001,161.42443806967322,177.1101960275166,172.88701762331414,183.98146368862382,11.094446065309683
Gm Chevrolet Kadett,Parana,461.94821917830035,116.86591214926356,177.47057102520793,170.72964996736204,181.29170489877475,10.562054931412717
Gm Chevrolet Kadett,Rio Grande do Sul,767.49,134.65712908311508,152.97752315702277,146.00457049953656,156.4467716667283,10.44220116719174
Gm Chevrolet Kadett,Rio de Janeiro,603.9,191.11607882099685,151.96871347105048,142.3233241560144,169.89848076327428,27.575156607259885
Gm Chevrolet Kadett,Santa Catarina,261.3664383566007,89.41851963454195,169.227353768953,164.295884333385,175.55689712748642,11.261012794101418
Gm Chevrolet Kadett,Sao Paulo,3382.7136986305004,143.39079307727806,129.25700500249533,126.89557860219115,130.95392741429214,4.058348812100988
Gm Chevrolet Meriva,Alagoas,188.90547945220024,149.29159324431404,354.9826441617102,340.9434963907061,368.64063480968196,27.69713841897584
Gm Chevrolet Meriva,Bahia,1294.6246575344353,432.1584613300311,343.2099626821627,338.6427937731299,349.3756969910663,10.732903217936439
Gm Chevrolet Meriva,Ceara,514.7,288.6108412667573,327.67136759591375,317.80107949337867,336.02912487074883,18.228045377370165
Gm Chevrolet Meriva,Distrito Federal,1075.296438356135,388.4473016934334,351.49928357373864,344.80667550292736,361.8607363413762,17.054060838448834
Gm Chevrolet Meriva,Esperito Santo,704.9182191778347,518.7438628363063,408.5985566319946,393.797015977037,418.83690928296664,25.03989330592964
Gm Chevrolet Meriva,Goias,746.5191780822352,497.29197976358637,456.825144691085,448.6093742425115,463.1667653096931,14.55739106718164
Gm Chevrolet Meriva,Maranhao,106.17917808223515,105.70810777332518,444.31313292412045,419.77125595740625,472.9391447502912,53.16788879288492
Gm Chevrolet Meriva,Mato Grosso,224.3564383566007,403.74593510003893,458.38203994526054,443.5204463553522,469.9107592365448,26.390312881192585
Gm Chevrolet Meriva,Mato Grosso do Sul,283.37369863003494,367.1970987535089,415.2418200755421,407.73897629596985,435.35983856096516,27.62086226499531
Gm Chevrolet Meriva,Minas Gerais,3223.954657533504,378.8232558253056,352.2004352356975,336.57133594019797,364.4945767966665,27.92324085646851
Gm Chevrolet Meriva,Para,248.48821917830034,471.2456807297441,446.12695462343294,443.2774212360886,449.20794842551913,5.9305271894305065
Gm Chevrolet Meriva,Paraiba,376.37,498.08964582724445,356.9864555662045,349.1849969429927,371.9488136853201,22.76381674232738
Gm Chevrolet Meriva,Parana,4528.56013698617,289.4081033165272,356.2938475922271,344.8841647420218,368.5156443030119,23.6314795609901
Gm Chevrolet Meriva,Pernambuco,1156.9819178078696,300.34609413636974,292.3384431316681,283.88762962248,299.3248263385588,15.437196716078802
Gm Chevrolet Meriva,Rio Grande do Norte,268.54917808223513,389.42215629487356,348.4416083582806,334.63278557104235,359.1755323629779,24.542746791935542
Gm Chevrolet Meriva,Rio Grande do Sul,4893.38575342454,368.1957832037049,324.20853926730615,302.7100025298292,368.3899348500235,65.67993232019433
Gm Chevrolet Meriva,Rio de Janeiro,7433.25191780787,275.5573230463118,292.89956922768465,287.05952743367584,297.7533479861986,10.693820552522766
Gm Chevrolet Meriva,Santa Catarina,2676.378356164936,298.0479191824854,338.554153729228,319.5951763686185,348.8951950389718,29.300018670353268
Gm Chevrolet Meriva,Sao Paulo,34972.73109589104,253.08052081296842,253.45036119533367,251.20228241147421,255.32365346862835,4.1213710571541355
Gm Chevrolet Meriva,Sergipe,193.20547945220022,568.7519852519825,374.6050986295835,358.40749347704735,398.63890053897006,40.23140706192271
Gm Chevrolet Montana,Alagoas,114.79,477.3325202543775,510.27459930589856,499.1720735298983,531.444927044778,32.27285351487967
Gm Chevrolet Montana,Amazonas,234.38547945220023,592.9505544661648,547.261221052031,536.3455039961386,560.2744044121472,23.92890041600856
Gm Chevrolet Montana,Bahia,896.4991780817695,329.03320740478705,478.83178232339714,467.1760925079345,489.46211083494455,22.286018327010026
Gm Chevrolet Montana,Ceara,333.8727397261001,571.6699127834764,463.8854023277693,460.221674431127,472.409921504344,12.188247073217042
Gm Chevrolet Montana,Distrito Federal,574.9654794522003,456.27608852264996,504.76918285017814,490.4255472439124,529.944015879092,39.51846863517966
Gm Chevrolet Montana,Esperito Santo,458.04273972610014,540.2814596471566,583.6358750795436,572.6119580972218,596.8185074929606,24.206549395738875
Gm Chevrolet Montana,Goias,926.6182191778347,534.376499136123,662.1393608075837,643.2181249746885,692.7417949819347,49.52367000724621
Gm Chevrolet Montana,Maranhao,154.55273972610013,746.3601111467059,625.4543956451394,593.1121704221736,642.1659279373416,49.05375751516806
Gm Chevrolet Montana,Mato Grosso,373.97,1157.713185549643,773.3047255857582,662.3107124825273,1158.450876330172,496.14016384764466
Gm Chevrolet Montana,Mato Grosso do Sul,332.56821917830035,603.3980050643803,575.1595642989812,565.0285529193802,585.596586280566,20.568033361185826
Gm Chevrolet Montana,Minas Gerais,2762.1210958905704,572.2765024139347,515.5860743355422,500.06837699971334,537.081323840636,37.01294684092261
Gm Chevrolet Montana,Para,215.75,486.49826187717264,643.4409499530774,631.2689950766223,661.5780985187633,30.30910344214101
Gm Chevrolet Montana,Paraiba,219.39,359.6517617029035,517.1611660172484,492.610896251791,557.6542027550823,65.04330650329132
Gm Chevrolet Montana,Parana,3873.2965753432363,507.1369986239518,506.04081603947094,500.843837389814,510.34884933111357,9.505011941299585
Gm Chevrolet Montana,Pernambuco,566.2509589044005,644.1808075800245,431.31480520035484,415.4681565951278,452.14062939328176,36.67247279815393
Gm Chevrolet Montana,Piaui,102.68,1084.5929100116866,711.5032125005645,697.4743031729131,726.7922075229017,29.317904349988567
Gm Chevrolet Montana,Rio Grande do Norte,235.13821917783469,425.40085720539105,494.6710250705257,481.4763992411152,510.3256334725475,28.84923423143232
Gm Chevrolet Montana,Rio Grande do Sul,3244.159178082235,419.299092717182,439.65268169686885,434.8710127389432,444.7485857540706,9.877573015127382
Gm Chevrolet Montana,Rio de Janeiro,2036.9536986305006,536.2772854063553,417.04383200390157,401.0526972986109,426.52682420133925,25.474126902728358
Gm Chevrolet Montana,Santa Catarina,2468.6801369871014,458.5515081680728,497.2910519689603,478.96673528325596,511.1709952779921,32.20425999473616
Gm Chevrolet Montana,Sao Paulo,22656.8364383566,348.67440657452227,359.95363936333194,348.5744137552148,365.32955312053843,16.755139365323657
Gm Chevrolet Montana,Sergipe,131.79821917783468,821.6271864332718,540.5476186724135,502.9028533331172,569.4166550212205,66.51380168810334
Gm Chevrolet Monza,Minas Gerais,761.0254794522002,181.65751835209505,185.1283365073174,181.64604694159803,189.70423113636107,8.058184194763044
Gm Chevrolet Monza,Parana,659.1464383556694,141.69688943931266,188.35573210380042,180.91576188256678,198.47895892184775,17.563197039280965
Gm Chevrolet Monza,Rio Grande do Sul,678.4809589039348,137.51749223843825,161.78764780839046,152.8076586984781,165.13421630791143,12.326557609433337
Gm Chevrolet Monza,Rio de Janeiro,583.7782191783003,224.95700539298485,155.0225773315264,149.95011386261854,158.5948437248819,8.644729862263375
Gm Chevrolet Monza,Santa Catarina,260.3454794522002,39.54745064774731,178.3691967503061,174.25227535290787,186.71136221176727,12.459086858859393
Gm Chevrolet Monza,Sao Paulo,4566.27835616447,146.39449193839783,136.49350512427614,134.4499027932198,138.4425491079374,3.9926463147176037
Gm Chevrolet Omega,Distrito Federal,142.95547945220022,568.1768919333989,579.316075674181,556.9244573815979,600.4905896035573,43.56613222195938
Gm Chevrolet Omega,Minas Gerais,183.95821917830034,798.110574541367,569.1640781724072,543.4407042831633,611.4166049520252,67.97590066886187
Gm Chevrolet Omega,Parana,397.85369863050056,919.1544561701487,589.9713855210996,576.4528479127964,610.3692171242194,33.91636921142299
Gm Chevrolet Omega,Rio Grande do Sul,368.50547945220023,231.44296287475672,500.3511290239882,495.36817738752814,505.644401165147,10.276223777618839
Gm Chevrolet Omega,Rio de Janeiro,190.8382191778347,107.65663234812999,334.464662614301,111.47661710186846,503.1750665954525,391.69844949358406
Gm Chevrolet Omega,Santa Catarina,220.12821917830036,318.1463978649388,549.5908847814482,543.4558706661296,555.3179013589324,11.862030692802819
Gm Chevrolet Omega,Sao Paulo,1932.713698630035,431.40481727376874,414.5461495260906,406.5337068240551,433.2951858138634,26.761478989808268
Gm Chevrolet Opala,Sao Paulo,161.4809589039348,85.51472627936889,96.50544210193502,84.75972758631431,154.73184934145888,69.97212175514457
Gm Chevrolet Prisma,Alagoas,498.1509589039348,422.89389638739084,386.37679271284844,376.1314569519046,394.32662568325986,18.19516873135524
Gm Chevrolet Prisma,Amazonas,227.91,413.6632881400553,418.8025117537689,409.0496357297352,431.5495219910104,22.499886261275208
Gm Chevrolet Prisma,Bahia,1864.61,298.28060559580825,373.55716329558663,363.3873691980671,385.19225408604376,21.80488488797664
Gm Chevrolet Prisma,Ceara,1132.973698630035,305.4987070031039,349.7182662348677,333.972326139382,355.726549397695,21.754223258313004
Gm Chevrolet Prisma,Distrito Federal,1638.28,414.5359767561101,381.4792320857817,372.5805170044607,396.9443863847524,24.363869380291703
Gm Chevrolet Prisma,Esperito Santo,1005.33,394.6823431112172,447.24196562163894,422.457640608887,471.72733457550294,49.26969396661593
Gm Chevrolet Prisma,Goias,1879.7854794522002,542.990682265218,491.74907566828136,472.4333113171946,516.3535402782124,43.92022896101787
Gm Chevrolet Prisma,Maranhao,311.62547945220024,466.74296420075046,478.1396439117387,455.1800599095489,503.3449392298064,48.16487932025751
Gm Chevrolet Prisma,Mato Grosso,564.94,457.54416398201573,509.52823785619387,494.1448319645443,528.1665995592953,34.02176759475094
Gm Chevrolet Prisma,Mato Grosso do Sul,480.4209589039348,388.41561039661724,450.12038841879934,439.1340809436637,465.2679349205482,26.133853976884495
Gm Chevrolet Prisma,Minas Gerais,4013.6882191783,389.82898385672877,374.7994462161888,369.2697548549655,380.09406281491533,10.824307959949806
Gm Chevrolet Prisma,Para,512.0701369861699,362.86240219671004,483.11131522190084,475.79735837438506,498.71961182314095,22.922253448755896
Gm Chevrolet Prisma,Paraiba,652.37,459.1826724098288,380.81566224593684,367.4406877873692,404.91270833388086,37.47202054651166
Gm Chevrolet Prisma,Parana,4411.9582191783,452.08383690711315,403.6034980708739,380.13419165513847,452.3609496732023,72.22675801806383
Gm Chevrolet Prisma,Pernambuco,1603.9727397261001,275.0520561062258,323.9737762386247,319.89422330790376,328.0960670180736,8.20184371016984
Gm Chevrolet Prisma,Piaui,225.06547945220024,812.3013820021556,538.1919290322733,531.3015347062866,550.6051081964823,19.30357349019573
Gm Chevrolet Prisma,Rio Grande do Norte,567.1,503.743607829307,368.28924987764526,355.95849206636404,378.6064879321951,22.647995865831035
Gm Chevrolet Prisma,Rio Grande do Sul,5668.3427397261,318.73390212238667,332.85402053458813,319.92147278619973,341.0318898542267,21.110417068026948
Gm Chevrolet Prisma,Rio de Janeiro,4928.53,325.44795304076473,321.30222387121665,310.10451560844433,331.4627985834777,21.358282975033376
Gm Chevrolet Prisma,Santa Catarina,2849.8654794522004,443.70550438860073,377.6454059367485,364.9759060738584,390.68833970768503,25.712433633826606
Gm Chevrolet Prisma,Sao Paulo,29426.5636986305,265.42028760101175,272.03911739410745,265.29847066078725,281.16698611952296,15.868515458735715
Gm Chevrolet Prisma,Sergipe,443.4,290.7645466847091,412.11927657682065,394.65483302469806,431.26822001687407,36.613386992176004
Gm Chevrolet Prisma,Tocantins,224.75547945220023,292.26428721605504,538.5684155444933,527.3883922936884,548.1457989300611,20.757406636372707
Gm Chevrolet S-10,Alagoas,336.2409589039348,519.9396307037897,585.7404352680254,568.7381853032826,612.6603779752854,43.92219267200278
Gm Chevrolet S-10,Amazonas,430.1209589044005,963.194169973198,644.2758699009728,611.3480867174007,682.264277714959,70.91619099755826
Gm Chevrolet S-10,Bahia,2153.63739726007,910.1815386814111,805.7428535282157,558.6939984148324,911.0218868307887,352.3278884159563
Gm Chevrolet S-10,Ceara,711.6791780817695,472.9827854557864,545.6517986207174,498.2392669200686,591.4588051962841,93.21953827621547
Gm Chevrolet S-10,Distrito Federal,1745.9719178083353,337.92754280986594,431.9305760319684,337.5199291730669,563.0618666464092,225.54193747334227
Gm Chevrolet S-10,Esperito Santo,1060.5254794522002,652.1276606736835,666.0056341194343,634.0904614981719,686.8372256222908,52.746764124118954
Gm Chevrolet S-10,Goias,6599.850273973271,575.6842719573773,639.5638470632183,575.3052035164575,737.2476338196356,161.94243030317807
Gm Chevrolet S-10,Maranhao,812.9964383556694,847.3345853682929,737.6301274116747,700.0414538185337,810.8783975962536,110.83694377771997
Gm Chevrolet S-10,Mato Grosso,4454.303835617136,715.549526396061,765.4842358845484,711.4534007218697,814.1608932252599,102.7074925033902
Gm Chevrolet S-10,Mato Grosso do Sul,2526.42465753397,637.5673999209066,666.9293140025246,622.040943199613,709.7109438788298,87.67000067921674
Gm Chevrolet S-10,Minas Gerais,6597.930547944215,529.8261287532359,548.6256408047108,524.9307421970517,580.9576003425561,56.026858145504434
Gm Chevrolet S-10,Para,764.2019178078696,914.9401273496776,731.5963172731566,702.5625436281878,773.6705978239462,71.10805419575843
Gm Chevrolet S-10,Paraiba,591.4264383556693,1158.1457229142047,844.714655668386,571.4492748862832,1159.1692030077984,587.7199281215152
Gm Chevrolet S-10,Parana,7706.343424657415,520.9845680058673,542.3551207729013,520.673074522006,566.9197817474828,46.246707225476825
Gm Chevrolet S-10,Pernambuco,1390.7246575339698,682.8929039656451,494.4708377156148,469.0450237070637,521.8855606764131,52.84053696934939
Gm Chevrolet S-10,Piaui,534.0209589039348,1839.3416655706517,1019.3771586513142,792.3524817390543,1839.934915122047,1047.5824333829928
Gm Chevrolet S-10,Rio Grande do Norte,321.48273972610014,417.1919155419318,571.3705426396989,538.684471617862,616.9098801603037,78.22540854244176
Gm Chevrolet S-10,Rio Grande do Sul,5922.710410959441,401.14758871270266,438.56213170613853,400.8235106620345,489.31397915308156,88.49046849104707
Gm Chevrolet S-10,Rio de Janeiro,2610.2375342467053,316.65432327733885,382.67827640687653,316.26254456239,475.92538135105536,159.66283678866535
Gm Chevrolet S-10,Roraima,115.82821917783468,1274.6375714654237,623.0098202813793,610.3916279157452,633.0548155518892,22.663187636144016
Gm Chevrolet S-10,Santa Catarina,3203.550547947008,453.4624874050933,521.0706835609575,453.1884518945993,581.8089356453573,128.620483750758
Gm Chevrolet S-10,Sao Paulo,20609.112328769173,440.7168952794216,425.8762036528107,407.8201903289587,440.9068570873753,33.086666758416584
Gm Chevrolet S-10,Sergipe,387.03917808223514,829.5155069076358,622.9029660971913,605.4882577220453,638.1924895549362,32.704231832890855
Gm Chevrolet S-10,Tocantins,915.8446575339698,1204.1747374162026,982.7312129814153,787.7582555902708,1205.5131619537242,417.7549063634534
Gm Chevrolet Silverado,Minas Gerais,137.44547945220023,575.5955038704153,584.6907531113577,569.9466962569919,597.4366957826529,27.489999525661005
Gm Chevrolet Silverado,Parana,292.5973972605355,181.09867174524922,600.4302565817013,593.3368693806041,609.6444135383231,16.307544157719008
Gm Chevrolet Silverado,Rio Grande do Sul,185.97465753443538,418.1913871012206,508.68121296681585,498.7597471354974,514.2672298154722,15.507482679974828
Gm Chevrolet Silverado,Sao Paulo,547.52,684.5539888953829,427.55275306539505,421.76368028950895,434.35975803385537,12.596077744346417
Gm Chevrolet Suprema,Sao Paulo,114.27,440.9906362124792,441.85144762291986,438.3574732365178,445.66519236543866,7.307719128920837
Gm Chevrolet Tracker,Bahia,525.6227397261001,778.558401436831,708.0019737020394,699.0909562445797,726.6575985239746,27.56664227939484
Gm Chevrolet Tracker,Ceara,341.54,409.6738302980617,679.740923584304,658.7080339822041,709.6174041673091,50.90937018510499
Gm Chevrolet Tracker,Distrito Federal,377.89,549.9589827727646,738.8914535554554,719.0513396158218,753.0671572072548,34.015817591433006
Gm Chevrolet Tracker,Esperito Santo,124.66,557.8373175036098,852.4924515439934,809.121600954493,899.1499818436931,90.0283808892001
Gm Chevrolet Tracker,Goias,141.73,950.7655401114796,952.4187105196074,928.6626726346205,982.9574883977663,54.29481576314572
Gm Chevrolet Tracker,Minas Gerais,910.0554794522002,864.4077397056302,725.8600121624044,692.3555091165583,758.6978646504864,66.34235553392807
Gm Chevrolet Tracker,Para,116.04,537.2802481902792,926.7710597108188,897.7995655155873,947.3192500069671,49.519684491379735
Gm Chevrolet Tracker,Paraiba,127.32,746.4106189129752,729.4079173138097,708.6605762777144,745.8412237533399,37.180647475625506
Gm Chevrolet Tracker,Parana,528.6227397261001,753.0512217583765,739.1781510992236,712.4202339254566,765.1746751409328,52.75444121547616
Gm Chevrolet Tracker,Pernambuco,171.05273972610013,813.5502548677754,631.2952945308305,623.140587895361,643.260083298311,20.11949540294995
Gm Chevrolet Tracker,Rio Grande do Norte,330.26,849.3913886029189,715.3207706816419,704.0496194444887,731.6290588076349,27.579439363146207
Gm Chevrolet Tracker,Rio Grande do Sul,870.74,502.00174564163814,651.1797364561783,640.6294467447599,662.3036803311911,21.674233586431228
Gm Chevrolet Tracker,Rio de Janeiro,732.58,778.5729886155777,612.3491279960464,603.4313753722319,621.0378164677103,17.60644109547843
Gm Chevrolet Tracker,Santa Catarina,446.87,760.2770380647615,712.5039674696326,705.4416547219516,716.4085441480257,10.96688942607409
Gm Chevrolet Tracker,Sao Paulo,2129.350958903935,528.4093706089535,535.3581345669663,533.9901460570344,537.443974327564,3.453828270529584
Gm Chevrolet Vectra,Alagoas,252.6956164383702,541.3865184058923,539.9307776205403,522.0974048582328,570.6320034312932,48.53459857306041
Gm Chevrolet Vectra,Amazonas,184.4127397261001,649.8303760249345,582.6495073076131,557.3589258491169,613.1727476910144,55.81382184189749
Gm Chevrolet Vectra,Bahia,2043.4993150684052,581.1883523730194,522.3670528207114,490.15092810573367,542.7736566126847,52.622728506951034
Gm Chevrolet Vectra,Ceara,557.8482191778347,679.50382732899,492.6486751581443,474.3301275971393,509.4234855771457,35.093357980006374
Gm Chevrolet Vectra,Distrito Federal,2391.59287671227,456.6550647622594,539.7989492799331,515.3315041812035,575.9891774695841,60.65767328838058
Gm Chevrolet Vectra,Esperito Santo,1193.099178082235,666.2296099119536,619.9226624031493,561.7166396592315,648.0490424835893,86.33240282435781
Gm Chevrolet Vectra,Goias,2013.4510958905705,641.8199094269107,687.5372511104007,631.4462083248628,726.7908768879198,95.34466856305698
Gm Chevrolet Vectra,Maranhao,203.59013698616997,973.657186612462,664.9905944648259,608.0849917443376,733.2197036719745,125.13471192763689
Gm Chevrolet Vectra,Mato Grosso,570.3056164379045,466.21318874728235,706.00609831612,696.4349535373865,713.8280223338124,17.39306879642595
Gm Chevrolet Vectra,Mato Grosso do Sul,698.4610958901047,653.6885199284418,614.0731375674636,589.2571099234008,634.2285092953948,44.97139937199404
Gm Chevrolet Vectra,Minas Gerais,7115.009589041676,606.9543471383654,580.9405816644816,544.2130886162582,607.306949193086,63.09386057682775
Gm Chevrolet Vectra,Para,353.12,669.1917761667422,684.4798290120898,646.8587075933585,730.8515248718597,83.9928172785012
Gm Chevrolet Vectra,Paraiba,444.6191780822352,638.6701563905074,534.2527989026448,512.9676759544539,562.7043105207481,49.73663456629424
Gm Chevrolet Vectra,Parana,9863.804109589477,581.1640150504348,571.8613953653264,551.9444185528561,581.4712103684107,29.52679181555459
Gm Chevrolet Vectra,Pernambuco,1079.0401369866356,453.9506763556718,448.5982437576299,418.64221643663547,465.38540904295775,46.74319260632228
Gm Chevrolet Vectra,Piaui,122.7809589039348,351.9356778587205,747.8851105256308,725.2375828865448,782.7042122106569,57.46662932411209
Gm Chevrolet Vectra,Rio Grande do Norte,346.296438356135,577.5167684350425,529.3997582556393,513.2291232891414,551.7650221615581,38.53589887241674
Gm Chevrolet Vectra,Rio Grande do Sul,8689.98945205504,405.06435818142177,432.15088779475207,404.78881218606153,468.86429972575894,64.0754875396974
Gm Chevrolet Vectra,Rio de Janeiro,6479.421232876741,536.6687663947638,515.1650233450627,455.61772218301996,537.0918334849046,81.47411130188459
Gm Chevrolet Vectra,Santa Catarina,5824.817671234272,424.93621941569086,447.7581209890662,424.53958063250326,523.8763028580269,99.3367222255236
Gm Chevrolet Vectra,Sao Paulo,43662.29575342501,339.54469741406245,339.5522755115708,339.4101402560797,339.69768465219715,0.28754439611742555
Gm Chevrolet Vectra,Sergipe,304.60547945220026,747.8099225583535,568.2235355165409,523.7144006897271,607.5218528793964,83.80745218966933
Gm Chevrolet Vectra,Tocantins,152.50273972610012,551.8261517868145,766.7437835103646,715.5675734382655,814.641465880799,99.07389244253352
Gm Chevrolet Zafira,Bahia,509.1819178083353,474.6849633630948,433.76499610824294,402.579643179131,458.17961316355746,55.59996998442648
Gm Chevrolet Zafira,Ceara,210.8527397261001,117.75991164380613,417.21755331825256,385.8652285978031,456.6450431719514,70.7798145741483
Gm Chevrolet Zafira,Distrito Federal,708.8201369857043,355.61489699196255,461.1255493529833,433.7079265403681,491.79161844892167,58.08369190855359
Gm Chevrolet Zafira,Esperito Santo,260.036438356135,680.062383248789,517.9471553090889,494.5982891988726,534.9410772021589,40.34278800328633
Gm Chevrolet Zafira,Goias,375.2491780822352,421.41864456088047,589.701299510356,561.5621686618596,623.3706578600302,61.808489198170605
Gm Chevrolet Zafira,Mato Grosso do Sul,145.19,430.7803567738825,524.3749674844563,495.1227630759719,553.8545010496596,58.7317379736877
Gm Chevrolet Zafira,Minas Gerais,1682.854794521071,541.8970210436547,447.59615427466815,417.75236476044694,488.6971218370617,70.94475707661474
Gm Chevrolet Zafira,Parana,2615.551095891502,381.6755870562473,413.92960703679796,381.2344799315603,452.0288838783834,70.79440394682308
Gm Chevrolet Zafira,Pernambuco,560.9136986300349,638.6419174195909,381.26713554282617,366.29999545568717,397.5223673858169,31.222371930129725
Gm Chevrolet Zafira,Rio Grande do Norte,107.99,1002.935456986758,435.13008089098213,407.5250593470527,470.9807899052616,63.45573055820887
Gm Chevrolet Zafira,Rio Grande do Sul,2383.719315067474,363.89141729778146,391.5810296240407,379.45541609003055,415.62950606826445,36.174089978233894
Gm Chevrolet Zafira,Rio de Janeiro,4260.450136987101,428.78403484658145,388.05906843287255,364.47852488668116,429.04761461612514,64.56908972944399
Gm Chevrolet Zafira,Santa Catarina,1258.10301369844,372.96707415126815,440.8267637857121,422.9048765944798,463.6913121675956,40.786435573115796
Gm Chevrolet Zafira,Sao Paulo,20003.093972603772,306.2167286915306,313.1231892381718,306.06077457780265,321.1507524107546,15.089977832951945
Gmc Caminhoes - Todos,Sao Paulo,321.31917808270083,128.52952085346894,140.97394043403708,127.80030078542693,186.1156178249665,58.31531703953958
Hafei,Sao Paulo,342.36095890393483,397.01664709421345,397.32514282652016,395.4900177549251,399.2159018866092,3.725884131684097
Harley-davidson Motos - Todas,Distrito Federal,114.21917808223516,472.2762053248386,373.2552835404129,365.9910204051386,389.99832892806467,24.007308522926053
Harley-davidson Motos - Todas,Minas Gerais,245.46821917830036,193.71550483877692,364.9133476764716,359.64297529099525,371.76158093189485,12.118605640899602
Harley-davidson Motos - Todas,Parana,426.4282191778347,512.1893678169431,376.6269621766459,370.6544372323874,384.14566828572003,13.491231053332626
Harley-davidson Motos - Todas,Rio Grande do Sul,186.47,663.983482597737,314.55486228822366,307.1890945597801,321.4217258672686,14.232631307488532
Harley-davidson Motos - Todas,Rio de Janeiro,628.5719178083352,309.5524863382941,310.2516586990147,301.56160464341303,316.98741174178235,15.425807098369319
Harley-davidson Motos - Todas,Santa Catarina,158.85821917783468,118.4389457302014,360.1637566177236,357.06087852859736,364.8657064261366,7.804827897539269
Harley-davidson Motos - Todas,Sao Paulo,3833.346575342305,254.79668503826366,268.7319333547449,266.3270000504351,270.15539411699905,3.8283940665639307
Honda Accord,Distrito Federal,134.5127397261001,4.111134760365742,453.6996748993039,319.7824511913236,639.4138129778969,319.6313617865733
Honda Accord,Minas Gerais,212.76,488.9123895469073,444.80474847521685,307.9131270651128,641.8820045171589,333.96887745204606
Honda Accord,Parana,165.1427397261001,155.82277515002986,453.5442377909462,310.1225489725859,658.5373928472932,348.4148438747073
Honda Accord,Rio Grande do Sul,171.52,483.97271455223876,385.7788144064149,270.7633009938549,566.7935541442941,296.03025315043925
Honda Accord,Rio de Janeiro,428.94917808223516,243.2292806025566,374.1189661594632,253.31341042064952,548.2166395396832,294.9032291190337
Honda Accord,Sao Paulo,2088.3382191783003,633.0612483451968,545.7656085635728,468.94576694359137,633.4191349702245,164.47336802663312
Honda Civic,Acre,120.28,2040.7050216162288,1528.1602492864956,1389.3537569324299,2057.9994407253034,668.6456837928736
Honda Civic,Alagoas,719.8136986305005,593.2201635123292,787.7281624448901,766.5670016157902,817.1050199031945,50.53801828740427
Honda Civic,Amazonas,795.3628767113388,1161.96899184096,933.5383245247045,838.62496679576,1162.7482358354882,324.12326903972826
Honda Civic,Bahia,3485.43287671227,819.4439832948699,795.0444976255794,763.6478596949736,820.0103422561708,56.362482561197226
Honda Civic,Ceara,2066.223835615739,761.2394034411452,735.3410405761776,718.4652832544465,760.3604237998271,41.89514054538063
Honda Civic,Distrito Federal,5216.1664383566,559.8454409978624,559.9522941969053,559.3987382149493,560.5039284736295,1.1051902586801816
Honda Civic,Esperito Santo,2126.3427397261003,896.3860643865531,925.3723469656678,900.2348393859135,948.0162790860103,47.781439700096826
Honda Civic,Goias,3005.4401369866355,1023.0015770943542,1042.516254097533,1026.3655766136928,1071.961282494152,45.59570588045926
Honda Civic,Maranhao,548.3209589039349,664.8259456080114,907.6656615960298,664.3153857304907,1078.0412744308453,413.72588870035463
Honda Civic,Mato Grosso,983.1291780822352,951.3063195056237,1073.2034734546787,1045.941711333475,1106.276598706184,60.33488737270886
Honda Civic,Mato Grosso do Sul,1547.1828767127358,767.7301874770822,856.255197754467,767.1478819495607,932.5462475346834,165.39836558512275
Honda Civic,Minas Gerais,10976.166712328475,776.0928039141351,770.1404910633893,751.6229593311125,794.7517807169304,43.1288213858179
Honda Civic,Para,1424.743698630035,874.5615096933706,1001.2137097504287,977.2286152444789,1028.6644081233078,51.43579287882892
Honda Civic,Paraiba,936.8054794522002,845.2992829024173,810.6643419534566,771.0863215762769,853.2114065489653,82.12508497268846
Honda Civic,Parana,7507.396575342305,866.6893955449966,843.387200611736,807.1519630228792,867.138782596964,59.98681957408485
Honda Civic,Pernambuco,2990.9156164379046,632.8546982727279,659.1017314324868,642.5126796471748,672.5256328660925,30.012953218917687
Honda Civic,Piaui,483.43,1354.9097077136296,1150.9579333993508,1100.2884844201083,1206.638578701984,106.35009428187573
Honda Civic,Rio Grande do Norte,914.1664383566007,748.113222390278,768.1859814563181,750.1701174086163,811.9378808228066,61.76776341419031
Honda Civic,Rio Grande do Sul,7516.21753424624,633.111000089916,656.4904233274881,632.746132296506,700.7460124797589,67.99988018325291
Honda Civic,Rio de Janeiro,13152.896575342305,674.6762547069641,672.0247830056715,658.6159271101035,683.97081034257,25.354883232466477
Honda Civic,Santa Catarina,5178.393013699371,797.9135591039702,764.1538716182067,746.0920516687038,788.1923116744309,42.10026000572714
Honda Civic,Sao Paulo,55554.18136986384,530.3182816043034,530.3189240914099,530.158660131378,530.4725064949248,0.31384636354675877
Honda Civic,Sergipe,692.07,1398.2718511133266,1102.1073409567684,859.0647657839291,1399.7123443481764,540.6475785642473
Honda Civic,Tocantins,235.88821917783469,1100.9706245830328,1129.053694602523,1112.9242694780437,1148.7454194617019,35.82114998365819
Honda Cr-v,Bahia,504.10547945220026,971.417728948597,795.5757857018232,772.0320526312181,811.8079717209633,39.77591908974523
Honda Cr-v,Ceara,165.48643835566938,492.70502652767175,766.4380290973515,752.1467494745522,785.8996943764992,33.75294490194699
Honda Cr-v,Distrito Federal,374.25,548.62792251169,837.0505190663398,793.7965812226902,871.9871606355952,78.19057941290498
Honda Cr-v,Esperito Santo,184.43,1162.207883749932,953.6139284705949,927.9982609907936,974.0018569448487,46.00359595405507
Honda Cr-v,Goias,244.79821917783468,1070.0568038434412,1080.0460866575884,1056.6072965575931,1098.783269308286,42.175972750692836
Honda Cr-v,Mato Grosso,128.24547945220024,101.09518133021075,1113.5131239712887,1073.6482515230898,1176.1971998698668,102.54894834677702
Honda Cr-v,Mato Grosso do Sul,191.81547945220024,1221.7157899313215,967.0738997978507,955.8707267357597,987.3708295489591,31.50010281319942
Honda Cr-v,Minas Gerais,1043.3709589044004,998.8317109135562,870.2401353879177,819.3327558292566,999.4129622405654,180.08020641130884
Honda Cr-v,Para,146.68273972610012,2086.3463593020556,1034.7051206022368,985.1572132443623,1090.6125530602408,105.45533981587846
Honda Cr-v,Parana,712.5391780817695,729.9865270570559,826.8415141117821,803.3114863057077,868.4826077034493,65.17112139774156
Honda Cr-v,Pernambuco,303.5254794522002,253.25715698970055,689.0588181954563,677.0128860278865,711.7500624999936,34.737176472107194
Honda Cr-v,Rio Grande do Sul,752.5246575339697,573.4988158584271,709.3445178677295,688.6185756196323,723.574750631364,34.956175011731716
Honda Cr-v,Rio de Janeiro,1381.629178082235,653.6761197049972,685.0232527125746,659.9784429069662,703.4866391955351,43.50819628856891
Honda Cr-v,Santa Catarina,548.256438356135,1026.2752256718734,789.7963060446449,746.5450094984321,826.5510152595614,80.00600576112925
Honda Cr-v,Sao Paulo,5713.86013698617,596.3306623387599,588.834170508,585.6520299116332,593.9018977481235,8.249867836490239
Honda Fit,Acre,156.2182191778347,1707.1120219109414,979.0149707802776,865.36012609162,1046.306981049389,180.9468549577689
Honda Fit,Alagoas,561.4983561644704,541.8893869581966,566.5305476679207,552.9629873882925,584.4686441077695,31.505656719476974
Honda Fit,Amazonas,641.17013698617,603.4997228954636,599.1975207678972,588.4000045168281,622.0667927825177,33.66678826568966
Honda Fit,Bahia,2978.1165753418395,460.4131387444471,508.1868681501421,460.0771718840897,537.5707539575183,77.49358207342857
Honda Fit,Ceara,1556.2028767122702,351.89242237935406,456.1777595068111,351.6408042140157,521.9802997589566,170.33949554494086
Honda Fit,Distrito Federal,4198.376575341839,466.7406472084867,520.4382094579846,466.4860929827987,552.4111995291591,85.92510654636044
Honda Fit,Esperito Santo,1756.0119178083353,629.7064323914757,643.8845238122703,628.8765534463982,653.7274216580935,24.85086821169523
Honda Fit,Goias,1746.6601369866357,782.9582704963649,710.9437653780616,694.8624228244753,730.8036028703441,35.941180045868805
Honda Fit,Maranhao,412.45821917830034,406.66422003701575,699.3940810713401,666.1205837119477,719.183424745907,53.06284103395933
Honda Fit,Mato Grosso,532.9246575339697,1110.1269037495967,733.6940419812406,702.6366709928485,771.2191531230062,68.5824821301577
Honda Fit,Mato Grosso do Sul,942.1854794522002,784.2298741746699,683.2686037727419,638.8305521172514,784.8687459410837,146.03819382383233
Honda Fit,Minas Gerais,7380.923150683679,566.4001527522698,552.7644697829206,541.5380700834589,573.4303424327298,31.89227234927091
Honda Fit,Para,1351.3001369857043,462.0594514204548,621.6526665696408,461.7967608101332,726.6119603199159,264.81519950978264
Honda Fit,Paraiba,688.8319178078697,561.0860792135966,549.7216025621863,521.284025970756,575.261426861013,53.977400890256945
Honda Fit,Parana,4813.366575342305,542.1941086659091,555.5849192853259,546.6917307466532,562.2682250836137,15.576494336960536
Honda Fit,Pernambuco,2586.4964383556694,457.26681949421044,464.95437608303547,454.8981326924127,476.6735926901951,21.775459997782434
Honda Fit,Piaui,374.05547945220025,552.7335150999186,775.797045020314,718.5330474314552,801.7135201637634,83.1804727323082
Honda Fit,Rio Grande do Norte,885.1073972605355,560.9895494454242,537.0731650662551,510.93579031611745,578.2882791378274,67.35248882170998
Honda Fit,Rio Grande do Sul,5385.511917807869,529.0262176524334,488.3727996517895,468.9350034192428,529.2751045390048,60.34010111976204
Honda Fit,Rio de Janeiro,13266.444657534901,451.85994852021486,458.83375206077244,437.33859442331453,471.5793470118241,34.240752588509565
Honda Fit,Santa Catarina,3728.9357534240744,672.8817995043231,598.5399089393011,530.3418688215734,673.4040069821133,143.06213816053992
Honda Fit,Sao Paulo,62021.15794520289,413.30760097462326,412.49819663097804,407.8463948868097,415.87932767441214,8.03293278760242
Honda Fit,Sergipe,426.3246575344354,598.4289097315298,582.7991066436662,547.4749019555118,616.8117295409326,69.33682758542079
Honda Motos Acima De 450cc,Distrito Federal,155.74,245.34480544497237,678.0864811962889,662.9126271483833,699.4913257868408,36.57869863845747
Honda Motos Acima De 450cc,Goias,107.32821917783468,238.87473580009546,870.9812069224542,826.1712254573159,916.6188578683425,90.44763241102658
Honda Motos Acima De 450cc,Minas Gerais,429.4509589039348,789.8294158329616,662.366408710487,635.1220330332399,688.1727750706824,53.05074203744255
Honda Motos Acima De 450cc,Parana,330.64,1038.416404548754,758.5031925124413,665.8750109852945,1038.9684231410483,373.09341215575387
Honda Motos Acima De 450cc,Rio Grande do Sul,220.78,169.98822357097563,567.8516544409475,549.3023127339701,596.1823384554358,46.8800257214657
Honda Motos Acima De 450cc,Rio de Janeiro,460.2054794522002,823.3452597110064,554.2224612594985,528.0817689202148,577.3965098565618,49.31474093634699
Honda Motos Acima De 450cc,Santa Catarina,238.55369863003492,777.0787083351493,648.3948971492034,608.7798341182659,687.893035245324,79.11320112705812
Honda Motos Acima De 450cc,Sao Paulo,3858.7119178083353,472.003103313935,491.06489863400236,474.73355952477476,502.92778860842924,28.194229083654477
Honda Motos Ate 450cc,Acre,149.8,1.3551401869158877,66.23437873415759,61.80145007066827,68.47378433523912,6.67233426457085
Honda Motos Ate 450cc,Alagoas,560.9273972600698,19.576508570696078,37.49136899642374,36.58468996922081,37.928177312322575,1.3434873431017635
Honda Motos Ate 450cc,Amazonas,406.3509589039348,26.3466832436613,40.063592409320236,38.05333462427813,42.58529706059663,4.531962436318501
Honda Motos Ate 450cc,Bahia,2205.36,24.509377153843364,35.65205628792353,34.83306950612548,36.79677251030072,1.9637030041752368
Honda Motos Ate 450cc,Ceara,1595.9554794522003,27.312791967706982,34.047878207487685,32.91952904571569,35.119244793067736,2.1997157473520446
Honda Motos Ate 450cc,Distrito Federal,369.93,71.82439921066147,38.00052391582788,36.35391148135753,39.443099686846736,3.089188205489208
Honda Motos Ate 450cc,Esperito Santo,682.02,50.22286736459341,42.84036847103086,40.95914719099582,43.840261685710644,2.881114494714822
Honda Motos Ate 450cc,Goias,1927.3382191783003,26.681357474415705,48.769845329911774,46.733890985585205,50.19379925117832,3.459908265593114
Honda Motos Ate 450cc,Maranhao,382.1554794522002,46.29791001652517,46.83465507892397,45.02403323072659,48.285168120254156,3.2611348895275682
Honda Motos Ate 450cc,Mato Grosso,1213.8291780817694,39.30042287777863,49.56022157269115,48.70000587008357,50.33740664862429,1.6374007785407159
Honda Motos Ate 450cc,Mato Grosso do Sul,498.66095890440045,8.356379069970195,42.86261820527264,41.61044339079535,43.66715630992181,2.056712919126454
Honda Motos Ate 450cc,Minas Gerais,3778.2438356166704,38.11585653695511,37.55146963537538,37.03217369224951,38.43165119183032,1.3994774995808115
Honda Motos Ate 450cc,Para,2113.34,46.54859132936489,47.02747262616041,45.30460725399544,49.434632041251255,4.130024787255813
Honda Motos Ate 450cc,Paraiba,792.2082191778346,21.08031650735902,37.119399445644724,35.052048585626316,38.899057768994815,3.847009183368499
Honda Motos Ate 450cc,Parana,1612.9246575344355,42.56739437845327,36.91776555605611,36.07974977718036,37.88802421048447,1.8082744333041063
Honda Motos Ate 450cc,Pernambuco,2238.979178082701,20.718817063642444,31.946097746629167,30.321582761453772,33.3516785629825,3.030095801528727
Honda Motos Ate 450cc,Piaui,179.54369863003492,28.377492715568266,53.28325125619275,53.10073680696267,53.516974386283955,0.41623757932128314
Honda Motos Ate 450cc,Rio Grande do Norte,1019.0736986300349,47.70116240400368,36.21348022214085,35.56912999735998,36.941303900295644,1.372173902935664
Honda Motos Ate 450cc,Rio Grande do Sul,1528.6673972605356,73.83097212791829,32.386498596214615,30.72947060092621,33.90465419605975,3.175183595133543
Honda Motos Ate 450cc,Rio de Janeiro,1078.6819178083354,27.744972364798397,30.986067540212314,30.202562207522526,31.553371375339953,1.3508091678174274
Honda Motos Ate 450cc,Santa Catarina,1508.411917808801,25.523532097205344,35.96437026121492,35.171114263929816,36.95642060438253,1.7853063404527134
Honda Motos Ate 450cc,Sao Paulo,8080.107534247171,38.95096676201889,26.825880842361485,26.122775666570142,27.86440275391588,1.7416270873457371
Honda Motos Ate 450cc,Sergipe,297.91547945220026,30.444876569279636,39.4566232048956,37.06408921496113,41.3253535895404,4.2612643745792695
Honda Motos Ate 450cc,Tocantins,142.16,30.683736634777716,53.29245701859094,50.91313313961512,55.47601845206071,4.562885312445587
Hyundai Accent,Parana,100.1,2979.7002997003,1487.0263150434955,1420.2355575275787,1540.937208173303,120.70165064572416
Hyundai Accent,Rio Grande do Sul,109.8,1814.3533697632058,1276.6907891587464,1234.0266092833579,1367.2212752417608,133.194665958403
Hyundai Accent,Sao Paulo,258.2736986305006,273.5431457969479,1080.4721903735315,1063.0067676088136,1098.0354711369926,35.028703528178994
Hyundai Atos Prime,Sao Paulo,329.51,145.2307972443932,168.704821649897,144.53784619741796,262.18340622748315,117.64556003006518
Hyundai Azera,Bahia,124.51,198.44992370090756,911.726373396147,810.4662059888184,956.8824668081303,146.4162608193119
Hyundai Azera,Ceara,124.42999999999999,566.8407940207346,861.527301200247,799.8160919730435,894.9354393831252,95.11934741008167
Hyundai Azera,Distrito Federal,375.82,949.0420946197648,955.3398977088863,899.8892828464828,995.0550209899251,95.16573814344224
Hyundai Azera,Esperito Santo,113.3,1241.279788172992,1087.088708507609,1046.975643273906,1111.1729645427697,64.19732126886379
Hyundai Azera,Goias,248.97547945220023,1668.3409985349433,1228.1397494580385,1164.992990247305,1270.2452351896745,105.25224494236954
Hyundai Azera,Mato Grosso do Sul,107.59273972610012,1247.6399461685653,1120.3591658746352,1043.7235272870937,1170.8333517523643,127.10982446527055
Hyundai Azera,Minas Gerais,394.2409589044005,939.671517209941,922.6928170327359,864.8954028075113,964.5087693016047,99.61336649409338
Hyundai Azera,Parana,385.8682191778347,1047.4197664196138,960.0324048300428,885.9621595964278,1027.6231373126845,141.66097771625675
Hyundai Azera,Pernambuco,176.10999999999999,276.62256544205326,797.7861619437847,737.2675982599826,829.4942258065578,92.22662754657517
Hyundai Azera,Rio Grande do Sul,356.85095890393484,525.0847596865849,802.2054713251963,739.3786955822483,851.7230692730058,112.3443736907575
Hyundai Azera,Rio de Janeiro,539.12,485.03487164267693,770.4900285500006,707.3623956166082,808.1628976888212,100.80050207221302
Hyundai Azera,Santa Catarina,259.50547945220023,1231.0029085872989,902.6381045291624,815.4345503121506,954.1273292598115,138.69277894766094
Hyundai Azera,Sao Paulo,3304.3582191783003,780.4586636618661,716.242183183179,688.238790087159,780.8519084582753,92.61311837111623
Hyundai H1,Sao Paulo,119.97643835613505,19.795553464840403,23.596361254152367,19.4275779343242,46.233281380013466,26.805703445689264
Hyundai H100,Sao Paulo,422.66095890440045,137.68482461887996,139.27505753195808,137.22433176752494,141.21246747197077,3.988135704445824
Hyundai Hr,Bahia,175.67,620.8572892354985,765.4279158312418,676.982995792355,826.3473895229009,149.36439373054588
Hyundai Hr,Ceara,441.53000000000003,515.5912395533712,732.161604331935,662.1775320690332,794.8561135653341,132.67858149630092
Hyundai Hr,Distrito Federal,153.73,322.8972874520263,793.5969230250203,718.8228645429541,838.9516139836554,120.12874944070131
Hyundai Hr,Esperito Santo,212.59547945220024,1373.2041751416396,924.5351167074724,841.3550117459484,981.1372740793415,139.78226233339308
Hyundai Hr,Goias,392.7,345.57932263814615,596.0069561797426,346.34353712037034,1106.4828495337592,760.1393124133889
Hyundai Hr,Maranhao,117.88,187.51272480488635,1001.8105004540735,881.9188556886597,1053.5600700450034,171.64121435634365
Hyundai Hr,Minas Gerais,962.88,818.0333998005982,789.736697208422,712.0308113235582,841.9073579988074,129.8765466752492
Hyundai Hr,Para,127.57000000000001,1310.888139844791,982.8026908425601,848.2780379036781,1059.4889963530416,211.2109584493635
Hyundai Hr,Parana,711.76,954.0744071035181,809.1652994596492,754.134797267334,869.1663151694198,115.03151790208585
Hyundai Hr,Pernambuco,298.32,536.7189595065702,662.3835777574691,585.1314901319736,715.3748479397109,130.2433578077373
Hyundai Hr,Rio Grande do Sul,787.92,451.1765153822723,608.1583276164373,450.9371814664068,737.9534545304118,287.016273064005
Hyundai Hr,Rio de Janeiro,589.24,899.7895594324893,661.0329315019425,581.2638158770732,708.9415564894941,127.67774061242096
Hyundai Hr,Santa Catarina,418.95,928.2205513784461,821.6806819835828,778.5315689395221,929.1289999564863,150.59743101696415
Hyundai Hr,Sao Paulo,5765.553698630035,711.4588146104118,684.5431794641999,609.6374480416315,711.953931545433,102.31648350380146
Hyundai Santa Fe,Bahia,120.36,183.4330342306414,708.1384096790554,591.326876842604,765.8723249986967,174.5454481560928
Hyundai Santa Fe,Ceara,152.22,1033.0377085796872,664.8455835886881,571.1913894336254,715.5329955994335,144.34160616580812
Hyundai Santa Fe,Distrito Federal,211.24,995.8625260367354,721.6982304991185,621.1439505144214,796.2824461735613,175.13849565913995
Hyundai Santa Fe,Goias,226.16,344.90183940573047,940.5305494146479,826.505051903394,1010.9764293493769,184.47137744598285
Hyundai Santa Fe,Mato Grosso,109.93,431.2744473756026,944.7804308407674,820.3204165810743,1039.3369090490096,219.01649246793534
Hyundai Santa Fe,Minas Gerais,413.43547945220024,887.0767464996967,712.4738188092055,621.0683187906292,767.8404123463265,146.77209355569732
Hyundai Santa Fe,Parana,435.39,874.8960701899447,713.3523451644703,622.3672059609347,771.1990731770371,148.8318672161024
Hyundai Santa Fe,Pernambuco,233.16,364.54366100531826,595.0899299009247,501.1631681838095,653.623228211153,152.4600600273435
Hyundai Santa Fe,Rio Grande do Sul,424.8954794522002,307.25674033603553,517.4395790079494,307.20267156265317,679.3882225407516,372.18555097809843
Hyundai Santa Fe,Rio de Janeiro,513.9527397261002,849.1422776198838,683.1506819863652,595.2671571079823,849.6484880008734,254.38133089289113
Hyundai Santa Fe,Santa Catarina,315.36095890393483,482.75791819359677,701.0674488339719,620.4155419670069,738.9345797743531,118.5190378073462
Hyundai Santa Fe,Sao Paulo,3428.6082191778346,635.691178656348,592.3246079029786,550.2155518972874,636.1968021502262,85.98125025293882
Hyundai Terracan,Sao Paulo,138.94,1139.4198934791996,1139.9769187326028,1135.0821086213195,1144.9372364793157,9.855127857996195
Hyundai Tucson,Alagoas,274.4627397261001,462.64932036574294,633.9187192675817,621.8980041922933,644.0020253224009,22.104021130107526
Hyundai Tucson,Amazonas,251.37,716.8715439392131,664.8195163635988,637.0859768963008,722.1270746451546,85.04109774885376
Hyundai Tucson,Bahia,1290.22,584.375532854862,583.3270735196685,555.4857037211231,610.5535942917095,55.06789057058643
Hyundai Tucson,Ceara,833.7654794522002,689.5008418646793,571.5985028273516,562.1525648878651,581.265758653659,19.11319376579388
Hyundai Tucson,Distrito Federal,1651.1154794522001,697.7028647216133,623.3249699881484,584.1574754804024,663.3777333823846,79.22025790198222
Hyundai Tucson,Esperito Santo,666.1436986305006,795.5790936543348,711.6856097183284,693.1457221740998,739.2494359167736,46.10371374267379
Hyundai Tucson,Goias,1366.07,789.2992306397183,792.42457407937,755.6030871689295,830.1509455395849,74.54785837065538
Hyundai Tucson,Maranhao,381.4054794522002,401.68536702735145,769.7155600525085,760.8201075420286,789.5406349186828,28.720527376654218
Hyundai Tucson,Mato Grosso,268.8,1098.578869047619,824.8540057989476,797.8856107536766,865.6243585298339,67.73874777615731
Hyundai Tucson,Mato Grosso do Sul,385.96000000000004,829.5730127474349,718.5378727609142,703.8096195209763,736.3423343895638,32.532714868587504
Hyundai Tucson,Minas Gerais,2739.9554794522,524.1716556238138,612.8593904564902,602.2740555234187,627.9004785942633,25.626423070844567
Hyundai Tucson,Para,308.59999999999997,705.401814646792,778.8985889141746,748.7800149594116,809.9755973993189,61.1955824399073
Hyundai Tucson,Paraiba,423.9482191778347,528.6447491975161,614.7365008284681,592.5786732875456,649.1097598610341,56.53108657348855
Hyundai Tucson,Parana,1579.8582191778346,425.58186034560663,562.5716080823013,425.3233248197055,622.1092871115582,196.78596229185268
Hyundai Tucson,Pernambuco,1595.54,656.8365569023654,520.5909988735835,499.11495993352537,549.2531687176358,50.138208784110475
Hyundai Tucson,Piaui,180.07999999999998,852.0657485561974,880.5064503662751,867.1267703788631,897.1625822030616,30.035811824198504
Hyundai Tucson,Rio Grande do Norte,293.6082191783004,915.478458853258,613.2170804550115,570.5270302074778,749.9513258748439,179.4242956673661
Hyundai Tucson,Rio Grande do Sul,2554.58,372.3477049064817,445.939494686688,371.94899173716215,546.1989833511468,174.24999161398466
Hyundai Tucson,Rio de Janeiro,4241.6254794522,636.971135968594,579.740469100967,515.6949486762675,637.4734038726871,121.7784551964196
Hyundai Tucson,Santa Catarina,1557.8582191783003,838.0929560384903,768.2313967356879,591.7726549180915,839.067244600174,247.29458968208257
Hyundai Tucson,Sao Paulo,15200.951095890105,421.6471692835671,434.91120852766943,421.5252281778576,449.4615414803247,27.936313302467056
Hyundai Tucson,Sergipe,216.78,1481.6495986714642,646.8275045232037,593.3804569534155,703.0751135271827,109.69465657376713
Hyundai Tucson,Tocantins,139.32,113.44387022681597,537.6424338740787,117.61196644217729,902.5791490477136,784.9671826055363
Hyundai Veracruz,Distrito Federal,130.78,1289.4173421012388,993.5240125105458,884.028150806194,1234.1106283827667,350.0824775765726
Hyundai Veracruz,Goias,121.47,1552.5561867127685,1259.06293144372,1133.9391935248664,1501.804557763968,367.8653642391016
Hyundai Veracruz,Minas Gerais,255.0082191778347,951.6203076998428,971.9908067768156,854.7487753535128,1204.055119996721,349.30634464320826
Hyundai Veracruz,Parana,241.26,704.8992787863716,1005.8809730921123,885.7049686682047,1263.1049959582592,377.4000272900545
Hyundai Veracruz,Rio Grande do Sul,256.79,1248.5610810389812,852.00471766188,777.3324876482042,1003.7003037154433,226.36781606723912
Hyundai Veracruz,Rio de Janeiro,289.07821917830034,1608.5092862468557,960.845938236713,723.1849356489338,1609.5726812847868,886.387745635853
Hyundai Veracruz,Santa Catarina,172.88,773.4035168903285,939.2996296892277,842.5633737281937,1122.17805314806,279.6146794198662
Hyundai Veracruz,Sao Paulo,1867.3636986300348,397.0940425499355,508.5674059013773,394.21236097902664,632.1466098038152,237.93424882478854
Iveco Daily Chassi,Bahia,107.19,1108.5828901949808,1096.6120359152753,1064.578364736194,1122.1119135757547,57.53354883956058
Iveco Daily Chassi,Esperito Santo,105.11273972610012,941.608032079711,1334.9073766621102,1301.0021888128003,1357.192243698091,56.19005488529069
Iveco Daily Chassi,Minas Gerais,362.5782191778347,844.0882099701963,1103.943421875055,1069.4214241903032,1131.8446840376787,62.42325984737545
Iveco Daily Chassi,Parana,329.5254794522002,1547.9592074275158,1170.1290341512408,1149.4864205299423,1217.9968978519196,68.5104773219773
Iveco Daily Chassi,Rio Grande do Sul,299.63547945220023,1667.606255819619,1132.325184430096,987.1179055544841,1668.263557063031,681.1456515085468
Iveco Daily Chassi,Rio de Janeiro,244.44547945220023,1251.2565202082608,950.5187314362224,923.4063127036871,980.1916489316861,56.78533622799898
Iveco Daily Chassi,Santa Catarina,444.2027397261001,769.2275833568505,1029.5587721218722,765.6324767019056,1142.702520297697,377.0700435957914
Iveco Daily Chassi,Sao Paulo,1860.52287671227,770.0856667410796,820.2574417165976,811.1852640856076,828.819066822761,17.63380273715336
Iveco Daily Furgao,Sao Paulo,143.2,458.22625698324026,459.14562316686636,455.21660986824946,463.0421232060591,7.825513337809639
Iveco Daily Outros,Sao Paulo,172.53,1267.5766533356518,1268.082117965298,1263.6153575210285,1272.7394102009052,9.12405267987674
Iveco Eurocargo,Minas Gerais,139.65547945220024,366.0722815927761,1195.5170107263293,374.0766188735896,1975.3339329918942,1601.2573141183047
Iveco Eurocargo,Sao Paulo,155.43,2835.128353599691,1792.1102123948683,1389.8111344807717,2829.996632150677,1440.1854976699055
Iveco Eurotech,Sao Paulo,103.5,2715.3236714975847,2716.162321849222,2708.158295410892,2724.3767532185807,16.218457807688537
Iveco Stralis,Mato Grosso,123.28999999999999,491.56460377970643,1188.0859995458125,494.2308463155298,3978.141242922986,3483.9103966074563
Iveco Stralis,Minas Gerais,127.43547945220024,1700.9077921765343,1927.8902959398104,1538.7826129611121,3069.700621130199,1530.918008169087
Iveco Stralis,Parana,307.38,2100.93695100527,2142.8045432004374,1561.3513783486426,3058.434335529656,1497.0829571810134
Iveco Stralis,Santa Catarina,150.84273972610012,13053.5616336283,13036.080785002616,12999.847300098536,13059.31298688636,59.46568678782387
Iveco Stralis,Sao Paulo,512.8854794522002,3939.668953307373,3405.959363909555,2202.1348455339207,3942.5379581285497,1740.403112594629
Jaguar - Todos,Sao Paulo,186.8527397261001,965.5839152504444,952.1801825815865,911.0840580718148,969.6341148011669,58.55005672935215
Jeep Cherokee,Minas Gerais,103.96,1925.8849557522126,940.7898921578059,913.6812121945608,966.8707799577496,53.18956776318885
Jeep Cherokee,Parana,178.14465753350407,1309.8175563087868,963.0998456442696,925.2565570959898,998.8654830950336,73.60892599904378
Jeep Cherokee,Rio Grande do Sul,209.84643835660071,319.609903914723,803.2574769088459,760.4202567589705,835.8011930039039,75.38093624493342
Jeep Cherokee,Rio de Janeiro,243.73,1327.144791367497,776.0905838408169,746.9225141011889,797.151369673818,50.22885557262907
Jeep Cherokee,Santa Catarina,130.42,790.2162245054441,917.4654999382782,897.359012585981,930.9771894373648,33.61817685138385
Jeep Cherokee,Sao Paulo,1089.0056164379046,527.0349310753315,692.4679211385975,681.3424441059014,704.1133055527964,22.77086144689497
Jeep Wrangler,Sao Paulo,109.21,764.655251350609,763.3860480809969,754.9309719253432,770.121735016653,15.190763091309805
Kasinski Motos Ate 450cc,Sao Paulo,378.8191780817695,106.61815012776857,106.88128872861432,105.8670826527441,107.91470693360857,2.0476242808644685
Kawasaki Motos Acima De 450cc,Sao Paulo,336.0964383566007,1344.3165366739645,1344.660620122672,1341.3221270107085,1348.1191557663699,6.7970287556613584
Kia Motors Besta,Parana,156.20821917830034,291.1882629433284,250.41788271559886,247.36573453657832,255.09932172691285,7.733587190334532
Kia Motors Besta,Rio Grande do Sul,112.66465753396973,0.0,215.24370431240297,204.85358747919457,230.48684649550935,25.63325901631478
Kia Motors Besta,Santa Catarina,117.53821917830035,166.779794155832,242.2418878428357,229.78644112963883,257.4852591559339,27.698818026295044
Kia Motors Besta,Sao Paulo,867.5636986300349,210.48483274295234,179.69106652104466,176.3145631802181,182.68781727127165,6.373254091053553
Kia Motors Bongo,Bahia,177.32547945220023,879.2757841775873,771.1005997663062,760.5205889347211,790.4214927257045,29.90090379098342
Kia Motors Bongo,Minas Gerais,176.11821917783467,826.5697931740227,807.1015433662577,795.8946769248194,817.4920315662506,21.597354641431252
Kia Motors Bongo,Parana,260.96,811.258430410791,825.001553707565,788.8668214059701,865.8028439532942,76.93602254732411
Kia Motors Bongo,Rio Grande do Sul,337.9482191778347,631.1765764557999,696.6158433196703,673.777709571908,707.6557450819882,33.87803551008028
Kia Motors Bongo,Rio de Janeiro,713.8427397261001,873.5663547397984,673.4554696618317,638.1790999392462,705.1487342907516,66.96963435150542
Kia Motors Bongo,Santa Catarina,322.8536986300349,424.10850667349905,795.5203273164533,769.3889461260595,818.8562990338331,49.4673529077736
Kia Motors Bongo,Sao Paulo,1849.8636986300348,589.8104821495874,600.1812232264089,586.0822531912879,616.906961081292,30.824707890004106
Kia Motors Carens,Rio de Janeiro,175.73,531.3890627667445,499.4883218155217,493.68948649546314,507.0448073895135,13.355320894050351
Kia Motors Carens,Sao Paulo,296.27,419.04681540486723,438.3071870759811,433.184870538297,442.5753581378105,9.390487599513506
Kia Motors Carnival,Sao Paulo,293.4491780817695,245.22133771302768,245.4849600403326,243.9396660660274,247.17422826747406,3.234562201446664
Kia Motors Cerato,Alagoas,111.54,386.07674376905146,970.3463663340715,817.3106555751431,1057.0749717055621,239.76431613041905
Kia Motors Cerato,Bahia,379.80547945220025,724.5524745901762,914.5395833351749,772.2324981124652,997.2921363370583,225.05963822459307
Kia Motors Cerato,Ceara,105.04,1574.6191926884994,880.6074857089819,767.974581633407,955.6727550753174,187.6981734419104
Kia Motors Cerato,Distrito Federal,309.86,1399.9935454721488,1077.684288798151,979.461990043032,1400.794905126153,421.33291508312107
Kia Motors Cerato,Esperito Santo,157.45,759.3585265163545,1089.2124891184305,989.902322426686,1144.5113240994249,154.60900167273883
Kia Motors Cerato,Goias,185.64,636.5977160094808,1223.341221616265,1027.9115021146222,1336.3284036801356,308.4169015655134
Kia Motors Cerato,Maranhao,117.33,1645.8876672632746,1176.3726898111418,978.5688833666089,1324.361220750776,345.7923373841671
Kia Motors Cerato,Minas Gerais,278.79,1142.2217439649914,943.8496879782879,844.9774271245602,994.2589717336535,149.28154460909332
Kia Motors Cerato,Parana,343.29,451.300649596551,958.7857191366924,823.6171123818377,1013.1541460654644,189.53703368362665
Kia Motors Cerato,Pernambuco,143.83,474.4072863797538,803.6547359190693,670.3410729941714,880.3842311656102,210.0431581714388
Kia Motors Cerato,Rio Grande do Norte,139.97,1547.2386940058584,910.116164475851,812.5367135296171,953.1260135538522,140.58930002423506
Kia Motors Cerato,Rio Grande do Sul,624.94,628.0762953243511,810.4622401073866,707.5151984265813,864.3831605554398,156.8679621288585
Kia Motors Cerato,Rio de Janeiro,1175.8627397261,1075.6884772916871,868.3900417581423,791.359198933079,1076.313379552521,284.9541806194419
Kia Motors Cerato,Santa Catarina,438.76643835613504,1203.1913880603179,988.4113396844424,912.0323660701056,1203.9780181696044,291.94565209949883
Kia Motors Cerato,Sao Paulo,933.52,681.1562687462508,690.8800320726326,615.1877427858857,731.5586099773003,116.37086719141462
Kia Motors Cerato,Tocantins,111.23,957.547424256046,1331.9028476120245,1163.1359861516828,1458.4367494063774,295.30076325469463
Kia Motors Magnetis,Rio Grande do Sul,101.59,1053.341864356728,808.7820347845483,782.7366688026657,823.7861751859365,41.049506383270796
Kia Motors Magnetis,Rio de Janeiro,173.12,450.0635397412199,773.6137283172447,761.189802630129,797.8695987902126,36.6797961600837
Kia Motors Magnetis,Sao Paulo,256.62,818.6774218689112,685.1051384811516,655.7257481583697,713.8379225345905,58.112174376220764
Kia Motors Picanto,Bahia,292.89,539.7896821332241,640.529969889097,602.4152753740095,683.4409518697938,81.0256764957843
Kia Motors Picanto,Distrito Federal,381.6527397261001,528.3965736620357,681.1012828286629,632.8059266761662,734.2641082116693,101.45818153550306
Kia Motors Picanto,Esperito Santo,182.8,624.2505470459519,779.9500248304522,746.5826896917979,822.1284653299546,75.54577563815667
Kia Motors Picanto,Goias,111.92273972610012,232.8927978692204,884.2522749384261,816.6194766002419,934.3692315426964,117.7497549424545
Kia Motors Picanto,Minas Gerais,259.4,745.9984579799539,677.6920783302866,634.6601564618331,707.635472672021,72.97531621018788
Kia Motors Picanto,Parana,286.68,370.17929398632623,685.5959101225789,623.0164645802454,734.8959476332246,111.87948305297925
Kia Motors Picanto,Pernambuco,137.2,465.7507288629738,565.0871581541802,530.9673363177037,589.9911089116928,59.023772593989065
Kia Motors Picanto,Rio Grande do Sul,646.7354794522003,817.6001113281757,578.5112224206518,551.9223636368329,617.6291765896234,65.70681295279053
Kia Motors Picanto,Rio de Janeiro,1087.06,760.5789928798779,668.2899908394974,578.6394569628596,761.4524779866509,182.8130210237913
Kia Motors Picanto,Santa Catarina,495.26,756.76412389452,643.821343223897,602.860676386327,667.7352456324631,64.87456924613616
Kia Motors Picanto,Sao Paulo,1431.9082191783004,482.02460936782626,500.9115868157066,483.00804398520535,522.0907932291628,39.082749243957494
Kia Motors Sorento,Parana,184.54821917783468,1123.2836649604362,1203.9342343358778,1186.989135340767,1229.403078289353,42.413942948586055
Kia Motors Sorento,Rio Grande do Norte,117.82000000000001,2462.171108470548,1156.109200627001,1133.313904912899,1178.5271933301076,45.21328841720856
Kia Motors Sorento,Rio Grande do Sul,442.3273972605355,878.182094090822,1051.3221188799498,1019.0264030230165,1068.2677004557008,49.24129743268429
Kia Motors Sorento,Rio de Janeiro,232.81,634.2296293114557,989.3968514921734,868.2780683111051,1019.7331497921582,151.45508148105307
Kia Motors Sorento,Santa Catarina,268.68821917830036,1467.2991663187884,1178.411927286439,1144.3260233404985,1241.808839998033,97.48281665753439
Kia Motors Sorento,Sao Paulo,361.97273972610014,723.1842933754626,880.2396478896994,851.194779897032,928.0281364363541,76.83335653932204
Kia Motors Sportage,Alagoas,113.89547945220023,1110.1757559488228,707.1164644242077,700.5490009186489,713.1240075995703,12.575006680921433
Kia Motors Sportage,Bahia,728.5,300.72340425531917,669.4836873574362,644.3247623801585,688.5020001104836,44.17723773032503
Kia Motors Sportage,Distrito Federal,317.9554794522002,796.7404758567277,728.0270697220221,697.65900545289,740.8143154848531,43.15531003196304
Kia Motors Sportage,Esperito Santo,190.69547945220023,301.8792063942436,807.7627048744514,762.5144536319046,837.9708851964629,75.45643156455822
Kia Motors Sportage,Goias,239.77,1001.8934812528673,909.623729137451,866.4578390762777,930.7991538567334,64.34131478045572
Kia Motors Sportage,Maranhao,107.93547945220023,655.2710967603736,867.5700022125476,837.1043751338769,893.4910191308287,56.38664399695176
Kia Motors Sportage,Minas Gerais,439.5982191783003,950.800030039412,700.36410535463,659.1534416510423,735.6282724395411,76.47483078849882
Kia Motors Sportage,Para,154.74547945220024,367.5971679519792,898.9936061763857,855.2555571064502,950.6047157486,95.34915864214986
Kia Motors Sportage,Paraiba,144.65,807.1966816453508,723.3122472094404,708.1398109726458,739.1781531917298,31.03834221908403
Kia Motors Sportage,Parana,838.6582191783003,736.0519290025127,722.0349257550973,712.1082298857459,741.1661872538998,29.057957368153893
Kia Motors Sportage,Pernambuco,248.23,810.8085243524151,612.5872586470057,599.6177415377753,626.5558479384146,26.9381064006393
Kia Motors Sportage,Rio Grande do Norte,148.84,639.7473797366299,691.0794273263904,666.6096184657341,721.6178776864016,55.00825922066747
Kia Motors Sportage,Rio Grande do Sul,1601.0573972605355,635.6280553971897,604.9454641307761,577.4141726811068,628.4150582385433,51.000885557436504
Kia Motors Sportage,Rio de Janeiro,1931.5664383556693,710.4052818230479,626.4969452224748,584.6567866448052,710.888258333958,126.23147168915284
Kia Motors Sportage,Santa Catarina,992.4019178078696,721.9534617412028,683.2193536892751,667.2609175463898,702.0563002566028,34.79538271021295
Kia Motors Sportage,Sao Paulo,3327.303698630035,499.8819316327574,506.5191946167302,487.98927443296594,515.7962105764374,27.806936143471432
Kia Motors Sportage,Sergipe,171.33547945220025,661.7018282639422,763.3321762944836,721.3103387300059,804.2674739421121,82.95713521210621
Land Rover Defender,Minas Gerais,114.16,1387.6138752627892,739.7255983150254,684.4146452338955,866.4133729871767,181.99872775328117
Land Rover Defender,Rio de Janeiro,312.8,351.53132992327363,526.3702931484811,349.31756220686265,607.9269448029831,258.6093825961205
Land Rover Defender,Sao Paulo,533.8564383566007,523.0301255887207,549.6152721901211,521.2813813531681,642.938742522665,121.657361169497
Land Rover Discovery,Parana,103.09821917830035,4072.660064805225,1901.8382140227197,1438.6135220214028,4069.840047915636,2631.2265258942334
Land Rover Discovery,Rio de Janeiro,313.98547945220025,1250.4463604017428,1113.8941211393044,903.7261697577362,1209.6012366860089,305.87506692827264
Land Rover Discovery,Santa Catarina,142.21,793.6432037128191,1331.261179519127,1117.7213902273575,1486.9436800501294,369.2222898227719
Land Rover Discovery,Sao Paulo,696.3182191778346,743.5608975036299,975.1486645319068,831.8281833013775,1037.4484734227847,205.62029012140715
Land Rover Freelander,Bahia,110.47273972610012,1531.6900840834558,882.4080349989139,835.6244139684253,951.341479318223,115.71706534979774
Land Rover Freelander,Minas Gerais,169.3182191778347,1530.6799307155009,908.2333231869941,871.7334562399859,985.8065081264907,114.0730518865048
Land Rover Freelander,Parana,170.81,487.48902289093144,908.6461527854966,873.1576431152015,975.8221990762281,102.66455596102662
Land Rover Freelander,Rio Grande do Sul,144.01643835566938,243.7013468790479,779.2420002500972,748.6538561897819,803.3227380993751,54.66888190959321
Land Rover Freelander,Rio de Janeiro,425.2419178088009,305.0028573578117,594.5559876635922,305.08492199796797,762.9849095979981,457.89998760003016
Land Rover Freelander,Santa Catarina,171.17191780833528,987.0193788982185,890.697283146169,841.0072545439258,977.8537153677212,136.84646082379538
Land Rover Freelander,Sao Paulo,1618.0646575339697,729.7835685995814,669.8058147969091,644.0894143119484,727.5270717420623,83.43765743011386
Land Rover Range Rover,Sao Paulo,231.88369863003493,467.9026625890923,493.74333500873075,465.98657249895274,579.3916188456961,113.4050463467434
Lexus,Sao Paulo,127.7,809.1072826938137,809.8008430617704,805.4315382440482,814.1712523366033,8.739714092555118
Marcopolo Volare,Minas Gerais,330.834794519674,82.89031400041937,61.273321244087185,59.54566202490899,62.968074395620015,3.4224123707110223
Marcopolo Volare,Parana,112.71191780786961,48.76148065698396,62.108102600739215,61.47646474323844,62.973472347536024,1.4970076042975862
Marcopolo Volare,Rio Grande do Sul,101.62,0.0,53.85280625599942,53.34975193318851,54.34799053395068,0.9982386007621713
Marcopolo Volare,Sao Paulo,580.9336986300349,43.80362175582073,44.24011618418767,43.07841305469462,45.530859934436805,2.4524468797421832
Mazda - Todos,Sao Paulo,116.5,298.7038626609442,370.1665042404282,296.80640833689995,699.2060035040595,402.39959516715953
Mercedes-benz - Outros,Bahia,129.28,2168.858292079208,1863.9480840026133,1672.0008072158494,1958.0994868455114,286.098679629662
Mercedes-benz - Outros,Distrito Federal,284.7727397261001,1914.7233001460831,1948.2745815536691,1769.245120974821,2057.3065302198916,288.06140924507054
Mercedes-benz - Outros,Esperito Santo,110.98273972610012,1815.5706058192884,2265.910437076509,2026.1116146590964,2420.484528025029,394.3729133659324
Mercedes-benz - Outros,Goias,111.97547945220023,910.0921067589819,2473.6481086346002,2316.9073585001934,2622.534639981086,305.62728148089263
Mercedes-benz - Outros,Minas Gerais,393.4628767118044,2283.6233179328124,2030.703180952843,1926.7236145846673,2285.1149089905066,358.3912944058393
Mercedes-benz - Outros,Parana,576.586575342305,1854.340780246661,1948.0673435027902,1741.0811509570674,2094.8439096996863,353.76275874261887
Mercedes-benz - Outros,Pernambuco,107.39,3018.6982028121797,1883.0996714045868,1512.3264435111164,3022.498759075186,1510.1723155640698
Mercedes-benz - Outros,Rio Grande do Sul,625.6136986305006,2516.6344717939032,1918.2911406612243,1726.7957424107406,2517.777174673197,790.9814322624563
Mercedes-benz - Outros,Rio de Janeiro,598.8973972600699,2634.0805740969936,2113.4728077956534,1665.2884346962906,2636.428519617592,971.1400849213014
Mercedes-benz - Outros,Santa Catarina,375.77191780880094,1298.896955488696,1830.3055349343251,1694.388323632052,1902.636836260861,208.24851262880884
Mercedes-benz - Outros,Sao Paulo,3881.9289041086845,1211.8313127839533,1309.9530865954264,1211.1406925038607,1424.5495355930188,213.40884308915815
Mercedes-benz Atego,Esperito Santo,133.76,1834.4049043062203,2220.708309492109,2011.4844955645194,2453.427470550649,441.9429749861297
Mercedes-benz Atego,Minas Gerais,387.3009589039348,1397.654685730499,1746.1931785094537,1396.6801790106529,2073.074043960882,676.3938649502293
Mercedes-benz Atego,Parana,590.8409589044005,2128.3172418035865,1963.4885275607794,1797.3602278774388,2135.150413473357,337.79018559591805
Mercedes-benz Atego,Rio Grande do Sul,571.8691780822352,1244.379007077154,1522.354839018754,1243.3966038492497,1844.125434960803,600.7288311115533
Mercedes-benz Atego,Rio de Janeiro,200.76095890440047,1238.6820692484212,1641.5204619481356,1514.7678846964773,1767.567453932043,252.79956923556574
Mercedes-benz Atego,Santa Catarina,533.8664383566007,2228.257696179436,1887.88750411012,1742.2637740323257,2024.386019445275,282.12224541294927
Mercedes-benz Atego,Sao Paulo,1289.7191780822352,2027.2909362237035,1880.3176756118016,1500.0372477908568,2028.9882630704797,528.9510152796229
Mercedes-benz Axor,Goias,221.49369863050057,2366.6452058957852,2785.70720999559,2364.4845773134984,3004.3475126831827,639.8629353696842
Mercedes-benz Axor,Mato Grosso,210.75,1782.2918149466193,2357.4892124101575,1779.8436354025866,3218.9138628053142,1439.0702274027276
Mercedes-benz Axor,Minas Gerais,505.1827397261001,2766.296015492707,2521.4534730509063,2277.830968201534,2769.2178565029394,491.38688830140563
Mercedes-benz Axor,Parana,559.1391780822352,2461.143940440545,2370.941386157338,2304.039599467807,2435.967600802882,131.9280013350749
Mercedes-benz Axor,Rio Grande do Sul,195.94095890440047,1595.832753643718,2030.3544906206994,1938.5461836108097,2112.6721516142284,174.12596800341862
Mercedes-benz Axor,Rio de Janeiro,169.78,1686.288137589822,1954.1023679821667,1926.7160424915808,2004.0157856876776,77.29974319609687
Mercedes-benz Axor,Santa Catarina,349.8819178078696,2836.702754513358,2271.993684133491,2213.023228095154,2333.037473974835,120.01424587968086
Mercedes-benz Axor,Sao Paulo,1695.5154794522002,3632.3496155810976,3631.657781733338,3628.780260230464,3634.3148763282393,5.534616097775142
Mercedes-benz Caminhoes - Outros,Alagoas,300.78739726006984,795.6151161249768,900.9197439576135,851.3745016418462,982.2501445512122,130.87564290936598
Mercedes-benz Caminhoes - Outros,Amazonas,232.82013698616996,38.23552427739014,443.4056438309725,45.16041479222208,1046.1331640375065,1000.9727492452844
Mercedes-benz Caminhoes - Outros,Bahia,1468.5573972600698,1897.613266733277,1896.7881076402784,1894.3888848578872,1899.0015142534942,4.612629395606973
Mercedes-benz Caminhoes - Outros,Ceara,1235.06287671227,879.662096955008,840.1968359997387,772.4241370083375,897.8954614987027,125.47132449036519
Mercedes-benz Caminhoes - Outros,Distrito Federal,403.46095890440046,330.8696840519605,674.4513383013565,331.689437109025,933.0909812204437,601.4015441114187
Mercedes-benz Caminhoes - Outros,Esperito Santo,1300.17739726007,1046.1895452624283,1058.9997036917973,989.1909215808801,1107.784718578514,118.59379699763394
Mercedes-benz Caminhoes - Outros,Goias,1198.8601369866356,1337.7048335521374,1176.9668781768721,1105.9853972893218,1248.8160982908767,142.83070100155487
Mercedes-benz Caminhoes - Outros,Maranhao,579.5682191778347,846.9270463040813,1103.8725110521427,1042.0094316600919,1179.6654300151133,137.65599835502144
Mercedes-benz Caminhoes - Outros,Mato Grosso,1097.604657534901,940.4187499697982,1103.293763741188,939.860432569472,1262.084256565684,322.223823996212
Mercedes-benz Caminhoes - Outros,Mato Grosso do Sul,476.59931506933646,971.0253149077072,1053.7465434334495,984.9910648447672,1114.6943033777798,129.7032385330126
Mercedes-benz Caminhoes - Outros,Minas Gerais,7153.288767124843,1313.6709988819605,1313.591559510233,1312.8717492297812,1314.3150499506287,1.4433007208474464
Mercedes-benz Caminhoes - Outros,Para,607.7209589044005,927.4750059898232,1116.3610896731043,1044.7010603185806,1199.4072296124032,154.70616929382254
Mercedes-benz Caminhoes - Outros,Paraiba,387.2491780822352,1069.5852268846972,911.2895716635167,857.0561621979487,970.3711116282296,113.31494943028099
Mercedes-benz Caminhoes - Outros,Parana,4916.134246576112,911.0701163458672,922.1127958513946,910.4043574309279,956.5952287783998,46.1908713474719
Mercedes-benz Caminhoes - Outros,Pernambuco,1140.163698630035,829.3747653395862,752.4097714179131,688.7744020507441,824.9501687986292,136.17576674788506
Mercedes-benz Caminhoes - Outros,Piaui,435.96821917783467,775.017501590351,1095.3889428728444,774.697543143184,1353.5371190755877,578.8395759324037
Mercedes-benz Caminhoes - Outros,Rio Grande do Norte,427.69821917830035,1127.7975412820535,882.7756095966897,801.9972459573347,978.3805869093626,176.38334095202788
Mercedes-benz Caminhoes - Outros,Rio Grande do Sul,4332.274794521071,782.1440607334769,796.9109176470663,781.5087403574354,843.0325256964791,61.523785339043684
Mercedes-benz Caminhoes - Outros,Rio de Janeiro,3889.2602739728054,1073.6211273756467,993.9771672924797,812.06021346335,1077.9411683375947,265.8809548742447
Mercedes-benz Caminhoes - Outros,Santa Catarina,3493.6602739728055,758.6742247797135,758.7565866464915,757.9474169591144,759.5536015424311,1.60618458331669
Mercedes-benz Caminhoes - Outros,Sao Paulo,14831.299863014481,1026.7801299045943,1026.7405471267914,1026.2923451920067,1027.174800987147,0.8824557951402312
Mercedes-benz Caminhoes - Outros,Sergipe,498.2727397261001,2520.4730258580016,2035.6420869157544,1073.6511340433638,2522.6596562089135,1449.0085221655497
Mercedes-benz Caminhoes - Outros,Tocantins,134.26547945220022,2570.102169283582,1251.5434543017127,1144.9644097290313,1360.7506652042655,215.78625547523416
Mercedes-benz Classe A,Bahia,154.66191780786963,728.5633179589764,471.86228104943615,458.74470518589334,480.7891017345404,22.044396548647057
Mercedes-benz Classe A,Distrito Federal,384.2627397261001,607.1418742454605,494.0197185929257,475.1042826501968,509.92480049311683,34.820517842920026
Mercedes-benz Classe A,Esperito Santo,213.24547945220024,547.7443193640222,567.6882039050752,554.321833428919,581.8653603087246,27.54352687980554
Mercedes-benz Classe A,Minas Gerais,674.8219178088009,396.3371564285488,471.81867059105275,444.21990774095804,483.3691222470442,39.14921450608614
Mercedes-benz Classe A,Parana,1035.6336986300348,578.6283323849935,481.3112733416763,471.9452980942159,486.97557354146727,15.03027544725137
Mercedes-benz Classe A,Pernambuco,126.25273972610012,808.6557188500677,411.3437583961447,396.6328751171477,422.5558798579406,25.92300474079292
Mercedes-benz Classe A,Rio Grande do Sul,1425.4391780817696,525.974739244182,424.0471083485742,397.3707543465517,451.5571036508738,54.18634930432211
Mercedes-benz Classe A,Rio de Janeiro,1048.61,219.0528413804942,399.64837036174816,390.98140619410697,406.1958944971043,15.214488302997324
Mercedes-benz Classe A,Santa Catarina,644.6928767127357,552.7950018886253,472.23296813798504,463.3477653877824,481.72455115566896,18.376785767886588
Mercedes-benz Classe A,Sao Paulo,4106.90205479404,310.2031611669126,355.4273766837317,346.7146669074984,365.9959729592579,19.281306051759543
Mercedes-benz Sprinter,Bahia,291.1109589044005,1867.9234957230606,1470.2504320392454,1358.663491793272,1525.0252497810786,166.36175798780664
Mercedes-benz Sprinter,Distrito Federal,157.53287671227008,692.2999330431539,1492.2811614724,1388.1711558271697,1549.1797033568903,161.00854752972054
Mercedes-benz Sprinter,Esperito Santo,119.78643835613504,1537.4611894917202,1766.6239189244477,1638.8665455495013,1855.7589572727447,216.8924117232434
Mercedes-benz Sprinter,Minas Gerais,885.5538356171362,1372.9543604231585,1491.686160729817,1389.0756285380419,1536.1896991907688,147.11407065272692
Mercedes-benz Sprinter,Parana,502.666438356135,1267.5324059502602,1523.3486005031377,1434.975050612304,1574.4527977856176,139.47774717331367
Mercedes-benz Sprinter,Pernambuco,169.33369863050058,1746.1143434018306,1258.4967166147444,1137.0182572079807,1330.622947680155,193.6046904721743
Mercedes-benz Sprinter,Rio Grande do Sul,735.2010958905704,1615.4668520472117,1429.6544663626157,1353.9133073431115,1616.5259150104264,262.61260766731493
Mercedes-benz Sprinter,Rio de Janeiro,908.7201369871013,1483.7527475405097,1351.2533141544363,1294.2984219726584,1484.5876417148872,190.28921974222885
Mercedes-benz Sprinter,Santa Catarina,475.39657534183937,1334.4269456376296,1460.2869154223258,1386.8811403026164,1505.4758355565655,118.59469525394911
Mercedes-benz Sprinter,Sao Paulo,3916.2813698638415,782.2826581294679,782.4189793392334,781.6776497654764,783.1676299987931,1.4899802333167145
Mitsubishi - Outros,Acre,162.33369863003492,2081.3053780657724,2615.305023655754,2428.83623101494,2756.298368276095,327.462137261155
Mitsubishi - Outros,Alagoas,456.9991780817695,1744.801825130041,1534.4205427616946,1445.9530287572095,1632.5378228382278,186.58479408101834
Mitsubishi - Outros,Amapa,120.64821917830035,3955.1764895492624,2817.620652234072,2427.7972135403643,3956.249356168142,1528.452142627778
Mitsubishi - Outros,Amazonas,220.91547945220023,1774.3980683110792,1626.24194631154,1576.9660888123758,1679.6561283441602,102.69003953178435
Mitsubishi - Outros,Bahia,1516.1746575339698,1759.9898446661732,1498.5269899904679,1384.5148755454059,1760.747221087246,376.23234554184023
Mitsubishi - Outros,Ceara,1482.1191780817694,1062.1399569482862,1177.2642723651752,1061.143533404007,1349.3384380653818,288.1949046613747
Mitsubishi - Outros,Distrito Federal,913.3509589039348,1843.153481789975,1642.5630073034674,1428.7643518673467,1845.1083060458009,416.34395417845417
Mitsubishi - Outros,Esperito Santo,666.8327397261002,1288.5929991274054,1580.6618653083688,1287.7073127932683,1712.9958014270355,425.2884886337672
Mitsubishi - Outros,Goias,1689.83287671227,1624.300271243545,1749.980499435934,1623.1454047880325,1896.8155673059575,273.67016251792506
Mitsubishi - Outros,Maranhao,558.8582191783004,1410.6028558711937,1724.8247042496216,1409.658250367278,1900.9298727523062,491.2716223850282
Mitsubishi - Outros,Mato Grosso,1090.0719178083352,2217.557356087241,2035.7237671192574,1905.5160718068903,2218.737452009422,313.2213802025319
Mitsubishi - Outros,Mato Grosso do Sul,836.2791780822351,1778.993234546017,1744.5777858147824,1613.136508916489,1848.0614899837212,234.92498106723224
Mitsubishi - Outros,Minas Gerais,3375.8247945215367,1373.9220138222165,1434.3563102021992,1373.3980951368849,1483.1930032795433,109.79490814265841
Mitsubishi - Outros,Para,1265.0756164374388,2691.392479437909,2690.9241544352903,2688.2731120777717,2693.401915296663,5.128803218891335
Mitsubishi - Outros,Paraiba,437.9082191783003,2378.8455077520503,1694.2736956865465,1467.4000552736911,2380.2358296249868,912.8357743512956
Mitsubishi - Outros,Parana,2209.3012328762748,1356.424355088306,1453.4258461560114,1355.7842382107567,1491.5614248129282,135.77718660217147
Mitsubishi - Outros,Pernambuco,582.4,1719.893543956044,1481.7302736447689,1223.895806907652,1721.6776350741745,497.7818281665225
Mitsubishi - Outros,Piaui,371.68369863003494,2179.0221174218404,2058.2238399886846,2022.3951208600547,2119.645433645029,97.25031278497408
Mitsubishi - Outros,Rio Grande do Norte,527.61,903.8172134720721,1240.6592997455912,903.4246855315454,1406.8627812278457,503.43809569630037
Mitsubishi - Outros,Rio Grande do Sul,1870.9184931506402,1064.9020827437953,1206.23185112045,1064.3153029636705,1279.9872648466292,215.6719618829586
Mitsubishi - Outros,Rio de Janeiro,2259.5838356166705,1381.2273529334386,1261.4298284813422,1187.7122947373177,1381.8679301684285,194.1556354311108
Mitsubishi - Outros,Rondonia,140.09,872.9316867727889,1655.876058523331,1393.207100506431,1764.5054211488018,371.29832064237075
Mitsubishi - Outros,Santa Catarina,1737.798630138673,1108.6566455897478,1177.0149795714317,1107.568336072796,1408.2107355131184,300.6423994403224
Mitsubishi - Outros,Sao Paulo,8599.979452054109,1131.7120063205896,1095.4492324903524,1056.5871334803248,1132.1632955849886,75.57616210466381
Mitsubishi - Outros,Sergipe,225.98,612.0010620408887,1235.530445339168,613.2573002905001,1634.9406217269236,1021.6833214364235
Mitsubishi - Outros,Tocantins,419.03000000000003,2338.2120611889363,2130.656442073074,2005.7078148851995,2242.7985670889334,237.09075220373393
Mitsubishi Galant,Sao Paulo,121.92273972610012,985.853830630982,986.5448466952242,981.4774792810127,991.5708087294913,10.093329448478585
Mitsubishi Pajero,Alagoas,338.77,411.1255424034006,779.7499326832725,411.08588033661874,982.5888397084125,571.5029593717937
Mitsubishi Pajero,Amazonas,161.24821917830036,681.2044223480137,1045.322973083661,1018.0738928424945,1057.1745780841827,39.10068524168821
Mitsubishi Pajero,Bahia,1433.0309589044004,947.3905581481371,936.8892969394611,895.2428050179853,953.801245488113,58.55844047012761
Mitsubishi Pajero,Ceara,1515.606438356135,973.7211209004008,891.7485747551593,864.4887077964418,935.5182033807798,71.02949558433806
Mitsubishi Pajero,Distrito Federal,1462.2209589044005,923.6907676470423,971.209881085279,947.4972477354612,1012.1897930694367,64.69254533397554
Mitsubishi Pajero,Esperito Santo,418.606438356135,1600.6179996447256,1152.457069900272,1142.8859023432976,1161.3422525845426,18.45635024124499
Mitsubishi Pajero,Goias,955.0946575339698,953.8719464228573,1097.5112481744836,952.7585489491639,1269.8831917462212,317.1246427970573
Mitsubishi Pajero,Maranhao,229.47561643790453,1812.654461754361,1364.7245891872756,1220.9554861915935,1813.5574030474713,592.6019168558778
Mitsubishi Pajero,Mato Grosso,588.12,823.0242127456982,1295.3550136800475,1260.361969242742,1329.8020767796945,69.44010753695261
Mitsubishi Pajero,Mato Grosso do Sul,388.49465753396976,1729.4369098016527,1264.4583159971064,1099.0134000531511,1730.451252128864,631.437852075713
Mitsubishi Pajero,Minas Gerais,2739.2538356171362,923.5076965512653,961.6652539267926,952.6316949137303,972.6186951636839,19.987000249953667
Mitsubishi Pajero,Para,659.6691780827008,722.8471722536958,1072.0815841105866,722.4396019538914,1285.1357504319233,562.6961484780319
Mitsubishi Pajero,Paraiba,336.1382191778347,893.1444949470858,994.1566607497423,939.5317991754108,1049.4577382386553,109.92593906324453
Mitsubishi Pajero,Parana,2170.5128767127358,1077.6964399044123,993.5611615431491,970.7598881774679,1027.5056219795495,56.74573380208153
Mitsubishi Pajero,Pernambuco,664.9491780822351,1068.137270352655,837.775218921775,800.6958408010366,880.4804376869945,79.78459688595785
Mitsubishi Pajero,Piaui,175.87547945220024,1023.5878279378181,1405.7597483672375,1375.12257408446,1441.1886246059144,66.06605052145437
Mitsubishi Pajero,Rio Grande do Norte,590.5246575339697,1102.6855385163017,944.7191991777881,920.2643103087478,977.0587258068915,56.794415498143735
Mitsubishi Pajero,Rio Grande do Sul,2013.29027397234,728.3639219627734,844.3595120046272,819.8273167374315,876.0425332928822,56.21521655545075
Mitsubishi Pajero,Rio de Janeiro,3976.77027397234,843.6127231078107,803.1733241468089,780.9587773790694,829.0099315147226,48.05115413565318
Mitsubishi Pajero,Santa Catarina,2002.1732876703143,1083.7038998381051,975.1697077074417,913.3129156151289,1084.2832739971298,170.97035838200088
Mitsubishi Pajero,Sao Paulo,13750.951232877671,740.0640019483466,725.7169961579527,707.033848702793,740.2660742616379,33.2322255588449
Mitsubishi Pajero,Sergipe,142.80547945220025,420.30600107393303,1060.4033264088898,1001.4635822086575,1110.8898888646747,109.42630665601723
Mitsubishi Pajero,Tocantins,138.9119178078696,534.9289043923222,1392.3738786520687,1334.1635119558975,1444.6335765148885,110.470064558991
Mitsubishi Space Wagon,Sao Paulo,130.79,507.80640721767725,513.5689774310835,505.3648042497522,529.1164656321031,23.751661382350903
Nissan - Outros,Parana,145.9,484.0370116518163,867.2308782422816,849.6001060964862,902.1525737835292,52.55246768704296
Nissan - Outros,Rio de Janeiro,119.82,1015.5733600400602,703.6044750401819,685.412903222178,722.1841945779946,36.77129135581663
Nissan - Outros,Sao Paulo,288.42,689.4528812148949,625.338492533231,614.1702084685686,640.4944032231567,26.32419475458812
Nissan - Tiida,Bahia,239.4127397261001,719.6609511971462,778.2065547594723,748.4657680353572,830.3867139020005,81.92094586664325
Nissan - Tiida,Distrito Federal,192.6427397261001,321.10216085978556,798.2035691322678,756.8279004722034,883.7208413659623,126.89294089375892
Nissan - Tiida,Minas Gerais,204.08369863003492,714.0795711674381,795.7747007220905,756.1629112233777,843.5713037231942,87.4083924998165
Nissan - Tiida,Parana,448.66095890440045,1105.1329297979996,802.107275409909,771.4614559957057,876.3017011179269,104.84024512222118
Nissan - Tiida,Pernambuco,133.05369863003492,811.9578870212099,692.8822140603214,664.3600852015571,732.1421036991597,67.78201849760262
Nissan - Tiida,Rio Grande do Sul,543.54,740.9390293262686,677.1103616744161,658.7028960393053,700.6320838420063,41.929187802700994
Nissan - Tiida,Rio de Janeiro,871.1509589044005,618.2292454540045,663.8756292748002,641.2149809184282,699.4896153430404,58.27463442461226
Nissan - Tiida,Santa Catarina,322.1775342467055,1081.2144329506802,767.1777247979708,734.5609317110706,799.6745909898582,65.11365927878762
Nissan - Tiida,Sao Paulo,1804.1991780817696,466.2162638242138,533.4014854110899,464.0655296886761,565.20569361843,101.1401639297539
Nissan Frontier,Alagoas,172.7964383566007,1473.323191272102,1217.9518148185484,1193.3197580284723,1248.6793174481363,55.35955941966404
Nissan Frontier,Amazonas,113.82000000000001,166.9741697416974,1288.4448239174676,1222.331973226078,1359.2224069053566,136.89043367927866
Nissan Frontier,Bahia,327.2809589039348,502.4520844436543,758.0178786973701,502.0505616301327,1151.9891937163936,649.9386320862609
Nissan Frontier,Ceara,315.61,1184.4903520167295,1077.983758295671,1062.2395157762314,1111.007332954538,48.767817178306586
Nissan Frontier,Distrito Federal,381.80369863003494,1220.6717789070083,1180.1208606490454,1142.4579677589916,1274.1594038363855,131.70143607739396
Nissan Frontier,Esperito Santo,143.57369863003493,619.3404561453441,1340.2188674724518,1262.5224006588942,1398.5502340598189,136.0278334009247
Nissan Frontier,Goias,486.5391780827008,2324.645272056077,1864.4991781968545,1485.2705164688698,2326.8261267270395,841.5556102581697
Nissan Frontier,Maranhao,244.6727397261001,1079.8587545787618,1464.3149182964269,1398.0432453610065,1518.5960589041945,120.552813543188
Nissan Frontier,Mato Grosso,215.92,1863.5976287513895,1580.257474337282,1491.6454362911036,1736.6999845789023,245.05454828779875
Nissan Frontier,Mato Grosso do Sul,241.5264383566007,1651.7612014423896,1407.7604380945816,1343.8445139993203,1613.7505448215015,269.90603082218126
Nissan Frontier,Minas Gerais,965.6428767132014,1080.0276428795637,1170.6739737708897,1138.2564394713368,1212.0578519992703,73.80141252793351
Nissan Frontier,Para,202.61,2691.194906470559,1692.2620867027067,1411.0083147275675,2692.0595735724323,1281.0512588448648
Nissan Frontier,Paraiba,165.71273972610012,1439.9737786871947,1213.2873269960521,1180.6303304479356,1289.461373294077,108.83104284614137
Nissan Frontier,Parana,866.1873972605355,1458.30798738816,1201.2314535216938,1168.7110130851393,1239.3206896118943,70.60967652675504
Nissan Frontier,Pernambuco,374.44369863003493,944.3903083261429,999.2923710821315,948.657841445244,1050.4382363982804,101.78039495303642
Nissan Frontier,Piaui,135.5891780817695,1350.0266215170138,1682.6160188350098,1616.8983379102965,1723.0919017684782,106.19356385818173
Nissan Frontier,Rio Grande do Norte,247.08013698663564,633.3167931198932,1129.0294516407625,1085.2111475528152,1186.4210423199854,101.20989476717023
Nissan Frontier,Rio Grande do Sul,853.9773972605356,1187.8932665597372,1026.9324348019127,1013.9034673328642,1039.3385658134341,25.435098480569877
Nissan Frontier,Rio de Janeiro,774.2464383561351,1325.4474921174408,1061.2558284958996,940.8779711153676,1326.3944290822096,385.51645796684204
Nissan Frontier,Santa Catarina,596.0693150688708,527.9302122164115,937.9729773626023,527.9932614414092,1143.0438485199224,615.0505870785132
Nissan Frontier,Sao Paulo,1893.3319178083352,621.4393730614264,717.9573713628878,620.7648301663061,837.2196974162833,216.45486724997727
Nissan Frontier,Sergipe,153.22739725960417,1092.6897082010287,1228.743469293959,1182.4868940333697,1299.5995257674251,117.11263173405541
Nissan Pathfinder,Sao Paulo,239.1427397261001,705.3067979115045,705.8076079574365,702.9615418104286,708.857446288488,5.895904478059379
Nissan Sentra,Bahia,321.2427397261001,520.0055264826512,639.51448254337,526.0029533637236,734.0902316024388,208.08727823871527
Nissan Sentra,Ceara,129.81273972610012,166.2163516887991,603.6995104879306,512.5320872303423,677.7844070800161,165.25231984967377
Nissan Sentra,Distrito Federal,225.6582191778347,612.2267582512686,680.2221235086597,573.3451729178706,794.7016960842078,221.35652316633718
Nissan Sentra,Esperito Santo,111.69369863003493,599.5682909724328,771.2832928746911,666.3534582048038,855.3709040810631,189.01744587625933
Nissan Sentra,Goias,160.78191780880093,1451.9480995220565,1020.9484521359103,807.4451505003437,1452.8719635007983,645.4268130004546
Nissan Sentra,Mato Grosso,100.29821917830034,182.9843057071017,896.3891914855311,795.968010147173,973.8266095306507,177.85859938347767
Nissan Sentra,Mato Grosso do Sul,139.46,801.670729958411,786.0414053925571,670.8715828587997,912.9808519028098,242.10926904401015
Nissan Sentra,Minas Gerais,397.3046575339697,1099.5894251822288,890.3973955157079,690.3185882601364,1100.9789381505127,410.6603498903763
Nissan Sentra,Parana,708.7664383566007,1193.632985728861,946.4287274680628,705.0211130251832,1194.8713306004972,489.850217575314
Nissan Sentra,Pernambuco,280.56821917830035,595.0959110372162,565.3345345999431,494.74357797838826,643.4776218634544,148.73404388506611
Nissan Sentra,Rio Grande do Norte,110.62369863003492,886.6906568369639,653.7795545526018,575.0278692284813,729.9427233207718,154.9148540922905
Nissan Sentra,Rio Grande do Sul,593.1901369866356,553.2610533060734,573.9227188414044,482.5031425144094,677.6093069208447,195.1061644064353
Nissan Sentra,Rio de Janeiro,953.52013698617,579.0302465400456,573.6980185597578,504.41127100453775,658.1304929874775,153.71922198293976
Nissan Sentra,Santa Catarina,372.4293150684051,623.5894721588801,640.4350424187514,525.5725654450871,734.4284654388877,208.85589999380056
Nissan Sentra,Sao Paulo,2717.914794521071,395.66030626412373,432.4238492466946,395.1025016674552,513.435179041273,118.33267737381783
Nissan Xterra,Parana,101.27,365.1426878641256,608.9433643699646,595.9390559134953,625.1566883749973,29.217632461502035
Nissan Xterra,Rio Grande do Sul,118.27821917783469,906.7096270595314,505.87699226949303,489.24937909677266,533.3667444934382,44.11736539666555
Nissan Xterra,Rio de Janeiro,133.66,118.28520125692054,507.9006821974667,498.41981198943637,520.1930027330645,21.773190743628163
Nissan Xterra,Sao Paulo,184.67000000000002,603.3086045378242,444.6968109956751,437.05134831518507,454.0242984248752,16.972950109690146
Outros,Acre,873.6727397261001,1115.6099483034866,1101.87253563439,1074.1104014830887,1129.7167143518552,55.60631286876651
Outros,Alagoas,2906.5454794522,492.4378476505922,551.474955641397,491.9474144371666,639.8492549130085,147.90184047584194
Outros,Amapa,373.14,904.5666505869111,1006.1611609016925,861.2376220358627,1121.5724673590923,260.3348453232296
Outros,Amazonas,2203.248219177835,673.2831948247529,696.1585105372293,659.3948446172366,752.5342416577803,93.13939704054371
Outros,Bahia,12316.80013698617,599.468118170398,609.0240212545108,599.1796624917588,621.7323585342775,22.552696042518733
Outros,Ceara,7137.598219177835,459.5208218903924,459.5703732022595,459.14604756405873,460.00839942760746,0.8623518635487244
Outros,Distrito Federal,14288.4,658.5306262422665,635.110926392869,598.3255677315848,670.0970650511783,71.77149731959355
Outros,Esperito Santo,4490.145479452201,878.9521448827287,846.6226190394448,756.1978368610345,879.5810148062171,123.38317794518264
Outros,Goias,13683.8246575349,717.4679773899288,717.4857162719762,717.1186604910339,717.8601965617082,0.7415360706743286
Outros,Maranhao,2759.1254794522,726.1275411068918,794.2573601175732,750.8585287793998,874.9796844900014,124.12115571060167
Outros,Mato Grosso,5763.79,775.1989576303092,793.6266126859972,774.6979634231081,834.3951341928524,59.697170769744275
Outros,Mato Grosso do Sul,3915.498219177835,563.527775135424,630.087878682302,563.0901472471876,744.4753274671623,181.3851802199747
Outros,Minas Gerais,32231.553013699373,680.6798602188084,664.2829556215243,639.4698940434433,680.8608173519102,41.39092330846688
Outros,Para,5086.933698630501,671.9731772639905,701.7693056392969,671.4578540506997,799.4592976543627,128.001443603663
Outros,Paraiba,3307.37,419.8090930255762,466.08346695399194,419.34792061689683,637.6106806900676,218.2627600731708
Outros,Parana,21441.557534246705,804.4520540287322,804.4338841113288,804.1120151949134,804.7572925867144,0.6452773918009598
Outros,Pernambuco,12279.959315069336,332.44800697264765,332.5098945784366,332.220971753639,332.8094183769903,0.5884466233513308
Outros,Piaui,2214.908219177835,840.2140476460893,892.1698936115426,818.6551846102814,985.4408191996994,166.785634589418
Outros,Rio Grande do Norte,3821.0764383556693,465.6146059107952,518.714100906933,465.2133626660017,600.771293437552,135.55793077155033
Outros,Rio Grande do Sul,26207.40835616447,629.2148684027059,612.9002122030104,566.1101110508527,629.4355609873924,63.32544993653971
Outros,Rio de Janeiro,35008.495616438835,512.6189710240831,512.6206541579132,512.4267846759468,512.8216613834994,0.39487670755261206
Outros,Roraima,469.19547945220023,522.7245588264158,682.6884031121238,671.4489103506509,696.3699647998245,24.921054449173653
Outros,Santa Catarina,16603.858767125308,951.569886349706,951.5321543259504,951.1206605629926,951.9332070743501,0.8125465113574819
Outros,Sao Paulo,88508.29150685002,606.5856891593584,606.5838195711841,606.4478305818944,606.7172967531776,0.2694661712831703
Outros,Sergipe,1877.9927397261001,1026.132827478906,759.9153454530606,658.8125070863972,1026.5501040238435,367.73759693744626
Outros,Tocantins,1443.7282191778347,637.3928193521369,740.36592151849,636.6665647454655,921.1385123899522,284.4719476444867
Peugeot 106,Rio de Janeiro,102.47369863003492,258.48583933357116,183.3737285302708,180.16918970899968,186.3764553273589,6.20726561835923
Peugeot 106,Sao Paulo,332.9527397261001,133.87785917205287,157.22187343944074,155.7596114792542,158.5607743401432,2.801162860889008
Peugeot 206,Alagoas,348.1636986300349,466.5793724021127,548.6880838728905,532.4747066539625,571.2328337815352,38.75812712757272
Peugeot 206,Amazonas,205.14,517.5733645315395,579.302998573447,563.9638423509044,599.4924961484454,35.52865379754098
Peugeot 206,Bahia,1953.0983561640046,544.4574752950673,512.4799471262766,495.2281316684133,535.3830883688098,40.1549567003965
Peugeot 206,Ceara,914.2638356157393,580.5238918178894,489.2971971116024,476.6355252669962,507.3564776919048,30.720952424908603
Peugeot 206,Distrito Federal,3283.05013698617,644.7400775740626,577.4840822072389,520.7586075904366,645.1530000864914,124.39439249605482
Peugeot 206,Esperito Santo,1168.963698630035,416.1754557221459,559.624339428731,415.95373583463555,626.9916813679542,211.0379455333187
Peugeot 206,Goias,1487.1720547940395,665.5551365487956,689.168243243528,673.0450415343848,707.793979980883,34.74893844649819
Peugeot 206,Maranhao,252.85547945220023,606.3265875516938,667.3550973954644,617.1669076183758,695.6056852849133,78.43877766653748
Peugeot 206,Mato Grosso,395.55821917830036,511.2193103206621,709.4557504859284,685.6914727702974,750.8557108721325,65.16423810183505
Peugeot 206,Mato Grosso do Sul,381.6691780817695,793.058537032697,623.9361832213757,582.8811331903177,648.7207214146171,65.8395882242994
Peugeot 206,Minas Gerais,5377.17315068461,522.031171646874,526.023592065476,516.9199075491808,537.4846211036224,20.564713554441596
Peugeot 206,Para,508.31369863003493,678.8072029731683,665.7223073700973,627.9247536900879,692.9588618151467,65.03410812505888
Peugeot 206,Paraiba,293.3227397261001,863.9152908384339,535.7388475402173,502.92895651821635,594.5340942550906,91.60513773687427
Peugeot 206,Parana,7515.906849316042,577.6950256368756,558.2255770889466,539.4476339844862,577.9182808065515,38.470646822065305
Peugeot 206,Pernambuco,1595.3491780817694,349.3630157318656,452.91715959350813,445.52227032469864,464.4694916923396,18.947221367640964
Peugeot 206,Piaui,212.35999999999999,473.1164061028443,753.3146371687174,712.0936957330522,769.3256957979244,57.23200006487218
Peugeot 206,Rio Grande do Norte,355.8336986300349,540.2495624785483,509.2670483223225,483.9451732643425,542.1405067239608,58.195333459618325
Peugeot 206,Rio Grande do Sul,7749.829589039814,461.8541554851745,458.79843801673013,441.1613437546522,477.98152468368875,36.82018092903655
Peugeot 206,Rio de Janeiro,11622.563013698906,375.5779164075078,391.6367088292233,375.33682597010915,445.46702490387,70.13019893376088
Peugeot 206,Santa Catarina,5835.761506851409,501.30629851225854,506.9878283611676,491.47619623406393,526.686707684533,35.21051145046903
Peugeot 206,Sao Paulo,38926.68150684908,395.41007360958326,391.1229931337649,379.50569676593847,400.2383359940679,20.732639228129415
Peugeot 206,Sergipe,230.86,398.10707788269946,570.4996862181008,533.8396242969746,611.7511736059794,77.91154930900473
Peugeot 207,Alagoas,307.81191780786963,362.13672554932543,566.4219620378179,434.63381219557874,615.7539570825716,181.12014488699282
Peugeot 207,Amazonas,149.99273972610013,579.36137548182,638.129450703671,625.862201006575,651.0410231345847,25.178822128009756
Peugeot 207,Bahia,1321.7228767127358,504.39014996703673,572.6704040622898,555.7204059909282,581.4160537038354,25.695647712907203
Peugeot 207,Ceara,893.2082191778347,503.8399673642051,540.9900933361225,515.0843038422381,560.72272301068,45.63841916844194
Peugeot 207,Distrito Federal,826.2454794522002,670.366148771218,605.8447357279967,590.2165115500417,625.505221672535,35.288710122493285
Peugeot 207,Esperito Santo,556.294657533504,1056.5228194099675,698.6895070303776,683.0620485194397,717.1953754800426,34.13332696060286
Peugeot 207,Goias,860.7654794522002,807.9471314795213,763.2417212220238,739.0823082369416,780.0007879921053,40.91847975516373
Peugeot 207,Maranhao,293.0982191783003,993.5577255174258,743.5132885322415,715.9831615646598,768.79398031973,52.81081875507027
Peugeot 207,Mato Grosso,324.55369863003494,932.0953705871727,786.0125000250761,761.9532489686679,828.1775585352976,66.2243095666297
Peugeot 207,Mato Grosso do Sul,318.02465753396973,643.5507283838165,690.6237751545281,677.6822819060395,715.3015665021618,37.61928459612227
Peugeot 207,Minas Gerais,2096.413835617136,654.7958121044845,607.268137396162,577.3993983742737,655.7218156360926,78.32241726181894
Peugeot 207,Para,293.2082191778347,557.0478223904685,751.3342274060791,725.7454260886025,799.4100669862326,73.66464089763008
Peugeot 207,Paraiba,231.76821917783468,438.0842220740085,582.6125355021137,554.9067783098776,603.3211610755719,48.41438276569431
Peugeot 207,Parana,3802.6128767127357,610.5962072077111,603.9422999314075,587.734610748373,623.2784522646801,35.54384151630711
Peugeot 207,Pernambuco,1039.786438356135,357.0512042712771,509.05623183225225,499.72878690152453,517.1707123366801,17.44192543515561
Peugeot 207,Piaui,122.3782191778347,333.7522009586304,847.8065674743806,796.0581989923414,884.81824661055,88.76004761820855
Peugeot 207,Rio Grande do Norte,266.75013698617,425.85170258371613,583.6630000875808,570.7143678863697,597.7692206853179,27.054852798948218
Peugeot 207,Rio Grande do Sul,3270.1923287673108,519.2664006523721,509.89764058178815,497.0791546696268,526.1107825865278,29.03162791690096
Peugeot 207,Rio de Janeiro,4078.101917808335,463.3636034813808,495.82165661790725,481.61924050426177,505.999781462434,24.38054095817222
Peugeot 207,Santa Catarina,3093.2347945201395,476.08283813723665,546.8171602342474,475.7807392452058,582.6742176638788,106.89347841867306
Peugeot 207,Sao Paulo,14916.910410958975,461.067192234873,440.9371562979187,431.984796942354,461.2211134628923,29.236316520538253
Peugeot 207,Sergipe,162.48191780786962,614.4314477999388,624.6604640558762,592.2020225276957,668.0706906924988,75.86866816480313
Peugeot 207,Tocantins,146.82369863003493,1264.680032805109,843.2671919859254,829.8538716618671,871.2760692293886,41.42219756752149
Peugeot 306,Rio de Janeiro,296.78,171.2581710357841,211.29186261662542,178.0890884763287,230.4603831323578,52.37129465602911
Peugeot 306,Sao Paulo,363.2,235.29185022026434,182.60242475562885,154.88916489154596,197.25111895773327,42.36195406618731
Peugeot 307,Alagoas,172.5982191778347,1016.5574177750979,782.7376480254937,752.8718914888799,807.2235337685663,54.351642279686416
Peugeot 307,Bahia,856.1519178083353,777.3853987313001,746.6816250738038,721.2201290347884,778.8165902752587,57.59646124047026
Peugeot 307,Ceara,254.0509589039348,368.50087243874606,736.2503330401445,722.7530890102836,746.6609831183852,23.907894108101573
Peugeot 307,Distrito Federal,1283.1136986305005,903.4756633315578,806.3886839248211,785.0738444842336,819.1540288541959,34.08018436996224
Peugeot 307,Esperito Santo,498.8619178078696,656.7869550751892,906.8829247139812,885.4545306130949,934.5279244152274,49.0733938021325
Peugeot 307,Goias,542.5419178083353,600.1969420453823,779.0851127509887,599.3502008766463,1028.796953805175,429.44675292852867
Peugeot 307,Mato Grosso,194.62287671273575,1261.6399682675747,1065.1136130937007,1037.0080251292895,1092.87026087229,55.86223574300038
Peugeot 307,Mato Grosso do Sul,230.45821917830034,273.5550080391147,913.6497939596437,904.4439464618295,923.6917007094739,19.24775424764448
Peugeot 307,Minas Gerais,2002.5938356162048,733.7983238861963,792.152064727072,771.0506325566871,826.4172883696141,55.36665581292698
Peugeot 307,Para,151.06547945220024,350.0005440801579,972.2030998142995,871.0522892057149,1031.7819816980275,160.72969249231255
Peugeot 307,Paraiba,114.24273972610011,571.0384761115444,795.1893762495155,763.1784032881085,844.0322619897481,80.85385870163964
Peugeot 307,Parana,4026.2495890416762,908.0760939289486,853.0652323207614,797.3107767725537,908.6571242435666,111.3463474710129
Peugeot 307,Pernambuco,479.3454794522002,489.5905146914029,682.3544231140905,666.8536054523972,704.824183215413,37.97057776301574
Peugeot 307,Rio Grande do Norte,114.3,1205.2405949256342,780.4356435863123,754.2158214436727,794.7932268456067,40.577405401934016
Peugeot 307,Rio Grande do Sul,3552.7165753432364,686.3936225378194,674.2590982222314,654.3884511373776,710.1379503724098,55.749499235032204
Peugeot 307,Rio de Janeiro,3435.5410958905704,733.5950668774294,702.9182838331429,662.7534947358835,734.1787616840805,71.42526694819708
Peugeot 307,Santa Catarina,3254.121095891036,841.6207999936418,765.7829538456562,754.4738841795984,781.9861566219142,27.51227244231586
Peugeot 307,Sao Paulo,12521.776712328476,568.4716445224271,574.5665172104274,566.1621298179646,581.8728859371477,15.710756119183088
Peugeot 406,Sao Paulo,160.95,374.71264367816093,369.41679893607403,352.79159356369837,377.91567221070346,25.124078647005092
Peugeot 407,Parana,105.17,619.8725872397072,969.5072012600351,949.6990283301983,987.2794335869698,37.58040525677154
Peugeot 407,Rio de Janeiro,103.78,1354.4228174985547,776.8722568459372,748.0814271287628,798.7901088207833,50.70868169202049
Peugeot 407,Sao Paulo,244.7291780817695,595.9648994173807,690.8148129225892,677.3772144505941,701.7034393766041,24.326224926010013
Peugeot Boxer,Parana,127.69369863003493,694.8111062007519,899.0447862537111,882.3454218421828,916.3857432160185,34.040321373835695
Peugeot Boxer,Rio de Janeiro,151.57369863003493,326.4484567390186,724.3923983561971,697.1151037995156,750.3642144494847,53.24911064996911
Peugeot Boxer,Santa Catarina,153.6009589039348,959.4276041737968,852.154657550345,835.0087431877138,882.4911337473354,47.48239055962165
Peugeot Boxer,Sao Paulo,703.6509589039348,737.2419428065091,637.8480735931479,626.559636325023,649.161743673153,22.602107348129948
Peugeot Partner,Parana,119.77369863003493,330.48991934589685,537.8660806401983,525.5705168367342,549.6845280284228,24.114011191688633
Peugeot Partner,Rio de Janeiro,155.83,430.2573317076301,438.8053752195324,433.25617197219475,446.17133943148684,12.915167459292093
Peugeot Partner,Santa Catarina,123.63095890440047,503.2720004065694,505.3760244781621,498.5103803589316,519.5095425177151,20.999162158783463
Peugeot Partner,Sao Paulo,899.6464383566007,402.5481395352905,373.2154121045508,370.9293725275601,375.2434066235764,4.314034096016314
Porsche Cayenne,Sao Paulo,292.4109589039348,3293.573550081609,3293.9246019307334,3288.6371357686867,3299.610818662912,10.973682894225476
Renault - Sandero,Alagoas,207.21,380.7827807538246,484.56982837822625,466.7001918776991,507.9557268974148,41.255535019715694
Renault - Sandero,Amazonas,215.18,391.4118412491867,509.63785231146534,463.6841479786396,529.6960652220582,66.01191724341862
Renault - Sandero,Bahia,1968.0182191778347,336.48265729808355,424.13693316841784,336.218900692694,480.2159224162611,143.99702172356712
Renault - Sandero,Ceara,365.34739726006984,252.55688337179413,433.02157864192253,414.3411100954723,446.18898798011304,31.847877884640752
Renault - Sandero,Distrito Federal,2445.82,285.4801252749589,367.19974665710646,285.0610502029017,485.2254206276554,200.1643704247537
Renault - Sandero,Esperito Santo,576.1682191778347,542.1489585901425,551.9656988630303,532.9143118749868,572.2838819941211,39.36957011913432
Renault - Sandero,Goias,1041.8709589044004,707.4638118093791,602.903666174133,573.047345969764,626.0326739498762,52.985327980112174
Renault - Sandero,Maranhao,314.2427397261001,796.8616879367215,598.1749775508428,571.083243801108,617.3396076486795,46.25636384757149
Renault - Sandero,Mato Grosso,437.61,791.3347501199698,617.485206552335,594.0738214232524,638.1209852866108,44.04716386335838
Renault - Sandero,Mato Grosso do Sul,471.18547945220024,462.44846138579896,546.3125706566148,521.4244563816233,558.6341693643719,37.20971298274867
Renault - Sandero,Minas Gerais,3734.5356164393015,418.4972806579209,467.2311561515367,457.8645431915701,478.04690154453596,20.182358352965878
Renault - Sandero,Para,362.93191780786964,429.3091688961987,584.8107857778662,529.5165186738502,619.6125174164193,90.09599874256912
Renault - Sandero,Paraiba,407.65,631.3258923095793,482.42616400338136,475.17599162129886,492.9876455588397,17.811653937540825
Renault - Sandero,Parana,5613.391095890105,568.0352474165866,548.7161367017947,494.4331775271415,568.4818233554984,74.04864582835688
Renault - Sandero,Pernambuco,1480.9982191778347,356.49941584204026,408.0841376644426,390.38313879261284,421.00136130339763,30.61822251078479
Renault - Sandero,Piaui,208.37,387.5989825790661,668.7551596454092,624.3028064035055,708.4551381929894,84.15233178948381
Renault - Sandero,Rio Grande do Norte,508.9128767118044,691.4857456029416,457.10044927672163,435.44238706568086,470.6727926063878,35.230405540706954
Renault - Sandero,Rio Grande do Sul,4327.041917808801,475.8544148892118,427.4684915299017,393.9918780880528,476.086011125767,82.09413303771424
Renault - Sandero,Rio de Janeiro,5386.959178081769,409.49354303173004,397.09047721735095,386.3011571155233,406.4479644735775,20.14680735805416
Renault - Sandero,Santa Catarina,4011.87479452014,478.8798500452194,464.5546681919273,452.03382630140254,477.8938448980158,25.86001859661326
Renault - Sandero,Sao Paulo,18912.83835616447,367.80402121570944,360.20218964272135,347.59533859290684,368.02246395873226,20.427125365825418
Renault - Sandero,Sergipe,212.17547945220022,444.1370899375281,504.3084914988427,461.5918607702766,544.0786616581704,82.48680088789382
Renault - Sandero,Tocantins,122.19821917783469,301.96021061731676,679.98200318416,661.8934068783725,695.9038376925923,34.01043081421983
Renault 19,Sao Paulo,102.64547945220023,165.10225380058603,154.87526996347228,124.82841149867234,169.02670340520393,44.198291906531594
Renault Clio 1.0,Alagoas,236.11739726006985,288.48361361943233,418.06770450238906,412.9104920145061,423.6753211203378,10.764829105831723
Renault Clio 1.0,Amazonas,180.01191780833528,182.5379141562509,448.25518815277985,421.4026938614849,466.0805016552905,44.677807793805584
Renault Clio 1.0,Bahia,1759.3873972605354,313.58187563412497,405.2228964968655,394.65378493070295,413.85675158355826,19.20296665285531
Renault Clio 1.0,Ceara,469.35013698616996,383.50473519794434,387.89880838104835,379.77702170716435,401.06891511766383,21.291893410499483
Renault Clio 1.0,Distrito Federal,2116.774657534901,485.8741086770794,415.05032787767504,404.2987420989574,421.4446925144355,17.14595041547807
Renault Clio 1.0,Esperito Santo,670.3010958901048,474.1123085558892,488.5106266618909,478.6094835494866,504.81217073177174,26.20268718228516
Renault Clio 1.0,Goias,1166.0601369866356,629.5138447121215,542.9013191494813,515.1103260203478,568.0074076759457,52.89708165559796
Renault Clio 1.0,Maranhao,240.0546575344354,494.4832198599283,514.7413866200346,482.656271563516,529.4535003737112,46.797228810195236
Renault Clio 1.0,Mato Grosso,255.0436986305006,827.2425515035587,562.4622283909322,543.3525585045523,611.4577065034335,68.1051479988812
Renault Clio 1.0,Mato Grosso do Sul,350.81369863003493,349.55020422198896,474.3634600131346,464.0460839095786,483.6564878800009,19.610403970422283
Renault Clio 1.0,Minas Gerais,2619.542054794505,414.1739194506311,418.6019822297416,411.66611098722865,425.755403328097,14.089292340868326
Renault Clio 1.0,Para,258.24821917830036,344.21534554174906,527.6068611263222,508.75820202938286,551.4711279628897,42.712925933506824
Renault Clio 1.0,Paraiba,542.5282191783003,309.6023286206202,414.66465678712257,405.0154503044502,423.3076987608547,18.29224845640448
Renault Clio 1.0,Parana,6125.191369862445,434.39083603027944,423.1229149286161,413.79753481975285,432.00491899034665,18.207384170593798
Renault Clio 1.0,Pernambuco,2003.9091780822353,322.6458599380032,354.4299004169492,342.09707142132595,361.77235240481514,19.675280983489188
Renault Clio 1.0,Piaui,375.29561643883585,726.8776613714028,599.8742813091293,585.8769390947867,616.9229146089613,31.04597551417453
Renault Clio 1.0,Rio Grande do Norte,580.0373972600698,521.3818995612179,401.03865711868445,375.2840548386056,434.51659831839606,59.23254347979048
Renault Clio 1.0,Rio Grande do Sul,8878.658904111478,390.77376859171176,377.22413721175343,363.2566079763502,391.03737048299695,27.780762506646738
Renault Clio 1.0,Rio de Janeiro,5103.512876712735,339.4338452450048,349.24732337958176,332.2926423354299,358.56702202389573,26.274379688465842
Renault Clio 1.0,Santa Catarina,6839.013150685541,416.4622785839354,398.4570009403459,394.44238675161387,403.0179615494136,8.575574797799732
Renault Clio 1.0,Sao Paulo,26005.420410959443,297.3588535696625,303.38259549681817,297.267490704494,306.22009195825115,8.952601253757166
Renault Clio 1.0,Sergipe,233.98917808223516,203.6675387750256,445.56143598087465,412.63406142020744,470.49000559671777,57.85594417651032
Renault Clio Acima De 1.0,Bahia,227.3382191778347,223.20927903594443,454.7084048496739,444.1163239557438,465.46854836992316,21.352224414179375
Renault Clio Acima De 1.0,Ceara,109.72273972610012,575.0858952074653,442.22675694077503,430.4960998182888,472.35450734014483,41.85840752185601
Renault Clio Acima De 1.0,Distrito Federal,843.9509589039347,361.3112785558307,439.78323814068483,360.9266490441641,484.06100023338604,123.13435118922195
Renault Clio Acima De 1.0,Esperito Santo,269.97273972610014,588.0630768909127,546.9669036890473,538.6968411994434,558.2015816622559,19.504740462812492
Renault Clio Acima De 1.0,Goias,325.41095890440045,527.7695643017804,599.786522744457,581.2642141820405,617.2860237139993,36.02180953195875
Renault Clio Acima De 1.0,Mato Grosso do Sul,151.52095890440046,710.2053787020666,553.1671112555481,542.8895972404924,561.5982120383313,18.70861479783889
Renault Clio Acima De 1.0,Minas Gerais,1130.169315068405,277.05494727668133,468.1362034060354,455.03027258838773,481.3296375179816,26.299364929593878
Renault Clio Acima De 1.0,Paraiba,120.67917808176949,657.8102474828855,480.77775474664384,446.76738586567535,525.3437149648225,78.57632909914719
Renault Clio Acima De 1.0,Parana,1980.0638356171362,534.7539715405104,498.4126000901471,478.5774329671405,535.152710095919,56.57527712877851
Renault Clio Acima De 1.0,Pernambuco,328.8446575344354,354.8636030000887,401.03133966861685,389.3859116013759,418.49542236678565,29.109510765409766
Renault Clio Acima De 1.0,Rio Grande do Norte,127.55643835613505,421.53889441374355,451.02070812656785,443.6948103525628,460.4810408268378,16.786230474274987
Renault Clio Acima De 1.0,Rio Grande do Sul,2229.4875342467053,394.42561866447875,402.4214828685188,393.22464111454843,414.0083781883292,20.783737073780742
Renault Clio Acima De 1.0,Rio de Janeiro,2534.3664383556693,406.997182565769,393.62250767506674,388.8787513977276,398.45581305545926,9.577061657731633
Renault Clio Acima De 1.0,Santa Catarina,1720.6684931520372,589.0553607704385,456.8253441403329,449.1195047971319,469.67748618394035,20.55798138680842
Renault Clio Acima De 1.0,Sao Paulo,7207.443835617136,335.76050749659294,336.4683090939036,333.16788862610974,342.2319270854859,9.06403845937615
Renault Kangoo,Minas Gerais,180.36205479450524,230.52520690880198,404.17170840154284,399.1171139874513,413.6120761222997,14.494962134848379
Renault Kangoo,Parana,496.9246575339697,452.6480958225014,406.379775996191,399.50734270894225,411.28188635806777,11.774543649125519
Renault Kangoo,Rio Grande do Sul,408.87917808223517,526.5614184850913,345.20607930750964,337.7233447684982,358.0241884255025,20.300843657004293
Renault Kangoo,Rio de Janeiro,305.27643835566937,278.0234218440258,332.8884903105015,325.43506300143116,338.00732839307625,12.57226539164509
Renault Kangoo,Santa Catarina,379.59383561667056,363.0986256035685,393.5432378151843,385.6934872614225,415.3964196124512,29.70293235102872
Renault Kangoo,Sao Paulo,2215.523835616205,270.3049230943782,287.20273260234273,281.3822009845291,289.96427687016273,8.582075885633628
Renault Logan,Alagoas,227.88547945220023,451.39339394187465,463.2756132569968,440.8468298632353,481.2398905644718,40.39306070123649
Renault Logan,Amazonas,172.35547945220023,339.76871629567694,496.2882971447423,477.52787033245204,514.1840946990158,36.65622436656372
Renault Logan,Bahia,1382.6019178078695,325.4479790635792,428.23333342222173,386.7899384018824,459.9401562596199,73.15021785773752
Renault Logan,Ceara,393.23,552.236604531699,423.63500323759007,389.69156948489467,444.12383881085105,54.43226932595638
Renault Logan,Distrito Federal,1546.3682191778346,394.2185259886632,459.2347567358249,434.17755336270505,489.28070099209873,55.103147629393675
Renault Logan,Esperito Santo,447.9,748.5085956686761,535.4612998263689,503.9812468432144,559.8753824493061,55.89413560609171
Renault Logan,Goias,995.5282191783003,489.9338769146881,585.3874715328216,552.0189088881139,614.2255937097107,62.20668482159681
Renault Logan,Maranhao,257.41273972610014,678.0938666273076,576.7251368446373,549.6069077084579,598.4951010497708,48.8881933413129
Renault Logan,Mato Grosso,365.0191780817695,648.0344436779444,602.1525623250927,554.534241176558,621.7813299448889,67.24708876833085
Renault Logan,Mato Grosso do Sul,463.1882191778347,487.1540135466337,547.4613909636975,521.828387677724,570.6331368972999,48.80474921957591
Renault Logan,Minas Gerais,2226.94739726007,468.102210803258,454.88791436057153,442.09475606289413,469.1966455471978,27.101889484303683
Renault Logan,Para,316.39,593.1002876197099,578.3667019593769,537.0365655774839,603.3401388795487,66.30357330206482
Renault Logan,Paraiba,313.8954794522002,485.5533449095413,462.85965143079034,432.3168919406542,518.7975582373871,86.48066629673286
Renault Logan,Parana,3331.85013698617,571.4092536353181,493.8249127410008,450.19383325731025,571.7152361407967,121.52140288348647
Renault Logan,Pernambuco,1257.5873972600698,332.8118593680895,393.1864909044219,378.21516306178927,408.0866742947135,29.871511232924206
Renault Logan,Piaui,231.05547945220025,740.133929762,644.3646891529293,618.2883196737306,665.1662960316976,46.877976357966986
Renault Logan,Rio Grande do Norte,411.0519178078696,476.1539638199271,446.91762535280355,426.4152138108238,468.56356068256747,42.14834687174368
Renault Logan,Rio Grande do Sul,3104.3191780822353,606.088772470341,551.4909467689961,415.5041405238346,606.6635497851366,191.15940926130202
Renault Logan,Rio de Janeiro,5082.2127397261,335.10501964775784,365.94422052088487,334.9030373469836,398.0336978645416,63.130660517558
Renault Logan,Santa Catarina,2275.2919178083353,474.2587056870558,442.1732015952841,423.23609847586687,459.80527110142805,36.56917262556118
Renault Logan,Sao Paulo,12799.0609589044,325.07697348729204,329.076711115549,315.5313463341419,339.04824308254035,23.516896748398437
Renault Logan,Sergipe,240.64821917830037,371.6753039162536,482.18729601736317,454.93655652963514,527.3566993557088,72.42014282607363
Renault Logan,Tocantins,112.02273972610011,468.2709968374222,664.7634931506219,642.1968918080465,690.832580798231,48.63568899018446
Renault Master,Bahia,240.95821917783468,788.298488626417,1202.0364202152919,1107.3295919904037,1268.4222264186108,161.09263442820702
Renault Master,Goias,107.84547945220024,1183.6750195596226,1605.0609383986616,1526.2598963803591,1666.8131833500336,140.55328696967445
Renault Master,Minas Gerais,152.02369863003491,1070.9317130627596,1250.5998266211136,1188.6832086539325,1309.5775399839156,120.89433132998306
Renault Master,Parana,391.98821917830037,1029.0411299746781,1178.5777117572807,1027.8533822330232,1292.5575469936546,264.70416476063133
Renault Master,Rio Grande do Sul,356.64,1729.6068864961867,1228.07610636738,1051.0917668177915,1730.2572467504326,679.1654799326411
Renault Master,Rio de Janeiro,319.75369863003493,1392.077720780394,1046.2159684908952,976.0046318890476,1089.9133382648763,113.90870637582873
Renault Master,Santa Catarina,324.0854794522002,1620.9735804515801,1209.6313641328486,1138.9015511029245,1306.3441104535996,167.44255935067508
Renault Master,Sao Paulo,1865.5210958896391,796.9263940652588,892.749708214208,856.0604462859736,913.8546800636243,57.794233777650675
Renault Megane,Bahia,361.11,386.88488272271604,678.4409396455832,641.819029498524,712.0881521595502,70.26912266102624
Renault Megane,Distrito Federal,1116.2454794522002,588.1627402622902,677.2565794988625,587.7115099506188,722.1882678668187,134.47675791619986
Renault Megane,Esperito Santo,202.63821917830035,1143.0864371946898,815.0576382835277,769.0557355566898,865.780088879048,96.72435332235818
Renault Megane,Goias,470.14013698617,929.9269847553154,932.7287855850084,917.7011824586102,951.3849087561673,33.68372629755709
Renault Megane,Mato Grosso,124.77095890393481,1272.1389768448303,937.9988356866311,874.6239103023545,1051.2967395847631,176.67282928240866
Renault Megane,Mato Grosso do Sul,149.91095890440047,891.8160551908496,832.5577775600963,792.8930064449451,865.8323197315905,72.93931328664542
Renault Megane,Minas Gerais,1064.9836986305006,481.4965718812497,700.5355827375028,644.7344884501268,756.600005033901,111.86551658377414
Renault Megane,Paraiba,155.30369863050058,534.7779913316821,721.9745236929477,707.9567740365073,734.5847532976744,26.62797926116707
Renault Megane,Parana,3552.95027397234,847.9392526458573,816.7158215809131,729.625879925467,848.6670167605216,119.04113683505466
Renault Megane,Pernambuco,345.61095890393483,368.1711957385253,603.741596655413,585.5481333617973,621.4139749286117,35.86584156681431
Renault Megane,Rio Grande do Norte,120.2982191778347,928.6338631069566,692.6841882091459,654.1014464917176,759.1364844679227,105.0350379762051
Renault Megane,Rio Grande do Sul,3129.6531506850756,716.238475023765,622.8971471153084,609.6599836746412,637.398126358876,27.73814268423473
Renault Megane,Rio de Janeiro,1805.4809589044005,573.3984592272936,594.8377247131416,561.0913854215098,624.6369197555296,63.54553433401975
Renault Megane,Santa Catarina,2538.5458904111756,791.9139880801541,700.6195993210223,684.1739184102847,712.9033622697572,28.72944385947244
Renault Megane,Sao Paulo,6289.629315068405,469.65549987549196,497.8763202292058,469.4179709414971,521.7849736155036,52.36700267400653
Renault Scenic,Bahia,305.55547945220025,407.92919251019,482.9796861522283,468.8186875678965,492.7951558419943,23.976468274097783
Renault Scenic,Distrito Federal,851.5636986300349,396.1030754864814,504.251267968857,490.10234127028764,515.321194479463,25.218853209175336
Renault Scenic,Esperito Santo,217.11273972610013,995.2156666282663,585.2893292488365,578.029632607492,591.8708169025892,13.841184295097264
Renault Scenic,Goias,408.4364383556694,743.3029266983028,644.6199765188691,635.2885106252788,655.798565979284,20.510055354005203
Renault Scenic,Mato Grosso do Sul,145.8164383556694,615.4518723129323,578.3866389751661,569.9988361215977,587.2544296445843,17.2555935229866
Renault Scenic,Minas Gerais,1455.471917808801,446.82964476504134,487.20888316601963,454.81438211599317,512.9915879260778,58.17720581008467
Renault Scenic,Parana,4033.5101369871013,508.86471839467293,508.5876805109197,501.22064487183457,521.3006914838362,20.080046612001638
Renault Scenic,Pernambuco,302.95,510.5165868955273,423.28480755059815,412.203836684411,433.6519270827511,21.448090398340128
Renault Scenic,Rio Grande do Sul,4537.767534247171,469.78431220004467,433.360422607048,422.47943553434357,443.9736010721534,21.494165537809806
Renault Scenic,Rio de Janeiro,2492.93479452014,359.68329455347737,414.3943267803667,403.1210727368217,425.0507723373198,21.92969960049811
Renault Scenic,Santa Catarina,3127.3583561644705,481.23010816252355,483.6101399801742,477.247613823646,489.2092433763987,11.961629552752697
Renault Scenic,Sao Paulo,10879.553972603306,370.3571865304922,371.13839245828865,367.29406930471845,374.0778048974981,6.783735592779635
Renault Trafic,Sao Paulo,166.47547945220023,128.46336331555975,129.00625753906328,127.19046426253807,131.10114061451168,3.9106763519736063
Renault Twingo,Sao Paulo,348.65,306.5481141545963,295.8694070119836,284.24786116807786,307.75124457104715,23.50338340296929
Saab-scania,Parana,280.3464383566007,672.0862983118536,984.6935077704946,897.5025933206847,1007.9879244661574,110.48533114547274
Saab-scania,Rio Grande do Sul,126.52,827.3158393929814,833.8392560280805,729.9160163244753,869.7684728169315,139.8524564924562
Saab-scania,Sao Paulo,444.7419178083353,926.5013786660371,726.2598128542577,706.8590876367548,811.9657380187288,105.10665038197396
Scania Caminhoes - Outros,Bahia,102.22,1284.0637839953042,2069.626058849773,1384.5132318244966,2618.9210767480317,1234.407844923535
Scania Caminhoes - Outros,Goias,234.76821917830034,1559.0824059623465,2693.8593299100926,1557.3740478647233,3499.9525271542757,1942.5784792895524
Scania Caminhoes - Outros,Mato Grosso,407.06821917830035,2222.787133386299,2667.172609619788,2219.7381802406107,3500.582746610753,1280.8445663701423
Scania Caminhoes - Outros,Mato Grosso do Sul,177.77,1579.9797491140237,2556.0561920107916,1693.4225838473894,3109.1945412531622,1415.7719574057728
Scania Caminhoes - Outros,Minas Gerais,891.7601369866356,673.2236339119935,675.5316362568739,672.5903728914241,681.1149475934407,8.524574702016594
Scania Caminhoes - Outros,Parana,2351.7076712328753,2806.6872769691245,2574.2580317009565,2372.350115012898,2807.432051116586,435.0819361036879
Scania Caminhoes - Outros,Rio Grande do Sul,1424.5073972600699,3379.9677062126007,3379.4578585991303,3376.779600804187,3382.1512704776314,5.371669673444558
Scania Caminhoes - Outros,Rio de Janeiro,127.67095890440046,1439.7949351789841,1815.3559121384928,1209.8532546042447,2249.3372148573603,1039.4839602531156
Scania Caminhoes - Outros,Santa Catarina,957.3664383561351,3777.3592797022093,3432.989074901864,2579.570695344348,3779.8678036659935,1200.2971083216453
Scania Caminhoes - Outros,Sao Paulo,3027.1947945206052,3010.7094583067023,3010.420614724977,3008.729068983418,3012.0746087675243,3.345539784106222
Seat Cordoba,Sao Paulo,109.73,87.60594185728607,119.28384361409262,86.78272272812468,290.58613879066735,203.80341606254268
Ssangyong - Outros,Bahia,100.39273972610012,2581.760401271485,2640.031506954382,2581.340023733254,2686.7342323967678,105.39420866351384
Ssangyong - Outros,Rio Grande do Sul,174.4336986300349,2950.450538181637,2329.4527215263256,2238.8884237426046,2399.707024750408,160.8186010078034
Ssangyong - Outros,Santa Catarina,103.55369863003493,2179.5068933881485,2661.98090264586,2599.87928968799,2737.724712112344,137.84542242435418
Ssangyong - Outros,Sao Paulo,151.4,1644.0422721268162,1989.4650006491852,1922.69297739051,2060.900266275359,138.20728888484928
Subaru - Outros,Sao Paulo,183.27273972610013,1059.737527197236,1060.0867081668525,1055.9845569178879,1064.2487351730533,8.264178255165461
Subaru Forester,Sao Paulo,877.1964383556693,1033.2554492571967,1033.3304791686976,1031.4756874408552,1035.1426444592005,3.666957018345329
Subaru Impreza,Sao Paulo,685.694794519674,2621.5963929830045,2621.722061688447,2618.5408223217105,2624.9234491244893,6.382626802778759
Subaru Legacy,Sao Paulo,250.2719178078696,686.5132992343954,670.2068963606871,623.0761850149389,689.0462075172388,65.97002250229991
Subaru Outback,Sao Paulo,168.15547945220024,400.2664689801717,391.18820971155486,362.8251718479099,403.54514176418365,40.719969916273726
Sundown Motos Ate 450cc,Goias,368.0191780817695,0.0,27.12502295142866,26.43385144743452,27.784040564180017,1.3501891167454971
Sundown Motos Ate 450cc,Parana,112.24821917783468,43.67107145133206,21.587073129855046,20.818710192100436,22.693674952915973,1.874964760815537
Sundown Motos Ate 450cc,Sao Paulo,194.33095890440046,53.34713551791798,15.2519136256006,14.70594636365291,15.944529137167416,1.2385827735145067
Suzuki - Outros,Sao Paulo,162.32,296.34056185312966,297.06653621184756,294.44990326163946,299.73022926758074,5.280326005941276
Suzuki Grand Vitara,Ceara,179.99547945220024,1042.3150657504284,1017.1010405666624,999.6934535538038,1064.6983472437478,65.00489368994397
Suzuki Grand Vitara,Distrito Federal,129.28,709.5374381188119,1073.9788693256044,1049.5720824796654,1087.1128054835967,37.54072300393136
Suzuki Grand Vitara,Minas Gerais,201.62643835613503,1863.0840432567206,1084.851912024012,1070.3609477551458,1101.5071893025927,31.146241547446834
Suzuki Grand Vitara,Rio Grande do Norte,169.64,1397.241216694176,1037.013290101966,1001.3100730429695,1062.6591871663638,61.349114123394315
Suzuki Grand Vitara,Rio Grande do Sul,161.47273972610012,730.7425401968796,942.1202560981667,884.9938586640636,974.8480034874109,89.85414482334727
Suzuki Grand Vitara,Rio de Janeiro,332.21643835566937,343.10463553271916,889.7176962134546,868.9252870370871,915.644660770056,46.71937373296896
Suzuki Grand Vitara,Sao Paulo,656.1209589044005,838.066506697462,776.2230752725194,751.5126582247289,799.2311046257813,47.71844640105246
Suzuki Motos Acima De 450cc,Distrito Federal,103.93,1995.9299528528816,1140.5709982540532,1076.9606762324158,1175.873724376283,98.91304814386717
Suzuki Motos Acima De 450cc,Minas Gerais,233.07095890440047,1564.5535664937586,1098.5867046558644,1050.5279327928938,1145.033401157943,94.50546836504918
Suzuki Motos Acima De 450cc,Parana,287.1619178078696,752.5997933493302,1113.117340027049,1075.2113535560559,1132.4000152332874,57.188661677231494
Suzuki Motos Acima De 450cc,Rio Grande do Sul,184.0382191778347,1242.8125039559573,968.1310573158308,946.0840409917039,997.2849566160315,51.20091562432765
Suzuki Motos Acima De 450cc,Rio de Janeiro,349.03547945220026,852.3660702543074,939.1943661279895,915.8456421696172,958.4869281474753,42.64128597785805
Suzuki Motos Acima De 450cc,Santa Catarina,190.00369863003493,685.2708707188184,1086.4340683707583,1054.6760565387467,1140.3612958246283,85.68523928588161
Suzuki Motos Acima De 450cc,Sao Paulo,3003.154657534901,773.7183944789884,786.1968204292451,773.3296936431913,795.6461124916134,22.31641884842213
Suzuki Motos Ate 450cc,Bahia,264.02,50.079539428831154,78.28857601085551,61.838945687482074,85.70342499009583,23.864479302613752
Suzuki Motos Ate 450cc,Goias,136.66,6.67349626811064,107.89326461778523,90.37202646546805,115.46224703429908,25.09022056883103
Suzuki Motos Ate 450cc,Maranhao,101.28,38.74407582938389,102.86350214758832,82.14382726718792,112.82457050273852,30.680743235550608
Suzuki Motos Ate 450cc,Minas Gerais,348.75,134.4,81.16487500345208,62.605953406583666,88.85447758602923,26.248524179445567
Suzuki Motos Ate 450cc,Para,145.53,65.8970658970659,104.55838962660486,83.67362111827562,119.2450405031238,35.571419384848184
Suzuki Motos Ate 450cc,Parana,187.6582191778347,36.13484146715669,83.3039064962277,65.80871110052213,91.5117109326725,25.70299983215037
Suzuki Motos Ate 450cc,Rio Grande do Sul,155.57547945220023,78.62421535238282,70.71934385919474,56.70835059754735,78.7230120795397,22.01466148199235
Suzuki Motos Ate 450cc,Rio de Janeiro,308.52,50.5186049526773,69.02175197990508,54.96347027632328,74.69486742529955,19.73139714897627
Suzuki Motos Ate 450cc,Sao Paulo,3039.013698630035,76.02269121200356,66.27113942799062,62.6070129245285,76.12917473824429,13.52216181371579
Suzuki Vitara,Sao Paulo,184.31,185.71428571428572,201.24318513818187,184.82045535507785,253.59002150750405,68.7695661524262
Toyota Band,Minas Gerais,167.2182191778347,0.0,59.80736504621175,58.66391971785604,60.94313805231578,2.279218334459742
Toyota Band,Parana,305.8419178078696,31.509742252054473,59.857334184141386,58.15871339627277,61.66061198674906,3.501898590476287
Toyota Band,Rio de Janeiro,165.9682191778347,0.5422724931666896,50.13253330806413,49.41229065776629,50.62883129666148,1.2165406388951894
Toyota Band,Santa Catarina,198.07917808270082,0.3079576591060553,58.34629915348839,57.3736713926931,59.571068782215306,2.1973973895222088
Toyota Band,Sao Paulo,388.00739726006987,141.8813156366216,43.13169287378129,41.58656690830232,44.523391653180084,2.936824744877761
Toyota Camry,Rio Grande do Sul,101.59547945220024,531.854372766876,860.1711567469806,832.2627615102903,885.1160827627518,52.85332125246157
Toyota Camry,Sao Paulo,809.2909589039348,767.0739344978758,725.9461044666616,721.9414463547187,729.9249798076198,7.983533452901156
Toyota Corolla,Acre,228.4127397261001,1050.4405327291092,1156.5018910172244,1020.3806056513406,1219.6288034449049,199.24819779356426
Toyota Corolla,Alagoas,518.06287671227,837.8230124392155,657.2919121584591,633.7943416948063,675.1381558317162,41.34381413690983
Toyota Corolla,Amazonas,610.4736986305006,718.8941980375652,727.0012898455755,714.1023259859024,755.0428793607523,40.940553374849856
Toyota Corolla,Bahia,3896.85301369844,591.8942777394918,632.0352874469148,609.0553429068526,659.5311439146135,50.47580100776088
Toyota Corolla,Ceara,3494.7231506841445,879.9166249830147,808.9755016714721,627.8000947724527,880.5934052157735,252.79331044332082
Toyota Corolla,Distrito Federal,4579.120273970943,472.6597840862334,514.2025871945003,472.2138147749639,661.9840453293588,189.77023055439486
Toyota Corolla,Esperito Santo,3355.969178082235,573.6721339914594,660.3489303310322,573.1873077406251,768.7593742093231,195.57206646869804
Toyota Corolla,Goias,3927.6928767118043,827.2912628342508,861.5171851493723,833.2248655363276,878.9689966652851,45.74413112895752
Toyota Corolla,Maranhao,746.3301369871012,1070.8665781960951,830.9493611398638,824.993642205005,839.0763659676313,14.082723762626301
Toyota Corolla,Mato Grosso,2333.991917808335,864.0025634251571,880.8264965080712,842.9558722680789,927.9802559804801,85.02438371240123
Toyota Corolla,Mato Grosso do Sul,1742.4454794522003,982.3251402609839,867.790951808205,754.9000282182575,983.1853108497476,228.28528263149008
Toyota Corolla,Minas Gerais,10338.271369863376,661.4119281036404,659.6665318705814,647.0960144047311,679.8773229408517,32.781308536120605
Toyota Corolla,Para,1074.5291780822351,694.5795565384649,830.7278156586781,800.1857632885669,864.1153307974051,63.929567508838204
Toyota Corolla,Paraiba,1039.85013698617,1035.3934299806892,840.4749348509846,664.1492393986815,1036.3532264090609,372.20398701037936
Toyota Corolla,Parana,7980.83589041071,642.9436803938512,673.1119240980101,668.6562984514009,685.523840455655,16.86754200425412
Toyota Corolla,Pernambuco,3427.3001369871013,521.4250076070083,561.23999616844,555.4047889541148,568.063018879273,12.658229925158253
Toyota Corolla,Piaui,554.6901369857043,1410.061127551936,914.4228605656187,891.4615710430793,944.7465803189057,53.28500927582638
Toyota Corolla,Rio Grande do Norte,1133.7754794522002,686.162308233972,643.2560463907176,623.822522371212,663.9033811078947,40.08085873668267
Toyota Corolla,Rio Grande do Sul,9724.654931506775,601.5217034640469,592.8205099757649,582.6337203537727,601.8466609105604,19.21294055678777
Toyota Corolla,Rio de Janeiro,11375.181232876741,548.3505600747724,557.5797517080124,551.2423141598696,563.7842930266943,12.541978866824707
Toyota Corolla,Santa Catarina,5509.790547946077,693.8285524165833,649.8590634847658,606.428544145499,694.1245836424276,87.69603949692862
Toyota Corolla,Sao Paulo,58364.54315068461,440.5547719891369,440.5576839265807,440.41348135955894,440.6986960812644,0.28521472170547213
Toyota Corolla,Sergipe,925.4456164379045,740.3946680706712,711.9123141961004,688.9900242503655,757.9229932454226,68.93296899505708
Toyota Corolla,Tocantins,396.1293150684051,865.5128185622781,941.7746701772774,908.6076974336087,985.0125243274562,76.40482689384748
Toyota Hilux,Acre,413.9082191783003,2789.7416540612066,2554.8789379189548,2437.9904159119424,2791.6215877819095,353.63117186996715
Toyota Hilux,Alagoas,481.83465753490105,1392.6540764689491,1362.7901201004863,1327.6139565474998,1434.6031635696313,106.9892070221315
Toyota Hilux,Amapa,113.01,1201.8582426333953,2192.6985811375557,1978.6729940765485,2394.7500294199376,416.07703534338907
Toyota Hilux,Amazonas,419.84095890440045,1006.200064668279,1324.5279536900866,1005.516343607175,1556.6255948494309,551.1092512422558
Toyota Hilux,Bahia,2656.442054793574,1658.7679720130063,1587.4015060139293,1391.1334943818297,1659.9205551246541,268.78706074282445
Toyota Hilux,Ceara,3374.9654794522003,1341.4904619216634,1311.6251181471514,1238.154265462259,1342.2511169595389,104.09685149727989
Toyota Hilux,Distrito Federal,1425.0428767118044,1103.621530061554,1246.6480887170408,1102.5538787765934,1416.4230773070994,313.8691985305061
Toyota Hilux,Esperito Santo,1458.7591780827008,1419.9746134399759,1529.3846443998902,1419.1979773880855,1660.0937854160563,240.89580802797082
Toyota Hilux,Goias,3658.721095891036,1915.5994174770876,1903.6481749413863,1867.907934020699,1916.6738452568502,48.76591123615117
Toyota Hilux,Maranhao,1400.2846575344354,1583.8043986748894,1708.2528433664997,1645.0977146043535,1784.478593021187,139.3808784168334
Toyota Hilux,Mato Grosso,3046.3546575344353,1547.3713765865805,1590.6369225629946,1546.403790978294,1729.8724076778751,183.46861669958116
Toyota Hilux,Mato Grosso do Sul,1817.0882191783003,1153.7062305912698,1229.6092516211927,1152.8187192655573,1490.887686879406,338.0689676138486
Toyota Hilux,Minas Gerais,4938.239589039814,1555.6918333915332,1517.215766726447,1406.0320360566034,1556.5194552338762,150.48741917727284
Toyota Hilux,Para,1400.8756164388358,2333.6511547759787,2033.0843672275953,1750.588976275831,2335.1289450204517,584.5399687446206
Toyota Hilux,Paraiba,850.3119178078696,982.9228339580316,1156.1802838671595,981.8025437032675,1422.8847920779026,441.0822483746351
Toyota Hilux,Parana,4056.942054795902,1117.7300387220164,1117.8138102151506,1116.9340320983044,1118.6819420244872,1.7479099261827287
Toyota Hilux,Pernambuco,1819.3719178078695,2095.2659336377446,2094.7816281767064,2092.741743166475,2096.7051883928166,3.963445226341719
Toyota Hilux,Piaui,890.9782191783004,1859.4079679387391,1953.5643982408308,1867.2564203114243,2038.2452433370909,170.98882302566653
Toyota Hilux,Rio Grande do Norte,1076.8310958901047,1478.1658944240253,1355.82413726711,1259.6458197290094,1442.8958096183735,183.2499898893641
Toyota Hilux,Rio Grande do Sul,4333.80205479404,1306.4320724424672,1251.371233468554,1138.8319130040798,1307.1405592305232,168.30864622644344
Toyota Hilux,Rio de Janeiro,2997.50739726007,1004.322792581521,1076.2543946659246,1003.6132370459792,1208.2893984859468,204.6761614399676
Toyota Hilux,Santa Catarina,2800.269589042142,1438.8889611797167,1349.2363357811905,1329.2888461473203,1372.986368833175,43.697522685854665
Toyota Hilux,Sao Paulo,11423.628767122049,1015.2319579378093,998.0814220871385,941.5902294031471,1022.5825915992942,80.99236219614716
Toyota Hilux,Sergipe,618.6719178078696,1234.0595686082206,1438.7344879192997,1229.7667077199167,1581.5848520870193,351.8181443671026
Toyota Hilux,Tocantins,604.5301369857043,1735.5859299778986,1914.8693726526997,1851.1186172589732,1998.9265686580654,147.8079513990922
Toyota Land Cruiser,Ceara,105.69547945220023,585.6068804531217,1005.6397681035911,991.9892550992005,1022.7138874360793,30.724632336878813
Toyota Land Cruiser,Rio Grande do Sul,171.61547945220025,1462.3214689086285,924.5493109469198,908.7937567888515,947.2111503878366,38.417393598985086
Toyota Land Cruiser,Rio de Janeiro,137.53,99.81822147895005,889.0229607962082,843.4001242695122,918.6020979577335,75.2019736882213
Toyota Land Cruiser,Sao Paulo,491.14,915.2380176731685,791.6823154595207,773.3062094182005,806.9781051652366,33.67189574703605
Toyota Rav4,Minas Gerais,177.08547945220025,1547.8908877675021,1251.0391733347903,1223.468496280763,1276.4463203337614,52.97782405299836
Toyota Rav4,Parana,161.90643835566937,288.94465516702456,1221.849335538102,1195.6800860839344,1244.534335020212,48.8542489362776
Toyota Rav4,Rio Grande do Sul,306.5264383566007,753.4521369126354,1055.3562499102356,1020.2811381426715,1084.7829310899056,64.5017929472341
Toyota Rav4,Rio de Janeiro,243.1627397261001,959.1601092450013,1052.3723978266696,1024.485201095066,1079.1662459597094,54.681044864643354
Toyota Rav4,Santa Catarina,184.62821917830036,1277.4320255574441,1197.0313257229313,1180.0296723033573,1230.0194301564866,49.98975785312928
Toyota Rav4,Sao Paulo,1412.6482191778348,1044.8213362411032,903.91165365593,893.275870852895,910.5260866075237,17.250215754628698
Triumph Motos Acima De 450cc,Sao Paulo,259.4109589039348,1560.974916830539,1561.3449237349648,1557.2993480638538,1565.4934112633669,8.194063199513039
Troller T4,Ceara,140.44,506.67900882939335,645.9469195609659,618.0842614986587,666.6215688082864,48.537307309627636
Troller T4,Minas Gerais,161.6027397261001,533.1221496988362,676.9734889932155,643.9608227832114,694.3858424370911,50.42501965387976
Troller T4,Parana,181.59,450.7406795528388,714.002130394625,694.8887700194373,739.1088647877102,44.22009476827293
Troller T4,Rio Grande do Sul,120.71273972610012,294.6167909095221,610.223754259027,587.9632262912857,627.4006605216665,39.43743423038086
Troller T4,Rio de Janeiro,130.49,0.0,577.8038652832147,563.672624850889,587.6766236246546,24.003998773765602
Troller T4,Santa Catarina,161.21547945220024,584.6522946820763,668.6234292356962,646.0799072839551,699.8014022170294,53.72149493307427
Troller T4,Sao Paulo,531.4727397261001,915.3526862934023,505.5343646038886,496.57517580024665,523.0380214000395,26.462845599792843
Volkswagen Caminhoes - Todos,Alagoas,247.53369863003493,283.66642759597215,751.4119440021311,699.1916399959106,826.7017699082297,127.51012991231914
Volkswagen Caminhoes - Todos,Amazonas,223.94,311.5700634098419,803.1081696350298,759.983547133942,875.3981351923495,115.4145880584075
Volkswagen Caminhoes - Todos,Bahia,1993.024794521071,720.5374483788528,696.2697551520876,638.084616942277,760.9273929767727,122.84277603449573
Volkswagen Caminhoes - Todos,Ceara,657.5409589039348,414.6813917942357,669.7601433997089,631.0407440670591,722.6471117627997,91.60636769574057
Volkswagen Caminhoes - Todos,Distrito Federal,473.92643835613507,163.06117098689523,344.38225575458176,164.36444271255706,766.576788841209,602.2123461286519
Volkswagen Caminhoes - Todos,Esperito Santo,823.3209589044004,720.1092035710489,836.271435481657,763.230115442877,899.6854418614128,136.45532641853572
Volkswagen Caminhoes - Todos,Goias,1355.8083561644703,904.7952790838148,954.7132138536156,892.6382122287025,1008.8211097959944,116.18289756729189
Volkswagen Caminhoes - Todos,Maranhao,450.4782191778347,623.6261555835569,898.7029761441332,797.0884399258658,998.1078975572308,201.01945763136496
Volkswagen Caminhoes - Todos,Mato Grosso,791.8436986305006,575.4241661429434,856.128206953183,575.1246617040771,1006.8809199513295,431.7562582472524
Volkswagen Caminhoes - Todos,Mato Grosso do Sul,544.241917808801,863.3991330397323,867.3676818785341,826.4981447628002,901.021262387421,74.5231176246208
Volkswagen Caminhoes - Todos,Minas Gerais,4413.925890412107,847.8275559924737,802.1527816656786,757.2139992304219,848.3524206631591,91.13842143273723
Volkswagen Caminhoes - Todos,Para,718.3673972605355,949.7730584682289,923.222856133976,842.1390932200776,1009.1498139425598,167.01072072248223
Volkswagen Caminhoes - Todos,Paraiba,240.39821917783468,810.7630774744558,737.2489363002296,691.6076154439037,766.6378009406791,75.0301854967754
Volkswagen Caminhoes - Todos,Parana,4408.079452055972,833.2830748517459,803.4546466259972,772.7592620493745,833.8295612878496,61.07029923847517
Volkswagen Caminhoes - Todos,Pernambuco,1211.8119178083352,943.1298563782278,714.5797300952966,568.6660152338064,943.6610631821687,374.9950479483623
Volkswagen Caminhoes - Todos,Piaui,314.53,30.925507900677204,456.9622104792242,36.278054903500774,1127.9696367692852,1091.6915818657844
Volkswagen Caminhoes - Todos,Rio Grande do Norte,379.5154794522002,307.7134038605364,678.3666632617477,567.6269608482671,733.336176130503,165.70921528223585
Volkswagen Caminhoes - Todos,Rio Grande do Sul,2321.4393150693363,1105.3986995664177,862.930073173778,669.4522081509867,1106.1360898490245,436.6838816980378
Volkswagen Caminhoes - Todos,Rio de Janeiro,3914.7465753427705,582.0777810631282,616.7309498776184,581.5930476308246,660.1956309591853,78.60258332836077
Volkswagen Caminhoes - Todos,Santa Catarina,3317.4275342467054,764.221968325733,732.5262561612889,655.9990461966448,765.5823528407255,109.58330664408072
Volkswagen Caminhoes - Todos,Sao Paulo,17078.180958902725,1029.5126303152638,1029.4498020363378,1029.0191075228793,1029.8720592819304,0.8529517590511659
Volkswagen Caminhoes - Todos,Sergipe,321.70095890440047,1415.2646655159604,774.1520735479606,691.4269148067881,859.9249320027951,168.49801719600703
Volkswagen Caminhoes - Todos,Tocantins,284.20917808223516,1535.7843224672517,1131.1668231377382,977.914472660725,1536.8811469305463,558.9666742698213
Volvo - Outros,Rio de Janeiro,129.03,2232.077811361699,2963.868692599867,2230.9541143574675,3269.9762431308163,1039.0221287733489
Volvo - Outros,Sao Paulo,381.3328767122701,3145.4775427219406,2881.7116786877473,2792.7211027759995,3147.261211778142,354.54010900214234
Volvo Caminhoes - Todos,Bahia,223.12369863003494,2666.117510835863,2916.22427294155,2672.0817963258996,3117.2417819574016,445.15998563150197
Volvo Caminhoes - Todos,Ceara,127.60273972610011,2592.546215779521,2721.373826144261,2461.3616409641672,2907.0996355597536,445.7379945955863
Volvo Caminhoes - Todos,Esperito Santo,210.9127397261001,3491.7663150950216,3499.4878973033847,3228.57113444795,3658.1595257878835,429.5883913399334
Volvo Caminhoes - Todos,Goias,483.7491780822352,2109.3555218951437,2381.955830303328,2107.244655850385,3503.955416870494,1396.7107610201092
Volvo Caminhoes - Todos,Mato Grosso,500.8901369871013,2164.193143271885,2180.974252954462,2155.562014041897,2190.2549604488822,34.69294640698536
Volvo Caminhoes - Todos,Mato Grosso do Sul,219.08369863003492,4903.5140757511535,3442.3151930943372,3103.8132222624176,3640.827359522595,537.0141372601774
Volvo Caminhoes - Todos,Minas Gerais,1093.3209589044004,2813.766602519686,2886.3765828094133,2811.1149051768493,3094.5415602985836,283.42665512173426
Volvo Caminhoes - Todos,Para,132.43,1980.9937325379444,3746.1398496494644,3507.5893115066892,3992.105198322308,484.5158868156186
Volvo Caminhoes - Todos,Parana,2012.83013698617,3199.1457608249457,3087.6341533312616,2879.0895929404924,3206.9936839837637,327.90409104327136
Volvo Caminhoes - Todos,Rio Grande do Sul,906.5582191778346,3568.3885839497493,3336.999345031006,2728.6809512083805,3571.059841373545,842.3788901651646
Volvo Caminhoes - Todos,Rio de Janeiro,269.8636986305006,1605.584605113052,2190.5904717848625,1604.5219804166718,2623.246426852921,1018.7244464362493
Volvo Caminhoes - Todos,Santa Catarina,1159.8191780827008,4528.6447226047485,4528.067017112411,4524.57101267673,4531.60386346518,7.03285078845056
Volvo Caminhoes - Todos,Sao Paulo,3405.57753424624,2726.550755819208,2726.4512163144955,2724.9942988176335,2727.9305313565255,2.936232538892
Volvo S40,Sao Paulo,156.81369863003493,1266.9173786195502,1267.5730436504186,1262.7147761661188,1272.612207708343,9.89743154222424
Volvo S60,Sao Paulo,104.57000000000001,999.1202065601989,999.9274037121744,994.7724717995449,1005.311283465106,10.538811665561184
Volvo Xc60,Rio de Janeiro,107.98,787.3587701426189,1813.9357030812037,1765.4336023286105,1880.9064126929024,115.47281036429195
Volvo Xc60,Sao Paulo,472.12,1819.6242480725239,1584.8623907490082,1569.132715801192,1597.3729703252134,28.24025452402134
Volvo Xc90,Sao Paulo,140.1,1362.5481798715205,1363.1417515209116,1357.866687812241,1368.565308929038,10.698621116797085
Vw Volkswagen - Outros,Bahia,154.62,621.213297115509,699.4648810299433,638.8819412868884,765.2996157270347,126.41767444014636
Vw Volkswagen - Outros,Distrito Federal,266.5327397261001,614.1459400755589,726.1903734812281,676.1157103276752,780.5292127016687,104.41350237399354
Vw Volkswagen - Outros,Goias,128.1727397261001,1054.834282928796,934.8427289799838,874.7736238259645,1001.7373640457139,126.96374021974941
Vw Volkswagen - Outros,Minas Gerais,532.8019178083352,950.6441006884756,712.6938213184243,630.8611732853525,789.8583528738814,158.99717958852887
Vw Volkswagen - Outros,Parana,727.0554794522002,809.1940940233012,748.882761301419,687.9037389043307,824.8021697719112,136.8984308675805
Vw Volkswagen - Outros,Pernambuco,137.29,132.53696554738147,614.9911242287138,552.8537151821625,673.145174254786,120.29145907262341
Vw Volkswagen - Outros,Rio Grande do Sul,965.4354794522002,494.30439439700297,624.4877745719982,557.1531608605738,683.456632253741,126.30347139316711
Vw Volkswagen - Outros,Rio de Janeiro,632.3709589039348,455.78626902723596,604.463975575224,540.3787419595717,661.1340622285348,120.75532026896315
Vw Volkswagen - Outros,Santa Catarina,566.9854794522003,593.0222416363422,696.9056080443909,650.84511648505,738.4870090876598,87.6418926026098
Vw Volkswagen - Outros,Sao Paulo,4341.649178082701,648.5323628205792,598.4109186598322,545.6982051214358,649.018392324358,103.32018720292228
Vw Volkswagen Apolo,Sao Paulo,109.4,108.42778793418647,109.53775494466267,107.13651092489728,112.37822275311522,5.2417118282179445
Vw Volkswagen Bora,Bahia,127.78547945220024,1231.4231685366235,708.8004740449989,676.8083138173971,734.2577763840999,57.44946256670278
Vw Volkswagen Bora,Distrito Federal,345.6782191778347,1219.8020488617387,751.5785145423115,733.2285576053207,780.4257398289869,47.19718222366623
Vw Volkswagen Bora,Esperito Santo,141.06643835613505,1028.6217025886183,866.2390671108136,833.8390827492019,888.6601025824277,54.82101983322582
Vw Volkswagen Bora,Goias,148.68273972610012,535.865831815943,947.4412419836274,917.0591997239641,985.8711649461374,68.81196522217328
Vw Volkswagen Bora,Maranhao,111.79547945220023,1424.4225328277882,940.765821368731,902.9037399516232,1000.0043543561769,97.10061440455377
Vw Volkswagen Bora,Minas Gerais,543.7419178078696,824.4131734540922,744.4289876850981,722.8795420852293,764.9395971396032,42.060055054373834
Vw Volkswagen Bora,Parana,684.8819178083353,521.4314916399063,749.3521741377672,727.3758603027845,774.8692872210988,47.4934269183143
Vw Volkswagen Bora,Pernambuco,101.54,303.4567658065787,637.0114722818424,618.7984853247974,654.1679436989621,35.36945837416465
Vw Volkswagen Bora,Rio Grande do Sul,745.6864383566007,829.2922711090984,694.7805618095929,649.639868072609,829.9347902726811,180.29492220007205
Vw Volkswagen Bora,Rio de Janeiro,724.1009589044005,475.44060778609173,623.1903924681291,593.2129644344097,644.5466034138709,51.33363897946117
Vw Volkswagen Bora,Santa Catarina,512.8391780822352,719.3249185436573,719.4908877962489,685.9321966614388,740.6667268440534,54.73453018261466
Vw Volkswagen Bora,Sao Paulo,1887.004657534901,485.0539167167218,531.3444079784447,514.8528065905182,546.7988465494448,31.946039958926576
Vw Volkswagen Crossfox,Alagoas,379.5436986300349,560.7522948430209,444.93488538321515,426.93934692868874,473.8626801917955,46.92333326310677
Vw Volkswagen Crossfox,Amazonas,157.21,251.42166528846764,471.552063258044,447.52283420441347,502.8113135708085,55.28847936639505
Vw Volkswagen Crossfox,Bahia,2141.7482191778345,478.11735797454827,424.1326193000805,403.94497250243097,437.44738312087327,33.5024106184423
Vw Volkswagen Crossfox,Ceara,948.26,326.13840086052346,381.8281279972541,325.7349789441589,420.12195395419405,94.38697501003514
Vw Volkswagen Crossfox,Distrito Federal,1722.3182191778346,425.5833746854864,448.0972470558526,434.34365292494164,474.4061744046837,40.06252147974209
Vw Volkswagen Crossfox,Esperito Santo,824.22,523.271699303584,500.9107128223752,478.04746757599224,520.2208695194097,42.173401943417446
Vw Volkswagen Crossfox,Goias,2269.1654794522,443.7389027454622,519.652182553409,443.4945231293781,580.726408080656,137.23188495127795
Vw Volkswagen Crossfox,Maranhao,239.71,726.1107171165157,552.8141743680513,523.3327070319044,579.6893251434989,56.35661811159446
Vw Volkswagen Crossfox,Mato Grosso,599.46,731.2414506389083,591.144416819726,568.4459356986833,603.1954343453395,34.74949864665621
Vw Volkswagen Crossfox,Mato Grosso do Sul,372.4982191778347,593.3236418896448,512.0056622192548,481.64097129616573,535.664494897485,54.02352360131931
Vw Volkswagen Crossfox,Minas Gerais,5050.33,431.15103369482785,434.83679769936595,425.34079317784625,446.18955924068564,20.84876606283939
Vw Volkswagen Crossfox,Para,629.3882191778347,550.1596462233153,548.7408235899718,522.8487919165965,583.015571572675,60.16677965607846
Vw Volkswagen Crossfox,Paraiba,451.69,574.8810024574376,443.75098738614196,420.0733533171667,456.660532284037,36.58717896687028
Vw Volkswagen Crossfox,Parana,2838.4409589044003,402.87609168428537,443.2419571064211,413.38635349459935,468.4977578072737,55.111404312674324
Vw Volkswagen Crossfox,Pernambuco,1352.4827397261001,335.0157356475845,364.89372953532353,343.2744546977094,377.97368639589916,34.69923169818975
Vw Volkswagen Crossfox,Piaui,242.70821917830034,633.8227873815397,620.0040338041413,603.2548514933405,638.9520101398847,35.69715864654415
Vw Volkswagen Crossfox,Rio Grande do Norte,490.8373972605355,290.3425875766256,427.9971065907865,420.309980821832,433.1302852349911,12.820304413159079
Vw Volkswagen Crossfox,Rio Grande do Sul,2731.9654794522003,362.55875392635255,386.89151580239127,363.9491019386213,408.9438724633132,44.99477052469189
Vw Volkswagen Crossfox,Rio de Janeiro,3107.24,375.4624682998417,366.5757684121978,342.4760919985476,387.03518132106547,44.55908932251788
Vw Volkswagen Crossfox,Santa Catarina,2211.6727397261,399.1340961725299,419.3547673859963,399.4682169616803,437.34408808642354,37.87587112474324
Vw Volkswagen Crossfox,Sao Paulo,12728.510958903935,369.1644698402827,344.47747291272145,320.73252430977504,369.37374575305364,48.641221443278596
Vw Volkswagen Crossfox,Sergipe,615.583698630035,428.4616382580914,475.77085039039116,447.9362785081492,503.4790049997655,55.54272649161629
Vw Volkswagen Crossfox,Tocantins,175.84547945220024,427.67661832582303,625.6224943749347,574.6486469188853,682.9202396483818,108.27159272949643
Vw Volkswagen Fox 1.0,Alagoas,823.066438356135,280.86675537603867,294.8617084225132,291.96511149121824,299.2621876636591,7.297076172440882
Vw Volkswagen Fox 1.0,Amazonas,380.06547945220024,419.2514411718366,318.4888344535528,309.35607691807934,333.2389770482374,23.882900130158077
Vw Volkswagen Fox 1.0,Bahia,4824.0382191783,250.9443219556832,275.48906745731864,267.79556646454023,285.8133758325692,18.017809368028963
Vw Volkswagen Fox 1.0,Ceara,2696.3127397261,258.9046847996253,272.1014491934896,267.00449087081205,283.6659833252318,16.661492454419772
Vw Volkswagen Fox 1.0,Distrito Federal,3990.9554794522,322.9061327882535,295.6092611727459,287.16084970909134,308.5902680475954,21.429418338504036
Vw Volkswagen Fox 1.0,Esperito Santo,1875.6946575335041,268.68072475223653,338.99517700834923,330.6048794783226,343.3463493588316,12.741469880509044
Vw Volkswagen Fox 1.0,Goias,3690.7046575339696,447.421604605814,399.3418826240803,374.63024277781534,447.68982255741184,73.0595797795965
Vw Volkswagen Fox 1.0,Maranhao,355.1227397261001,287.1711343482429,363.03715725021283,358.796517360069,367.6136930608521,8.817175700783082
Vw Volkswagen Fox 1.0,Mato Grosso,748.1027397261001,405.61407395874215,393.60812068695947,365.30521781117744,416.674499351907,51.36928154072956
Vw Volkswagen Fox 1.0,Mato Grosso do Sul,1042.8409589044004,406.795491083976,336.6162411490772,331.5308203102862,343.5103677425228,11.979547432236643
Vw Volkswagen Fox 1.0,Minas Gerais,10709.547397259605,298.6932949956912,292.68650554259966,286.25183559454774,300.73765147237265,14.485815877824905
Vw Volkswagen Fox 1.0,Para,905.8409589044005,269.3055525939686,360.0604876676195,349.35101706569236,366.05601585176095,16.704998786068586
Vw Volkswagen Fox 1.0,Paraiba,876.65,315.52386927508127,294.97920291425925,283.93437345533425,316.07130782047875,32.1369343651445
Vw Volkswagen Fox 1.0,Parana,6710.150958903935,311.5317394202796,303.4950029938324,297.27594797710316,311.70812025759955,14.432172280496388
Vw Volkswagen Fox 1.0,Pernambuco,3187.7582191783004,182.1502636262272,226.52345097085055,181.97682546959632,250.592596228273,68.61577075867669
Vw Volkswagen Fox 1.0,Piaui,304.32,515.102523659306,420.40392809373816,406.46984648210406,435.4996677796538,29.029821297549745
Vw Volkswagen Fox 1.0,Rio Grande do Norte,1098.9282191783004,356.3226361525143,286.0317255396796,278.8918665568347,298.11723155953433,19.22536500269962
Vw Volkswagen Fox 1.0,Rio Grande do Sul,6803.5109589044005,274.5974852226664,254.827674702166,249.6285692073389,266.558608714059,16.930039506720107
Vw Volkswagen Fox 1.0,Rio de Janeiro,13087.8936986305,241.58570300206912,241.20085606662445,238.54530838940656,243.18209185153418,4.6367834621276245
Vw Volkswagen Fox 1.0,Santa Catarina,5002.4536986300345,250.22100661177416,278.1921839012767,274.59741484870784,282.9335153522357,8.33610050352786
Vw Volkswagen Fox 1.0,Sao Paulo,61481.76561643791,206.66158287105074,207.93443390972436,206.587450172193,209.88950634510906,3.3020561729160534
Vw Volkswagen Fox 1.0,Sergipe,573.9554794522003,302.0478176555814,312.45955080024356,292.8195715478755,325.52056127001,32.700989722134466
Vw Volkswagen Fox 1.0,Tocantins,211.1327397261001,397.8445034577279,413.2111035073075,406.83797681536726,418.4027161567509,11.564739341383643
Vw Volkswagen Fox Acima De 1.0,Alagoas,113.59547945220024,423.9253201995906,311.6675044717492,298.90087607711564,317.25391063380596,18.353034556690318
Vw Volkswagen Fox Acima De 1.0,Bahia,638.9754794522003,182.7065415719655,297.8312365500397,283.9842790034815,311.01075957095867,27.026480567477165
Vw Volkswagen Fox Acima De 1.0,Ceara,332.6082191778347,230.98647468757406,289.07708143150177,282.8720120732996,298.6923303474314,15.820318274131807
Vw Volkswagen Fox Acima De 1.0,Distrito Federal,1384.9819178083353,357.60755691580135,310.324992897205,297.9356970551787,316.5390428795942,18.6033458244155
Vw Volkswagen Fox Acima De 1.0,Esperito Santo,398.0754794522002,349.8155681219775,368.0322797508451,364.73566093321847,375.10734070096447,10.371679767746002
Vw Volkswagen Fox Acima De 1.0,Goias,1005.1391780817695,530.6668087676587,413.14667095749974,410.00896032209084,416.3758415830524,6.366881260961577
Vw Volkswagen Fox Acima De 1.0,Mato Grosso,246.1027397261001,805.2246806376513,473.7994277475223,409.68931180685024,805.6940299866142,396.0047181797639
Vw Volkswagen Fox Acima De 1.0,Mato Grosso do Sul,251.91,471.3111825652019,366.1108237467765,357.23698767528737,377.24852343632404,20.01153576103667
Vw Volkswagen Fox Acima De 1.0,Minas Gerais,3830.85739726007,283.2590429432612,312.9235835568075,310.56759317660214,315.68704555407237,5.119452377470225
Vw Volkswagen Fox Acima De 1.0,Para,151.73821917783468,539.7058199557594,403.62138658605767,391.2710858712987,422.14932524922017,30.87823937792149
Vw Volkswagen Fox Acima De 1.0,Paraiba,123.95095890440047,468.6208199873624,319.31850989813677,310.998959339326,336.6976033047531,25.698643965427095
Vw Volkswagen Fox Acima De 1.0,Parana,2400.2831506841444,204.9974811762321,314.98983777767484,309.1652222635419,317.7734125959041,8.608190332362199
Vw Volkswagen Fox Acima De 1.0,Pernambuco,580.603698630035,275.60968071263693,266.52859629158013,254.13704993257667,274.06013670467235,19.923086772095672
Vw Volkswagen Fox Acima De 1.0,Rio Grande do Norte,142.35369863003493,745.1580185189458,301.03915306828344,289.2096534117532,320.01821957348847,30.808566161735257
Vw Volkswagen Fox Acima De 1.0,Rio Grande do Sul,1634.91356164312,275.9748347469454,271.1566499014779,258.16909918327184,281.43553559243406,23.266436409162225
Vw Volkswagen Fox Acima De 1.0,Rio de Janeiro,2504.343698630035,227.0902353822703,259.5643711945822,250.67822748033024,263.5020147546097,12.823787274279482
Vw Volkswagen Fox Acima De 1.0,Santa Catarina,1045.0412328767404,339.0354264057917,300.1329314426143,291.11476657343417,306.67448648599355,15.559719912559387
Vw Volkswagen Fox Acima De 1.0,Sao Paulo,22406.908219177836,230.3669452969,228.4108458049874,226.9747340343023,230.15780615193236,3.1830721176300756
Vw Volkswagen Fox Acima De 1.0,Sergipe,145.90547945220024,745.2907211454298,340.1466404143429,320.92340000788425,354.8237861460684,33.90038613818416
Vw Volkswagen Fusca,Minas Gerais,146.90095890440045,15.207524965537036,26.686928966391335,25.752813097496905,27.743394620893294,1.99058152339639
Vw Volkswagen Fusca,Parana,221.11821917830034,54.20629762912028,26.66142684338407,25.864272657483543,27.6668897366704,1.8026170791868559
Vw Volkswagen Fusca,Rio Grande do Sul,217.02821917830036,53.46770131522247,23.58968884754213,22.31067631200595,24.454829644688928,2.144153332682979
Vw Volkswagen Fusca,Santa Catarina,318.17821917830037,0.09742967347060376,25.83203549774755,25.384514530127163,26.29141088624389,0.9068963561167287
Vw Volkswagen Fusca,Sao Paulo,376.68547945220024,12.323278313649597,19.729925527363765,19.196910699667203,20.207417384646792,1.010506684979589
Vw Volkswagen Gol 1.0,Acre,196.5409589039348,282.35844736630605,714.4748022968888,651.4331179244869,751.2567484489836,99.8236305244967
Vw Volkswagen Gol 1.0,Alagoas,2912.2656164379046,429.7499489523934,419.6223083003873,406.96037846081026,437.2702172417016,30.30983878089131
Vw Volkswagen Gol 1.0,Amapa,220.72,812.1148967017035,644.9230178622753,576.919802132007,679.5945110666655,102.6747089346585
Vw Volkswagen Gol 1.0,Amazonas,1302.574657534901,491.2401729133558,449.5136289350969,437.4155276705352,460.9124707826314,23.496943112096176
Vw Volkswagen Gol 1.0,Bahia,13501.46383561574,364.6103163283772,370.5005257708256,364.36603096636225,388.86400138911256,24.497970422750313
Vw Volkswagen Gol 1.0,Ceara,7740.283698630501,397.5148870246702,384.9327615660718,368.2251144139339,397.7266232149804,29.501508801046498
Vw Volkswagen Gol 1.0,Distrito Federal,10192.33657534184,491.8372703789828,491.80744684059965,491.4334801473716,492.17983413631407,0.7463539889424737
Vw Volkswagen Gol 1.0,Esperito Santo,6486.114657534901,485.6768907624031,471.15964480755264,460.95298095754526,486.8597627347608,25.906781777215542
Vw Volkswagen Gol 1.0,Goias,14281.30205479497,541.8357493112411,540.3460593192605,526.0981834285857,557.120151772705,31.021968344119273
Vw Volkswagen Gol 1.0,Maranhao,1861.4209589044005,573.9158543851263,510.5220000458375,499.9698908238161,532.5782340699017,32.60834324608555
Vw Volkswagen Gol 1.0,Mato Grosso,5003.379315068405,599.678699347019,573.1692303519208,522.1235594985129,600.1140999336737,77.99054043516082
Vw Volkswagen Gol 1.0,Mato Grosso do Sul,4446.4309589044005,458.4688301338875,478.455316304032,463.4556234997119,506.65570804432605,43.20008454461413
Vw Volkswagen Gol 1.0,Minas Gerais,40958.51506849295,413.37406816840877,413.37404289478576,413.20236555011326,413.5457320095125,0.3433664593992489
Vw Volkswagen Gol 1.0,Para,2978.0991780827007,538.1174044820535,511.275010506176,495.9249379510382,523.2548854110772,27.329947460039023
Vw Volkswagen Gol 1.0,Paraiba,2714.88013698617,470.2712221458578,433.6909596608092,404.0950497227908,470.52136847877006,66.42631875597925
Vw Volkswagen Gol 1.0,Parana,31601.690684932248,379.17110573179735,385.08270169743764,379.0088953071872,403.5264905612796,24.51759525409244
Vw Volkswagen Gol 1.0,Pernambuco,10094.046438356136,356.34034596196835,347.57379765284855,339.9095536935138,358.7185229062482,18.808969212734382
Vw Volkswagen Gol 1.0,Piaui,1243.1946575344355,574.109610007096,590.0163882293466,572.6637809907439,627.0252269710379,54.36144598029398
Vw Volkswagen Gol 1.0,Rio Grande do Norte,3149.073013697974,336.4987078389893,398.6498958815092,379.77798020374814,421.66730372618986,41.889323522441714
Vw Volkswagen Gol 1.0,Rio Grande do Sul,30876.068630137277,337.2857835221653,339.7969382166172,337.15700592792626,343.29983836026383,6.1428324323375705
Vw Volkswagen Gol 1.0,Rio de Janeiro,28355.126575341837,301.1586626957969,301.1670470958946,301.0076702409895,301.329698617617,0.32202837662748607
Vw Volkswagen Gol 1.0,Rondonia,165.73369863050058,484.89233429326544,449.67756181186417,359.9158502975931,487.0744230301983,127.1585727326052
Vw Volkswagen Gol 1.0,Roraima,202.67821917783468,447.9859768273006,435.0131706965475,406.8571531304796,455.0220460716259,48.16489294114626
Vw Volkswagen Gol 1.0,Santa Catarina,19311.202328769174,381.16596132567935,389.4683571209396,380.98057672872164,405.7233414479329,24.742764719211266
Vw Volkswagen Gol 1.0,Sao Paulo,140074.2178082186,282.01431796738717,282.0157545141746,281.9438999248005,282.088144371962,0.14424444716149765
Vw Volkswagen Gol 1.0,Sergipe,1893.4782191783004,409.549469407959,437.09530090518416,419.31697962456315,459.7677968952225,40.45081727065934
Vw Volkswagen Gol 1.0,Tocantins,1113.390958903935,694.3526834105567,595.186327156429,575.5106495899565,630.4468482948929,54.93619870493637
Vw Volkswagen Gol Acima De 1.0,Alagoas,506.7546575344354,462.8373839545066,412.2897632560731,399.3105877391214,434.5496893262056,35.239101587084235
Vw Volkswagen Gol Acima De 1.0,Amazonas,199.49109589057042,556.6363726875935,443.3210539000498,428.74392848791035,462.4554869962165,33.711558508306155
Vw Volkswagen Gol Acima De 1.0,Bahia,2106.3183561644705,427.68701006831947,391.46105331350043,385.58311966560535,397.4624381285795,11.87931846297414
Vw Volkswagen Gol Acima De 1.0,Ceara,1279.4310958896392,495.2372988554084,381.8170910190332,366.4361961295498,403.81451905731075,37.37832292776096
Vw Volkswagen Gol Acima De 1.0,Distrito Federal,2982.59,415.71788277973167,408.48115768261516,387.5990652943254,439.9464244301334,52.347359135808006
Vw Volkswagen Gol Acima De 1.0,Esperito Santo,1554.1854794522003,546.5531696380291,474.8056726539717,450.6751537668748,508.95822019578554,58.28306642891073
Vw Volkswagen Gol Acima De 1.0,Goias,3322.9649315077068,586.9219327316505,546.8817434947265,505.4123616133045,587.4288689916144,82.01650737830994
Vw Volkswagen Gol Acima De 1.0,Maranhao,324.4428767122701,571.9959145984898,513.2171870264294,495.69497463039517,538.613456329289,42.9184816988938
Vw Volkswagen Gol Acima De 1.0,Mato Grosso,1115.0291780822351,670.3232656974254,562.8804480975573,519.7927764838261,670.8896909451549,151.09691446132888
Vw Volkswagen Gol Acima De 1.0,Mato Grosso do Sul,1031.6264383566006,502.99796583986983,482.7626957608446,455.7288948360342,515.9280664672931,60.19917163125888
Vw Volkswagen Gol Acima De 1.0,Minas Gerais,10944.033287671711,394.67012631125743,397.7650235474302,386.11999995463754,409.89829719850553,23.778297243867996
Vw Volkswagen Gol Acima De 1.0,Para,455.7464383566007,597.3518980898407,502.70671294241214,485.8214056138083,511.81885835395065,25.997452740142364
Vw Volkswagen Gol Acima De 1.0,Paraiba,457.8182191778347,434.13955948921057,409.88960733135127,395.68565668646585,422.2896877364136,26.604031049947764
Vw Volkswagen Gol Acima De 1.0,Parana,9406.83219178114,403.50044761256754,408.8470410828454,397.6914700252554,418.052084773368,20.360614748112596
Vw Volkswagen Gol Acima De 1.0,Pernambuco,1671.4591780817696,509.97715719163045,416.15522040921525,337.67273952773013,510.58745379446043,172.9147142667303
Vw Volkswagen Gol Acima De 1.0,Piaui,293.3582191783004,743.3948863299188,586.8689961684462,556.4216740403094,627.0919289343693,70.6702548940599
Vw Volkswagen Gol Acima De 1.0,Rio Grande do Norte,412.05547945220025,382.0043849659806,389.5827437532811,377.86419146771453,403.42069264883776,25.556501181123224
Vw Volkswagen Gol Acima De 1.0,Rio Grande do Sul,7644.91602739688,299.13827592148095,339.2070250657656,298.97250559244117,357.78020005141104,58.80769445896988
Vw Volkswagen Gol Acima De 1.0,Rio de Janeiro,6906.4075342457745,274.0636127559052,301.71310312922304,273.8208912140211,337.99760698079507,64.17671576677395
Vw Volkswagen Gol Acima De 1.0,Santa Catarina,4562.866712329406,337.0622235894428,377.8857020677133,336.85185703561774,411.02739904907287,74.17554201345513
Vw Volkswagen Gol Acima De 1.0,Sao Paulo,43920.453150685076,282.4729962925368,284.46568008413806,282.35273506163935,290.62441568425066,8.271680622611314
Vw Volkswagen Gol Acima De 1.0,Sergipe,488.31369863003493,425.4539665441643,436.82054637285904,424.27554151190463,445.94069708431266,21.665155572408025
Vw Volkswagen Gol Acima De 1.0,Tocantins,279.92547945220025,436.77696020836083,576.9422265771749,565.4627318563864,606.8392323162565,41.376500459870044
Vw Volkswagen Golf,Alagoas,307.7436986305006,668.5140944088528,687.2294819993217,657.8131989648467,708.2554007347431,50.44220176989643
Vw Volkswagen Golf,Amazonas,103.33,1265.2182328462209,740.8779823448094,718.1262851649025,813.3249338406439,95.19864867574142
Vw Volkswagen Golf,Bahia,1015.6919178078696,853.5363773210513,649.7507276312721,621.0504506498861,685.8008250632847,64.75037441339862
Vw Volkswagen Golf,Ceara,571.9382191778346,547.421014196377,621.4413171293072,606.8813053765074,634.2202563928213,27.3389510163139
Vw Volkswagen Golf,Distrito Federal,1405.033698630035,734.5894984628212,694.0852343335492,653.8293881941694,736.0334173430158,82.20402914884642
Vw Volkswagen Golf,Esperito Santo,551.0491780817695,621.0516476792874,778.3785863106094,726.800846940284,845.5752169988182,118.77437005853415
Vw Volkswagen Golf,Goias,1128.3773972605354,1065.169333343608,903.3899874431341,842.8199968928179,1065.964722212957,223.14472532013906
Vw Volkswagen Golf,Maranhao,211.01821917783468,1258.2183710698703,882.0250368140951,814.4298549923453,1113.7308896162604,299.30103462391503
Vw Volkswagen Golf,Mato Grosso,520.7919178088009,1098.1065190223574,891.8352369413097,828.6634568514468,1000.9271443716177,172.26368752017095
Vw Volkswagen Golf,Mato Grosso do Sul,413.8973972610012,905.8452710287843,789.5395066144517,765.0753526468139,842.695296617302,77.61994397048807
Vw Volkswagen Golf,Minas Gerais,3418.9712328767405,552.8943858382413,618.6098799595553,552.6208351146977,668.1828097057021,115.5619745910044
Vw Volkswagen Golf,Para,197.71,874.7104344747357,836.9752011300607,778.6276720491622,884.5157079076517,105.8880358584895
Vw Volkswagen Golf,Paraiba,347.26095890440047,778.9703767836143,689.7254955320087,660.3742773643564,714.2227183372088,53.84844097285236
Vw Volkswagen Golf,Parana,3769.165616438836,555.7601371677462,630.5532931924125,555.4867778536968,670.4076172703974,114.92083941670057
Vw Volkswagen Golf,Pernambuco,599.3664383566007,741.0191355021317,565.629747719344,542.7165781810805,582.0922508275371,39.375672646456565
Vw Volkswagen Golf,Piaui,170.25095890440048,977.4922917964168,952.2206401867071,926.2744115020729,1000.7138405306687,74.43942902859578
Vw Volkswagen Golf,Rio Grande do Norte,230.91369863003493,460.9990686198031,646.087668937324,604.5420421100333,728.3849645115503,123.84292240151694
Vw Volkswagen Golf,Rio Grande do Sul,3434.3928767132015,514.7876388830631,579.6509979591839,571.7810826981926,585.6324191628836,13.85133646469103
Vw Volkswagen Golf,Rio de Janeiro,2134.30191780787,494.8362699710009,547.717257391449,507.8878043065986,580.9351845828215,73.04738027622295
Vw Volkswagen Golf,Santa Catarina,3351.8613698619793,518.3299093516927,572.2757402882011,517.8993750689528,640.0555238599766,122.15614879102372
Vw Volkswagen Golf,Sao Paulo,13385.55767123334,516.1257505802104,502.6455228816526,479.4248259521707,516.3744809805944,36.949655028423706
Vw Volkswagen Golf,Sergipe,223.04821917830034,1444.9610993861509,713.0403604910476,650.8961722267553,757.8123259920782,106.91615376532286
Vw Volkswagen Golf,Tocantins,151.7182191778347,995.7208884908297,929.7743386322231,867.2065995642357,979.5296315765322,112.3230320122965
Vw Volkswagen Kombi,Alagoas,163.27,507.7785263673669,253.36623382483418,240.9217909732552,267.0233613484484,26.101570375193205
Vw Volkswagen Kombi,Amazonas,230.52821917830033,174.1565529075112,273.28607828626247,262.2513585461484,283.78431314870744,21.532954602559016
Vw Volkswagen Kombi,Bahia,1070.0264383556694,391.5426619213499,235.29719198222622,225.4907294370069,244.2047197662742,18.71399032926729
Vw Volkswagen Kombi,Ceara,578.6991780822351,232.46274592234414,226.63926509702668,214.95404523767397,233.46651121961565,18.512465981941688
Vw Volkswagen Kombi,Distrito Federal,417.4082191783003,162.88131588266165,252.47798556472083,244.53743159940618,264.9553820769777,20.41795047757151
Vw Volkswagen Kombi,Esperito Santo,557.8491780817695,332.7046221313871,288.37541959129106,283.33114784736244,291.0496217838143,7.718473936451858
Vw Volkswagen Kombi,Goias,558.8482191783004,297.83042029681536,324.1124349288034,307.3817305710191,343.51190402557245,36.13017345455336
Vw Volkswagen Kombi,Mato Grosso,217.54547945220023,118.20516824690067,328.8223376028901,320.5122067529121,340.4628567783473,19.95065002543521
Vw Volkswagen Kombi,Mato Grosso do Sul,231.40547945220024,203.8542912279836,289.69853037383103,274.25321409422924,300.4983708809831,26.245156786753853
Vw Volkswagen Kombi,Minas Gerais,3467.032054793574,235.36932658921907,242.70683445674015,234.37563898805178,249.49533788218724,15.119698894135468
Vw Volkswagen Kombi,Para,242.0282191778347,412.14202351630263,311.1707227307055,302.0888785708703,326.56267010295056,24.47379153208027
Vw Volkswagen Kombi,Paraiba,140.95,45.143667967364316,244.49653159286214,228.80659165463135,257.0967132070822,28.29012155245084
Vw Volkswagen Kombi,Parana,3743.5456164383704,182.61190594236592,232.01285215098866,182.46866846814552,253.9361173839338,71.46744891578828
Vw Volkswagen Kombi,Pernambuco,851.4064383566007,233.7884599324945,208.61687326006347,194.2121252060166,216.6156080017326,22.403482795716002
Vw Volkswagen Kombi,Rio Grande do Norte,208.19,74.58571497190067,241.66162029738788,237.92293210493872,247.0744208684472,9.151488763508468
Vw Volkswagen Kombi,Rio Grande do Sul,2172.1056164383704,167.81182150695028,214.00869779855643,201.1629420440934,226.94345955468083,25.78051751058743
Vw Volkswagen Kombi,Rio de Janeiro,2910.5501369866356,195.13699241340638,207.3507469350257,202.42894411577805,210.97304987188554,8.544105756107484
Vw Volkswagen Kombi,Santa Catarina,1472.2776712338068,206.60844482215444,237.3327143186799,229.43784456736574,242.6141661438287,13.176321576462954
Vw Volkswagen Kombi,Sao Paulo,12854.11027397327,214.11042392973664,189.29117087135091,178.998468564824,214.2028102130929,35.204341648268894
Vw Volkswagen Kombi,Sergipe,113.89,347.3439283519185,267.2938048280508,242.64588416497375,278.99636446417463,36.35048029920088
Vw Volkswagen Logus,Minas Gerais,104.33,144.37841464583533,122.89470647722172,118.23046263364841,126.23856078903344,8.008098155385028
Vw Volkswagen Logus,Parana,137.19,154.6249726656462,127.56558511172081,125.13425569827633,129.3287913017553,4.194535603478968
Vw Volkswagen Logus,Rio Grande do Sul,135.75,171.31491712707182,105.37346445592564,100.12938192256823,110.48573901523542,10.356357092667196
Vw Volkswagen Logus,Rio de Janeiro,143.8927397261001,5.684789945323603,104.95296902338302,102.12226281101621,107.88930905845915,5.767046247442934
Vw Volkswagen Logus,Sao Paulo,816.9127397261001,90.24586888523532,91.11841104276527,89.7322941368324,93.34155277075351,3.6092586339211152
Vw Volkswagen New Beetle,Distrito Federal,135.04,1361.137440758294,793.9375823987723,770.3531416959795,838.0362179163299,67.68307622035036
Vw Volkswagen New Beetle,Minas Gerais,243.89000000000001,779.2734429455902,786.1338000373421,773.9918400710116,803.2601401456758,29.26830007466424
Vw Volkswagen New Beetle,Parana,361.8036986305006,323.8689942737965,800.9207815112966,788.8708122096945,826.7046637858921,37.83385157619762
Vw Volkswagen New Beetle,Rio Grande do Sul,263.27821917830033,549.8821757904547,678.2819947190135,655.8202471577956,698.0651159727554,42.24486881495977
Vw Volkswagen New Beetle,Rio de Janeiro,356.3,857.5806904294134,673.4701456513412,663.0209776819609,693.3297794238404,30.308801741879506
Vw Volkswagen New Beetle,Santa Catarina,227.70547945220022,168.92874116397692,773.3681569878048,762.4152516571188,797.683903637935,35.26865198081623
Vw Volkswagen New Beetle,Sao Paulo,1752.8427397261,688.9203307472382,572.754231379129,568.7731562751676,578.2510024214123,9.477846146244701
Vw Volkswagen Parati 1.0,Minas Gerais,228.19095890440047,253.24403857827693,271.72193602707915,268.8470348681154,274.35967185212616,5.512636984010783
Vw Volkswagen Parati 1.0,Parana,364.94191780786963,246.3542706741957,278.53214671023153,271.14552760391155,285.3726617882844,14.227134184372858
Vw Volkswagen Parati 1.0,Rio Grande do Sul,548.6654794522002,232.07219110473125,232.46102559791586,226.49438761782207,237.4237517255972,10.929364107775143
Vw Volkswagen Parati 1.0,Rio de Janeiro,242.12,261.3621344787708,224.32021984208168,215.2353559451312,230.22946646417066,14.994110519039452
Vw Volkswagen Parati 1.0,Santa Catarina,242.83547945220025,160.17840592217286,258.0427771887672,249.25519804840474,264.66623869845245,15.41104065004771
Vw Volkswagen Parati 1.0,Sao Paulo,1426.0154794522002,223.64062984962146,201.94079602021392,197.79680391539273,204.6505458098025,6.853741894409779
Vw Volkswagen Parati Acima De 1.0,Alagoas,141.74547945220024,499.5503226886215,385.8100254237608,370.5870514525652,405.08825796343035,34.50120651086513
Vw Volkswagen Parati Acima De 1.0,Bahia,714.1627397261001,369.1777592613103,366.35564986970314,356.0127774043361,374.31608415832056,18.303306753984486
Vw Volkswagen Parati Acima De 1.0,Ceara,406.7754794522002,351.7861995828962,351.4903965665869,346.37914153326415,362.6835857564199,16.30444422315577
Vw Volkswagen Parati Acima De 1.0,Distrito Federal,718.9427397261002,312.65355024745884,378.3183044689552,365.516971492187,398.31955405921093,32.80258256702393
Vw Volkswagen Parati Acima De 1.0,Esperito Santo,433.1209589039348,879.7380781670097,534.3210025747402,447.74282669889425,879.8436959660153,432.100869267121
Vw Volkswagen Parati Acima De 1.0,Goias,1038.6691780822352,696.7309854482888,504.8550075942684,486.0193167242504,532.8503134823765,46.83099675812605
Vw Volkswagen Parati Acima De 1.0,Mato Grosso,339.476438356135,678.3092255681978,513.1053674949826,498.68982585586474,535.6920929289748,37.00226707311009
Vw Volkswagen Parati Acima De 1.0,Mato Grosso do Sul,322.2209589039348,405.4515896309209,441.22676663136866,436.13395855660224,445.07638120637506,8.942422649772823
Vw Volkswagen Parati Acima De 1.0,Minas Gerais,3567.7256164383703,351.30980763347924,369.47151258970337,351.0490587400073,382.08457455691894,31.03551581691164
Vw Volkswagen Parati Acima De 1.0,Para,100.03999999999999,95.72171131547381,478.1261505680553,461.5233252282014,506.0854800409929,44.562154812791505
Vw Volkswagen Parati Acima De 1.0,Paraiba,132.73547945220022,640.5521745270695,390.4594154132932,357.49253851873067,430.4511536890294,72.95861517029874
Vw Volkswagen Parati Acima De 1.0,Parana,4024.7884931511057,346.56603753802074,388.6914726628685,378.63924620828,402.7040721977842,24.064825989504243
Vw Volkswagen Parati Acima De 1.0,Pernambuco,606.8209589044004,249.45249134654156,322.24930038766456,313.45741510430713,338.0752533075858,24.617838203278666
Vw Volkswagen Parati Acima De 1.0,Rio Grande do Norte,174.13821917783469,682.9517412174032,365.46284279262824,353.2822406467992,385.65326282112966,32.37102217433045
Vw Volkswagen Parati Acima De 1.0,Rio Grande do Sul,4014.4857534240746,364.85146291793944,330.55521393186814,321.80883383197005,337.60924217572074,15.80040834375069
Vw Volkswagen Parati Acima De 1.0,Rio de Janeiro,2555.70287671227,297.5944531464511,315.05932594290783,303.9452224019557,322.8447602597104,18.89953785775475
Vw Volkswagen Parati Acima De 1.0,Santa Catarina,2230.452054794971,351.36016410450884,371.2367206256895,358.79177150139236,389.79129314383005,30.999521642437685
Vw Volkswagen Parati Acima De 1.0,Sao Paulo,12639.547534247637,259.45003103271296,268.3870727333757,259.3045193491458,275.12142935193015,15.816910002784368
Vw Volkswagen Parati Acima De 1.0,Sergipe,140.86,249.5811443986937,398.43644194937156,377.20824918523306,421.22229235860215,44.01404317336909
Vw Volkswagen Parati Acima De 1.0,Tocantins,105.62273972610012,192.7709890199776,537.5537295210331,519.8815941749247,565.6835892939965,45.801995119071876
Vw Volkswagen Passat,Minas Gerais,182.3227397261001,1169.6621075372734,926.5726191218607,902.2158364976284,976.5656362530638,74.34979975543536
Vw Volkswagen Passat,Parana,286.46739726006984,1313.5281836571123,948.9152162475979,931.9417887600426,972.4149933894594,40.47320462941673
Vw Volkswagen Passat,Rio Grande do Sul,327.8927397261001,729.7477833753741,811.7896923960528,773.3125612113822,850.3330090481339,77.02044783675171
Vw Volkswagen Passat,Rio de Janeiro,395.8036986305006,1001.6909932166253,779.8738635117852,753.4613251060129,805.7566968127595,52.295371706746664
Vw Volkswagen Passat,Santa Catarina,163.648356164936,748.2568286636837,927.3562096567945,894.6618085960484,963.9138445714932,69.25203597544476
Vw Volkswagen Passat,Sao Paulo,2547.888219177835,617.553387215602,688.214723785442,686.6928099340955,690.5819195936151,3.8891096595195904
Vw Volkswagen Pointer,Sao Paulo,248.33,231.77626545322755,233.91617292982616,230.1189985155191,242.7762062609345,12.657207745415377
Vw Volkswagen Polo,Alagoas,962.9064383566007,608.4952562992523,443.270327828116,438.0162920876149,450.97353780270737,12.957245715092483
Vw Volkswagen Polo,Amazonas,278.55821917830036,301.4809623917284,470.3427878611993,458.2985338092649,493.4207766852852,35.12224287602032
Vw Volkswagen Polo,Bahia,3941.93013698617,447.7002226501387,421.0316354860066,415.27126086869674,435.0544791721767,19.78321830347994
Vw Volkswagen Polo,Ceara,2548.114657534901,377.64941116540774,400.14556859710854,392.7734688621851,406.26817715068006,13.494708288494962
Vw Volkswagen Polo,Distrito Federal,4074.781917808335,403.4952135265012,442.96876086945343,432.7242361692772,453.13720793236274,20.412971763085523
Vw Volkswagen Polo,Esperito Santo,1686.443698630035,417.03022791173925,511.7407772717198,502.41880882010713,518.9033286842467,16.4845198641396
Vw Volkswagen Polo,Goias,3296.09027397234,536.9497959371886,566.2958720425288,553.0420495284795,574.4057608552225,21.363711326742987
Vw Volkswagen Polo,Maranhao,512.8873972600699,384.1018536474326,546.4150991872739,506.9229375280778,583.4992846880571,76.57634715997926
Vw Volkswagen Polo,Mato Grosso,770.2438356166706,467.34551236207136,580.2511618294974,559.7502281644846,596.9988669213402,37.2486387568556
Vw Volkswagen Polo,Mato Grosso do Sul,757.526438356135,659.2324369347281,507.12510077271423,495.01820835963207,519.2343200319661,24.21611167233408
Vw Volkswagen Polo,Minas Gerais,7621.09931506794,436.66469395305774,427.2669981234411,409.1686877474251,442.1978274454755,33.029139698050415
Vw Volkswagen Polo,Para,718.2691780817695,519.6659015730551,550.1778369886829,514.863433288544,585.5697310762049,70.7062977876609
Vw Volkswagen Polo,Paraiba,1012.0554794522002,433.9554588822746,445.0860725882416,417.69251814747764,486.73483704166,69.04231889418236
Vw Volkswagen Polo,Parana,5591.50876712298,474.6684858308164,438.64636409958877,431.60550432716815,449.6736296183823,18.06812529121413
Vw Volkswagen Polo,Pernambuco,3446.0783561644703,368.51338499843166,371.67527302380626,358.82131850756036,386.90711543658404,28.085796929023672
Vw Volkswagen Polo,Piaui,380.8727397261001,913.1501515443497,627.8023069413383,615.7829772230598,639.3483008241512,23.56532360109145
Vw Volkswagen Polo,Rio Grande do Norte,974.6146575349011,330.6086128593458,424.31501031642154,411.41523336917186,438.77455388998794,27.359320520816084
Vw Volkswagen Polo,Rio Grande do Sul,6340.426712328941,357.0348026573888,376.5997195947101,369.68483851419165,384.10961706030685,14.424778546115192
Vw Volkswagen Polo,Rio de Janeiro,9496.18287671227,396.9845620017354,373.27855841278347,358.1102521208054,397.14605074498587,39.03579862418047
Vw Volkswagen Polo,Santa Catarina,4266.090273973271,422.8499361594387,428.69161334816476,412.4780602766607,441.7821975224345,29.304137245773802
Vw Volkswagen Polo,Sao Paulo,34321.13506849387,318.0233689304665,317.9138346906523,307.1285665889054,324.0148150615992,16.886248472693808
Vw Volkswagen Polo,Sergipe,775.6946575339697,452.4228658679802,467.10071561944204,443.6917800681542,497.81401518611074,54.12223511795656
Vw Volkswagen Polo,Tocantins,229.67,664.9410023076589,629.9198821388014,622.7601152283058,644.0494761829391,21.289360954633253
Vw Volkswagen Quantum,Minas Gerais,259.9609589039348,592.4197258285653,290.8436909146942,264.61775109290033,306.79544852895657,42.177697436056235
Vw Volkswagen Quantum,Parana,327.1519178078696,161.71080504278004,297.9751836915619,270.04325162083444,311.41743876911505,41.37418714828061
Vw Volkswagen Quantum,Rio Grande do Sul,334.6809589044005,113.79195316240998,251.07047121509595,225.59133280218563,264.9077671685506,39.31643436636497
Vw Volkswagen Quantum,Rio de Janeiro,367.2754794522002,264.70593720279356,240.42808065608685,210.97361376091385,254.6597291557374,43.68611539482356
Vw Volkswagen Quantum,Santa Catarina,150.33547945220025,209.78414486666557,280.52623655177325,255.54633914965657,292.63489858419615,37.088559434539576
Vw Volkswagen Quantum,Sao Paulo,1825.636438356135,239.8966140237416,215.03792135556512,187.99733840257872,227.11389788264282,39.1165594800641
Vw Volkswagen Santana,Bahia,247.7627397261001,358.9926398873699,300.5091746584981,296.98173194513316,308.98440974982026,12.002677804687096
Vw Volkswagen Santana,Ceara,163.77547945220024,150.27890672231734,283.05148122873527,279.42310462671645,289.0013808784199,9.578276251703471
Vw Volkswagen Santana,Distrito Federal,445.0564383556694,362.807918466647,308.87793134685995,299.36955707358675,321.84350174556005,22.4739446719733
Vw Volkswagen Santana,Esperito Santo,189.18,647.9120414420129,356.9733153578101,339.8269034687706,370.1532985912697,30.326395122499093
Vw Volkswagen Santana,Goias,313.5064383556694,370.26671799418506,403.9187700534883,395.13844158008635,411.3430275425246,16.204585962438273
Vw Volkswagen Santana,Mato Grosso do Sul,102.66369863050059,281.462682383968,365.59687801002264,360.29547961053925,372.98423557670253,12.688755966163285
Vw Volkswagen Santana,Minas Gerais,1320.4673972610012,418.2988547431917,305.3680930473593,300.8713180801547,312.2637676710679,11.392449590913202
Vw Volkswagen Santana,Parana,1789.7438356166706,216.67178971809946,309.2069933636371,298.78261038975984,315.9431573373459,17.160546947586056
Vw Volkswagen Santana,Pernambuco,145.2536986305006,457.213830877658,257.5873924447093,250.28892619788118,264.3420768965965,14.053150698715314
Vw Volkswagen Santana,Rio Grande do Sul,1685.2601369871013,203.15617303574805,267.15005115381086,264.7193800115333,269.58061577029423,4.861235758760927
Vw Volkswagen Santana,Rio de Janeiro,1763.5864383556693,295.59027482999255,255.26253189687017,248.31539731645543,259.3180101654697,11.002612849014241
Vw Volkswagen Santana,Santa Catarina,749.971095891036,267.6503149251558,295.60357451055813,286.9638782770225,302.6943683168969,15.730490039874383
Vw Volkswagen Santana,Sao Paulo,7332.779178082701,217.7241344962255,218.68121838910852,216.26767471989177,221.62056880055215,5.352894080660377
Vw Volkswagen Saveiro,Alagoas,225.66821917830035,634.6972583092582,474.31087745036734,463.24519999688545,485.4196506565247,22.174450659639263
Vw Volkswagen Saveiro,Amazonas,137.65547945220024,306.8167004181317,502.8086060641051,498.4554727797379,507.745506794021,9.290034014283151
Vw Volkswagen Saveiro,Bahia,801.7136986305006,564.271261390156,449.3715958681355,431.6424013459698,474.2962197575727,42.65381841160291
Vw Volkswagen Saveiro,Ceara,506.63547945220023,514.2277052560429,438.09102817907177,417.2400616481861,460.6224923199278,43.3824306717417
Vw Volkswagen Saveiro,Distrito Federal,597.2754794522002,495.9671210204221,480.38912032259975,461.7064550990273,509.594184928902,47.88772982987467
Vw Volkswagen Saveiro,Esperito Santo,616.09287671227,727.2799555662777,545.8544914221585,536.3427282719813,551.378261817307,15.035533545325734
Vw Volkswagen Saveiro,Goias,1105.541917808801,618.7617031797673,608.3494548620287,596.5597480035633,628.319238183934,31.759490180370676
Vw Volkswagen Saveiro,Maranhao,180.5582191778347,490.7004533132686,593.1804349228144,578.3608081703708,619.3790152365965,41.01820706622573
Vw Volkswagen Saveiro,Mato Grosso,367.62821917830036,830.5700815962364,623.3537962974073,595.5211777518927,644.5100909556846,48.98891320379198
Vw Volkswagen Saveiro,Mato Grosso do Sul,479.0582191778347,808.7326017804514,551.2133521159401,535.8914428840109,574.7170471779219,38.825604293911056
Vw Volkswagen Saveiro,Minas Gerais,4590.586712327544,460.6504859871857,456.8048701903996,446.9667540468622,468.60175612419897,21.635002077336765
Vw Volkswagen Saveiro,Para,178.6019178083353,993.0072542128269,687.9570980144083,580.4938451329006,992.9073165594248,412.4134714265242
Vw Volkswagen Saveiro,Paraiba,204.01369863003492,277.71664540401997,470.6193845422949,463.8178125579826,486.98558331696495,23.16777075898233
Vw Volkswagen Saveiro,Parana,4910.216712329872,408.56119343215397,455.0558736438434,408.3324065725142,489.2875659258219,80.95515935330775
Vw Volkswagen Saveiro,Pernambuco,592.7427397261001,378.52340478042385,398.01345111984233,390.9160209669889,408.7060543046333,17.790033337644388
Vw Volkswagen Saveiro,Piaui,134.4209589039348,354.61731852446,667.2484570039798,626.1038152892299,703.3116636497105,77.20784836048051
Vw Volkswagen Saveiro,Rio Grande do Norte,271.0982191783003,351.5626192192589,458.47077261287507,433.99323602959623,477.8022478310839,43.80901180148766
Vw Volkswagen Saveiro,Rio Grande do Sul,3355.626712330338,330.7188478152605,380.443396753704,330.48295412174184,410.69267570976984,80.209721588028
Vw Volkswagen Saveiro,Rio de Janeiro,2422.6801369866357,388.1998228498243,388.67765584689255,379.5372351903376,392.92686160476586,13.389626414428278
Vw Volkswagen Saveiro,Santa Catarina,2714.1215068490806,441.2584318637856,447.5859937905842,438.2879619555812,460.95207010775755,22.664108152176368
Vw Volkswagen Saveiro,Sao Paulo,16924.206712329873,337.18555303644126,333.60549658920854,330.25912292401745,339.3497392968354,9.090616372817976
Vw Volkswagen Saveiro,Sergipe,173.11369863050058,287.111883075687,499.30838360687585,482.0268896054615,514.5677739996775,32.54088439421594
Vw Volkswagen Spacefox,Alagoas,236.58821917783467,361.4381151232377,413.0173767535581,400.23383134472675,419.3690710208212,19.135239676094443
Vw Volkswagen Spacefox,Bahia,1300.1454794522003,267.2585533631238,362.3108683731064,267.06618874011264,413.29965612772446,146.23346738761182
Vw Volkswagen Spacefox,Ceara,647.453698630035,341.2213112187964,389.76407861945114,373.80505609638533,401.1556651287281,27.35060903234279
Vw Volkswagen Spacefox,Distrito Federal,1368.0473972605355,317.14105875921894,415.2764996983657,404.70703339025647,430.8038943974429,26.09686100718642
Vw Volkswagen Spacefox,Esperito Santo,601.77,704.1477640959171,529.7760305606714,469.00339660733175,704.7509074293935,235.7475108220617
Vw Volkswagen Spacefox,Goias,1249.243698630035,515.3998380828975,539.0056227897616,523.8414146930045,553.9707987289539,30.129384035949442
Vw Volkswagen Spacefox,Maranhao,340.3727397261001,482.1743366759262,530.2212892277225,514.3768925083776,566.6096941122418,52.23280160386412
Vw Volkswagen Spacefox,Mato Grosso,291.5119178078696,687.2411992844832,560.4791114755359,542.6138508746947,578.3510372929899,35.73718641829521
Vw Volkswagen Spacefox,Mato Grosso do Sul,350.16,594.159812657071,488.4160189199442,474.06515198215754,498.5620828977966,24.49693091563904
Vw Volkswagen Spacefox,Minas Gerais,3349.6865753427705,431.4684277146453,410.8299245057142,402.87866452802535,421.34142728417925,18.462762756153893
Vw Volkswagen Spacefox,Para,337.7527397261001,417.1217089585997,523.613078633225,510.4696655836685,534.633089702883,24.16342411921454
Vw Volkswagen Spacefox,Paraiba,251.50273972610012,239.28168760920548,427.8312724402078,391.52299923078635,467.1056241587411,75.58262492795473
Vw Volkswagen Spacefox,Parana,3002.9701369866357,416.1203551807286,421.7117861100179,415.6100655205893,430.25949005020436,14.64942452961509
Vw Volkswagen Spacefox,Pernambuco,963.9156164374389,275.9162684623459,351.4524854770982,335.31690686730235,362.01695120903486,26.700044341732507
Vw Volkswagen Spacefox,Piaui,130.47273972610012,407.916627731803,591.3470650767152,573.1657858918901,611.179597597255,38.0138117053649
Vw Volkswagen Spacefox,Rio Grande do Norte,275.0254794522002,367.47140738123886,407.70139045325413,398.35143959190424,414.39492009033194,16.043480498427698
Vw Volkswagen Spacefox,Rio Grande do Sul,3602.679178082235,386.10765245559935,361.28642708445454,352.95475571104714,374.32897095869555,21.374215247648408
Vw Volkswagen Spacefox,Rio de Janeiro,4903.61,343.7834574935609,340.728009835977,326.46874755435033,353.6630670561585,27.194319501808195
Vw Volkswagen Spacefox,Santa Catarina,2039.6836986305007,578.6505038955116,441.3546580770092,397.82300728906824,578.9530601405185,181.13005285145022
Vw Volkswagen Spacefox,Sao Paulo,24085.8454794522,384.8574885157332,384.84583668047077,384.63076858891145,385.06239674433004,0.43162815541859345
Vw Volkswagen Spacefox,Sergipe,211.11,261.0629529629103,449.28357351274354,433.28544449253775,472.31795711017025,39.032512617632506
Vw Volkswagen Spacefox,Tocantins,118.98,463.57370986720457,564.405751238734,462.8153349556806,624.9763586047484,162.16102364906777
Vw Volkswagen Voyage,Alagoas,332.7654794522002,548.0947131302387,456.8247332020632,439.5798143149741,471.240816046161,31.6610017311869
Vw Volkswagen Voyage,Amazonas,284.10547945220026,623.0432455625387,496.3920738901737,483.20726169918566,513.3053126223441,30.09805092315844
Vw Volkswagen Voyage,Bahia,1590.8882191783005,363.4937973823721,434.4154134763443,421.63213038062753,447.39855121117427,25.766420830546735
Vw Volkswagen Voyage,Ceara,1025.19,401.77723153756864,423.4674074017922,417.6135098107833,431.2261264460993,13.612616635315987
Vw Volkswagen Voyage,Distrito Federal,1211.6327397261,468.3927574689776,461.0677915825114,452.69871453636426,473.3096031723106,20.61088863594631
Vw Volkswagen Voyage,Esperito Santo,927.8654794522002,350.54758173785046,543.6319691669199,536.3995218596091,551.4353080037998,15.035786144190752
Vw Volkswagen Voyage,Goias,1760.2228767127358,768.8100284932564,636.8022096409393,585.6988900641485,769.2362402472957,183.53735018314717
Vw Volkswagen Voyage,Maranhao,351.9164383566007,680.6132760337067,569.0157097909859,534.6587082888846,592.1947882143452,57.536079925460626
Vw Volkswagen Voyage,Mato Grosso,892.8091780817695,336.0281316155143,530.5811402312412,335.9299628828721,643.2443520421393,307.31438915926725
Vw Volkswagen Voyage,Mato Grosso do Sul,591.8000000000001,507.01250422440006,532.9679479155375,526.1203258577622,542.6329739241551,16.5126480663929
Vw Volkswagen Voyage,Minas Gerais,5015.584794520605,475.5870148194741,453.5577304571947,444.6668536029066,471.10643778605595,26.43958418314935
Vw Volkswagen Voyage,Para,518.1709589044004,707.4807912336802,581.032918675526,562.4322054150497,605.7455292173923,43.313323802342666
Vw Volkswagen Voyage,Paraiba,388.48465753350405,272.3582461963119,411.0698422956734,271.70154399700607,502.7274763053305,231.02593230832446
Vw Volkswagen Voyage,Parana,4138.929178082235,433.5217933908676,467.92399009933376,455.3831323899138,475.87743617002684,20.494303780113057
Vw Volkswagen Voyage,Pernambuco,1116.973698630035,477.8930789997086,395.6412297936068,389.9754865586221,402.73715220932075,12.76166565069866
Vw Volkswagen Voyage,Piaui,190.4801369866356,615.2190031668342,661.691908238952,615.1247376504635,699.7882914795905,84.66355382912695
Vw Volkswagen Voyage,Rio Grande do Norte,399.31821917830035,495.86267415358657,452.2995396499241,434.7130257491792,466.62818171995787,31.915155970778642
Vw Volkswagen Voyage,Rio Grande do Sul,3612.8782191783002,395.2782001948574,398.0953176392345,380.42323095246087,411.12277070276576,30.699539750304893
Vw Volkswagen Voyage,Rio de Janeiro,3715.2982191778347,456.11197272207113,418.3059532212943,380.053492102932,456.5288917216788,76.47539961874679
Vw Volkswagen Voyage,Santa Catarina,2110.13287671227,520.7074929385232,455.3520763236342,444.6237535213777,473.9170279547246,29.29327443334688
Vw Volkswagen Voyage,Sao Paulo,17626.435616437906,302.72450517584184,313.46769776663507,302.5607997811002,326.5008189613977,23.940019180297554
Vw Volkswagen Voyage,Sergipe,311.3954794522002,456.62191451891783,495.313725837082,480.6623882767776,509.507671073644,28.8452827968664
Vw Volkswagen Voyage,Tocantins,262.04095890393484,832.537786888415,651.5352611603075,625.1720629568302,681.9515108694367,56.77944791260643
Yamaha Motos Acima De 450cc,Distrito Federal,110.63,313.96547048720964,906.4551541356309,886.957033530968,950.7447535975405,63.78772006657243
Yamaha Motos Acima De 450cc,Minas Gerais,250.65917808223514,880.9771167746857,890.1481257410828,873.2982412019462,907.8446887742545,34.54644757230824
Yamaha Motos Acima De 450cc,Parana,175.2182191778347,943.8573270291569,884.3809101726162,872.6260558409857,895.8400348687398,23.213979027754135
Yamaha Motos Acima De 450cc,Rio de Janeiro,426.54273972610014,746.1761046604088,730.1521743299935,707.8831108521846,745.8313742721598,37.948263419975206
Yamaha Motos Acima De 450cc,Santa Catarina,172.57821917830034,1279.553126990233,856.391130345799,851.5587425939074,864.542345002168,12.983602408260595
Yamaha Motos Acima De 450cc,Sao Paulo,2795.6473972605354,623.7707236287372,631.7650508354153,628.503564637422,634.9059968519009,6.402432214478949
Yamaha Motos Ate 450cc,Bahia,251.78739725960418,34.81508643961976,95.42870722728571,94.25936721959067,96.88689040889882,2.6275231893081497
Yamaha Motos Ate 450cc,Distrito Federal,139.70547945220022,64.90081874778751,101.14229367448512,98.23547580411784,103.49709956102846,5.261623756910623
Yamaha Motos Ate 450cc,Goias,215.43821917830036,91.11196738845443,131.26096799667428,128.0465600099116,139.24820716622034,11.201647156308752
Yamaha Motos Ate 450cc,Minas Gerais,819.8527397261001,98.34814972617832,98.6386156385306,97.094748642507,102.41486800193778,5.320119359430777
Yamaha Motos Ate 450cc,Para,158.17917808223515,135.66260907515758,123.76676014809122,120.14154764878369,129.1259760992075,8.984428450423806
Yamaha Motos Ate 450cc,Parana,297.9109589039348,124.6311989884626,101.41503096253895,99.5920453386775,103.07872864091773,3.4866833022402375
Yamaha Motos Ate 450cc,Pernambuco,225.75095890393482,88.73494977500556,84.28415380910806,82.73773372174509,86.13572081607639,3.397987094331299
Yamaha Motos Ate 450cc,Rio Grande do Sul,370.37,109.5013095013095,85.47526306880067,83.57651124231757,88.44503281876952,4.868521576451954
Yamaha Motos Ate 450cc,Rio de Janeiro,413.55547945220025,139.02125073075032,82.45704869095923,81.58958269662051,84.30316636816315,2.7135836715426365
Yamaha Motos Ate 450cc,Santa Catarina,232.83369863003492,106.43648297396066,96.96189436507206,96.14714069130865,98.31051687946702,2.1633761881583666
Yamaha Motos Ate 450cc,Sao Paulo,3073.96287671227,65.64815779943102,71.04249409623898,70.3341863034323,71.72869216636813,1.39450586293583
