VehModel,Area,exposure,actual_rate,glmm_rate_mean,ci90_low,ci90_high,ci90_width
Agrale Caminhoes - Todos,Parana,316.52095890440046,0.0,147.85174273028403,59.28600126668187,243.54829709350474,184.26229582682288
Agrale Caminhoes - Todos,Rio Grande do Sul,254.82821917830034,748.4022005685314,270.5783100412849,163.28883598694387,750.1069300675846,586.8180940806408
Agrale Caminhoes - Todos,Santa Catarina,250.00273972610012,0.0,83.25089298477828,38.528913964283404,133.90122546641237,95.37231150212897
Agrale Caminhoes - Todos,Sao Paulo,156.68095890440046,287.3929309270735,252.00482735838594,115.33937605200475,422.0611072896638,306.72173123765907
Alfa Romeo 156,Sao Paulo,107.14,0.0,65.86502830382737,8.04420230370765,408.58686157195194,400.5426592682443
Audi A3,Bahia,109.37273972610012,0.0,264.8132367816665,241.4051097125719,314.4143418235287,73.00923211095676
Audi A3,Distrito Federal,200.87273972610012,0.0,90.39534463806076,67.9286413459468,101.37799405881317,33.44935271286637
Audi A3,Minas Gerais,474.0010958905704,349.91058340989696,163.54592173869378,123.86382155462181,350.49841239928634,226.63459084466453
Audi A3,Parana,655.9338356162049,169.58875112075685,194.90034125540004,152.7990944288315,215.1912852492138,62.3921908203823
Audi A3,Rio Grande do Sul,586.5310958905704,250.8596748422891,196.28690714918997,155.10937216319593,222.4273713832137,67.31799922001778
Audi A3,Rio de Janeiro,510.50821917830035,204.99180242081448,374.78103282191177,316.0379757220166,411.79029492378714,95.75231920177055
Audi A3,Santa Catarina,558.7873972610012,243.00655430955436,129.70792991211465,112.65962475563123,178.14320662377716,65.48358186814593
Audi A3,Sao Paulo,3202.401232877206,339.78908977072706,346.5118210711154,339.55529668207737,350.12737199720146,10.572075315124096
Audi A4,Parana,107.46095890440047,13.9585577431375,307.88244217932055,274.43032102674886,353.612619404137,79.18229837738812
Audi A4,Rio Grande do Sul,105.57547945220024,0.0,275.31640902966126,242.99087826893984,295.0526016563723,52.061723387432465
Audi A4,Rio de Janeiro,135.1282191778347,550.8471913038405,495.8314171460912,383.5483830603839,559.6273250402518,176.07894197986786
Audi A4,Sao Paulo,641.5891780822352,563.2420438888414,475.22923837809833,466.8229019609319,482.28445982719427,15.461557866262353
Audi A6,Sao Paulo,167.41,411.03279373991995,291.39783694944464,197.65790641901035,435.96019255159985,238.3022861325895
Bmw - Todos,Distrito Federal,252.29,0.0,209.6859186967224,119.19647613858513,270.3175003245824,151.12102418599727
Bmw - Todos,Minas Gerais,544.7919178078696,74.8726232285724,257.2788216768049,127.16906514364001,336.895301980856,209.726236837216
Bmw - Todos,Parana,805.1720547954366,671.5794429022758,588.6093269156937,501.77969573293336,672.878446109429,171.09875037649562
Bmw - Todos,Rio Grande do Sul,594.3128767127357,826.9364828814728,593.1156786257277,504.38688958794177,827.2922800946502,322.90539050670844
Bmw - Todos,Rio de Janeiro,585.0973972600699,408.6738398081033,711.8983170696303,310.3315556169247,991.862457834659,681.5309022177344
Bmw - Todos,Santa Catarina,621.8947945201397,688.1196044263423,356.7558098241883,258.2760477199036,688.930273298459,430.65422557855544
Bmw - Todos,Sao Paulo,3568.6649315067752,237.34506216092817,237.3635157457785,236.8545738438163,237.78968021185264,0.9351063680363438
Bmw Motos Acima De 450cc,Parana,103.59369863003492,0.0,115.59586084439685,9.46056677667377,272.4531661215606,262.99259934488686
Bmw Motos Acima De 450cc,Rio de Janeiro,236.57,1713.8774992602612,667.3667670282151,466.408363022447,1715.9474997434927,1249.5391367210457
Bmw Motos Acima De 450cc,Sao Paulo,1474.0147945201397,247.8272276221776,373.2801618903734,247.42418675171285,431.06091966502737,183.63673291331452
Buell Motos - Todas,Sao Paulo,136.86547945220025,737.1252444648353,651.0415629676887,427.4409855483903,754.9491946762071,327.50820912781677
Chevrolet Caminhoes - Todos,Minas Gerais,112.02821917783469,0.0,5.5129725707917405,1.2593255085896422,35.12249798186273,33.86317247327309
Chevrolet Caminhoes - Todos,Sao Paulo,210.77739726006985,0.0,14.49722218690866,3.2408443350424307,88.08632263725208,84.84547830220966
Chrysler - Todos,Distrito Federal,152.58,46.49364267925023,60.06638283433877,51.14682384659676,63.37391623998228,12.227092393385519
Chrysler - Todos,Minas Gerais,244.79,0.0,75.65726026683218,56.1480517745366,87.83289494300669,31.684843168470096
Chrysler - Todos,Parana,404.27,0.0,129.08161180705315,115.91762084352328,136.76339209045886,20.845771246935584
Chrysler - Todos,Rio Grande do Sul,352.1191780817695,0.0,122.71104557487539,90.24813794992752,140.19468274710243,49.94654479717491
Chrysler - Todos,Rio de Janeiro,425.61,251.94426822678037,237.05652451789553,190.87966145987357,257.6498160599503,66.77015460007672
Chrysler - Todos,Santa Catarina,264.96013698616997,0.0,77.25105689368047,70.03026569049888,86.9287678651859,16.898502174687025
Chrysler - Todos,Sao Paulo,2435.6936986305004,276.69817447856354,231.7065616869871,215.0828409500778,276.48490371694925,61.40206276687144
Citroen Berlingo,Sao Paulo,492.52095890440046,315.72260467027746,273.40424645361867,217.41324237587918,321.4240157826585,104.01077340677932
Citroen C3,Alagoas,642.6246575344354,47.03367610568285,107.50401459661053,94.39757093629066,128.50128936971652,34.103718433425854
Citroen C3,Amazonas,200.36,11.90856458374925,46.11464298049201,40.57880946877505,62.16311659477083,21.584307125995778
Citroen C3,Bahia,2038.9219178083354,114.4560750275564,119.40710622001237,116.45018638169665,121.01896925661619,4.568782874919535
Citroen C3,Ceara,763.6954794522002,67.79141869104178,55.10479175118798,47.73346511354745,60.03892525276808,12.305460139220628
Citroen C3,Distrito Federal,2479.9227397261,37.47899017622843,47.200278982241805,38.81024847091158,55.2769205666762,16.466672095764622
Citroen C3,Esperito Santo,929.2209589044005,50.29804757644136,69.301475129484,61.70769194801039,75.94699381403845,14.239301866028057
Citroen C3,Goias,1645.386438356135,1.4653092694800443,11.447442052514463,1.8947822661065277,72.49488101787269,70.60009875176615
Citroen C3,Maranhao,311.4554794522002,0.0,36.67760945792492,28.13802570338491,41.58041661687824,13.44239091349333
Citroen C3,Mato Grosso,457.8436986300349,145.8576370054232,47.595945659123146,42.870758039160286,49.96626016209476,7.095502122934477
Citroen C3,Mato Grosso do Sul,719.54,5.832893237346083,22.785469312080945,19.484581210271195,31.37914452725711,11.894563316985916
Citroen C3,Minas Gerais,4353.369178082701,50.82913737572209,59.90027968214599,50.67301315146387,66.71827359300715,16.045260441543284
Citroen C3,Para,557.67,307.24980723366866,90.9561802812444,59.963243333411974,307.81564284981755,247.85239951640557
Citroen C3,Paraiba,412.3036986300349,0.0,41.89930353656731,35.97873029500635,57.03387806368125,21.0551477686749
Citroen C3,Parana,4630.802054795437,99.40826546954085,98.5131086301232,82.5450425620719,113.70750173649557,31.162459174423674
Citroen C3,Pernambuco,1038.0282191783003,119.49386125377985,96.24484827599053,93.67229272893795,100.36491220382844,6.692619474890492
Citroen C3,Piaui,136.24547945220024,0.0,13.114467650764063,10.647218730154519,14.781848535483586,4.134629805329068
Citroen C3,Rio Grande do Norte,570.3582191783004,51.813051879176506,61.03439579904735,54.62121891471387,80.25747097539318,25.636252060679304
Citroen C3,Rio Grande do Sul,4171.723013699371,199.1764547337893,168.06829827527892,101.0350150295243,199.4074279366265,98.3724129071022
Citroen C3,Rio de Janeiro,6795.491095890105,219.56750129543977,198.79132486489746,184.97240155983508,216.95157660996568,31.979175050130607
Citroen C3,Santa Catarina,5604.210136987102,65.32481670946355,58.264747031926376,52.20742805353149,69.34452841948402,17.137100365952534
Citroen C3,Sao Paulo,31740.280136985704,154.41155461917236,160.9985130657478,154.3656246982219,169.1304215111102,14.764796812888306
Citroen C3,Sergipe,236.91643835613505,2.4312369542469288,35.51722556377351,26.517900080009717,41.31685041110504,14.79895033109532
Citroen C4,Alagoas,191.4282191778347,313.40729312361884,172.88126793440185,153.3415546896569,203.1085670770659,49.76701238740901
Citroen C4,Amazonas,112.68095890393481,69.20423890471254,74.6389629533165,59.91428553302344,84.14431456046958,24.230029027446143
Citroen C4,Bahia,611.5846575339698,41.87645926774653,151.2988712846535,41.86675331534482,243.18987129010537,201.32311797476055
Citroen C4,Ceara,301.65821917783467,0.0,108.56667218245954,102.5735912854026,115.97266324676923,13.39907196136663
Citroen C4,Distrito Federal,1065.6654794522003,10.773549693944997,53.8119747450482,10.663186939342467,108.12953789364511,97.46635095430264
Citroen C4,Esperito Santo,400.46643835613503,177.29325905922647,140.6428565742261,128.68887491797418,154.54570752582262,25.856832607848446
Citroen C4,Goias,680.446438356135,0.0,20.987330338362117,0.08523079524226425,142.51967324834638,142.4344424531041
Citroen C4,Maranhao,120.41095890393481,0.0,66.0410794908199,44.630693856618116,79.25865349900702,34.62795964238891
Citroen C4,Mato Grosso,262.79273972610014,226.39894870006927,103.18426195276795,90.41632739064399,129.89967399569733,39.48334660505334
Citroen C4,Mato Grosso do Sul,327.2973972605355,26.575218968442368,41.30794082327724,36.78875699301121,47.010743159540674,10.221986166529462
Citroen C4,Minas Gerais,1719.9519178078697,194.09437935072054,134.09688368342628,106.15093316828793,200.99200992292793,94.84107675464
Citroen C4,Para,216.1582191778347,0.0,97.00023305980464,71.14477070772534,114.26921105774176,43.124440350016414
Citroen C4,Paraiba,156.7891780817695,389.6697511108636,68.86686084934198,62.733651438247456,79.50955723890446,16.775905800657007
Citroen C4,Parana,2386.510273971874,244.89607540105143,198.71305567442712,177.48920405152217,227.3262195285059,49.83701547698374
Citroen C4,Pernambuco,359.4554794522002,0.0,183.26194911088666,174.30027113002515,200.05677004710597,25.75649891708082
Citroen C4,Rio Grande do Norte,124.05547945220023,21.216313955838885,109.45991621263566,99.23570740231982,128.93086350374614,29.69515610142632
Citroen C4,Rio Grande do Sul,1954.844794521071,347.61378596630857,226.28482844999473,181.7532722128315,347.8366862778838,166.08341406505232
Citroen C4,Rio de Janeiro,2569.27287671227,359.08097125929316,361.0793815797459,325.8589010673947,409.5472795688952,83.6883785015005
Citroen C4,Santa Catarina,1913.1147945206053,154.4930815686171,114.1659139737647,93.99834819571666,152.6810740073834,58.68272581166673
Citroen C4,Sao Paulo,9529.097534247172,243.7448028685224,267.9899834831461,243.56174658116436,300.364272345024,56.80252576385965
Citroen C4,Sergipe,108.57821917783468,0.0,76.00437387551762,73.83254741338011,77.08588598659371,3.253338573213597
Citroen C5,Parana,115.34,0.0,170.12180176978512,154.5712474508718,210.5111880683878,55.939940617516015
Citroen C5,Rio Grande do Sul,147.19273972610011,569.3827029509326,156.9764789366311,136.76463445030038,171.68915065346894,34.924516203168565
Citroen C5,Rio de Janeiro,177.08547945220025,161.03522484291233,309.6964744167727,293.5104809903298,331.24923147488863,37.73875048455881
Citroen C5,Santa Catarina,105.69821917830035,0.0,87.1348017591306,80.43256124662516,97.53232965593304,17.099768409307885
Citroen C5,Sao Paulo,507.14643835613504,242.16279699820615,256.7254912329998,245.1415806371405,264.6110658169494,19.469485179808913
Citroen Jumper,Rio de Janeiro,190.39,2721.3929303009613,1554.5575534576556,1280.172037171335,2726.9574957537257,1446.7854585823907
Citroen Jumper,Sao Paulo,232.81547945220024,0.0,240.93526598816473,1.9594705380623132,1199.077746149402,1197.1182756113396
Citroen Xsara,Alagoas,155.23191780833528,0.0,88.77509204031524,56.088577463074245,115.65388805140442,59.56531058833018
Citroen Xsara,Bahia,821.5228767122701,101.41409613986912,124.66270205269304,115.46563151866677,148.90009354667026,33.434462028003495
Citroen Xsara,Ceara,255.9046575344354,0.0,53.4912576804136,46.13310893304049,66.96759121380225,20.834482280761762
Citroen Xsara,Distrito Federal,1375.7846575339697,0.0,45.5448327879579,34.9820659714703,54.00351639653166,19.02145042506136
Citroen Xsara,Esperito Santo,397.666438356135,77.03189669872579,71.12553238772331,65.20427527422514,81.29813422459746,16.093858950372322
Citroen Xsara,Goias,615.4682191778347,0.0,66.08996559273247,55.56829753103157,76.58457729125992,21.01627976022835
Citroen Xsara,Mato Grosso,112.13,0.0,44.65253406329076,29.17319720838178,60.37582353648572,31.20262632810394
Citroen Xsara,Mato Grosso do Sul,232.6936986305006,96.47876213291381,20.329022952566483,18.36835430751133,25.266885543361735,6.898531235850406
Citroen Xsara,Minas Gerais,2041.8828767132013,60.54803701523234,61.81146114984044,54.52955472731997,72.03934359130062,17.509788863980653
Citroen Xsara,Para,179.12273972610012,0.0,51.44316236356993,33.95231477650432,68.50822042020883,34.555905643704506
Citroen Xsara,Paraiba,103.58273972610012,0.0,39.195178024248,34.17623721621815,45.36878224791916,11.192545031701009
Citroen Xsara,Parana,2947.13027397234,147.83364137234236,112.3336089016017,91.48043580589155,148.038926465034,56.55849065914245
Citroen Xsara,Pernambuco,450.86,199.75380384154727,92.41361939203107,77.94403080902265,115.82721949114567,37.88318868212302
Citroen Xsara,Rio Grande do Norte,125.47547945220023,0.0,51.11027445543375,38.20673992677953,64.28694922422106,26.080209297441534
Citroen Xsara,Rio Grande do Sul,2967.3246575344356,95.67237588214779,95.99974111091882,78.48060542359396,115.6930074931628,37.21240206956884
Citroen Xsara,Rio de Janeiro,5417.608356163539,224.4962943133954,203.56033146007107,181.24812648806548,225.5027922387789,44.25466575071343
Citroen Xsara,Santa Catarina,2987.2456164383702,117.92736360929491,70.54468502749273,54.327890491209615,118.10588683267234,63.777996341462725
Citroen Xsara,Sao Paulo,14942.10849315064,128.18077186884008,142.31480299625585,128.0761448306129,160.04775355738172,31.971608726768835
Daewoo - Todos,Sao Paulo,123.45,0.0,23.02920006028575,7.122200088491791,142.49969496659295,135.37749487810117
Dafra,Sao Paulo,489.7127397261001,165.6011645630419,158.76580718748033,113.25919709400752,195.0972343135667,81.83803721955918
Dodge Dakota,Sao Paulo,297.65191780833527,204.60812229409575,201.46842282597134,165.64733932132378,225.99616740841878,60.348828087095
Dodge Journey,Rio de Janeiro,191.9682191778347,160.41196887633356,155.68178704954218,112.76867271716623,179.70834216727064,66.93966945010442
Dodge Journey,Sao Paulo,576.6227397261001,150.64442314789994,139.90049338544625,103.6683701398084,163.59728153522005,59.928911395411646
Dodge Ram,Parana,163.4182191778347,639.5982071390538,534.5640234171237,456.8206187083689,674.9661565408741,218.14553783250517
Dodge Ram,Sao Paulo,417.07,730.6111683889994,774.3403219512643,718.0308460822004,814.1531781317709,96.12233204957056
Effa,Sao Paulo,277.88739726006986,65.32502077814969,86.35526269810926,67.80201306128478,103.40929595378357,35.60728289249879
Fiat Brava,Minas Gerais,345.55547945220025,190.45856284592318,103.12113137599212,78.76197251277412,114.88562829142828,36.123655778654154
Fiat Brava,Parana,238.25,76.80587618048268,183.76082261042333,173.91854547150535,190.90969892959413,16.991153458088775
Fiat Brava,Rio Grande do Sul,453.35013698616996,33.61860680427002,165.6881830091689,122.23741835128644,191.76864068765784,69.5312223363714
Fiat Brava,Rio de Janeiro,340.2209589039348,760.9672279863936,409.8498181962577,312.1131603683673,761.7720305911221,449.6588702227548
Fiat Brava,Santa Catarina,190.8909589039348,164.32417847398332,90.71192753757238,70.1384502640365,103.62497434314766,33.48652407911115
Fiat Brava,Sao Paulo,1764.15,250.5710965620837,288.1575062762085,247.0420220772856,309.56863582686276,62.526613749577166
Fiat Doblo,Alagoas,141.15369863050057,354.0608605009018,199.38150488863104,154.17982572786727,230.77808260715574,76.59825687928847
Fiat Doblo,Amazonas,114.1109589039348,0.0,77.7540277522457,44.50109478013157,100.50255292988751,56.00145814975595
Fiat Doblo,Bahia,852.038356164936,500.10307272776697,304.3548399645988,242.33702991646396,500.74862419129505,258.4115942748311
Fiat Doblo,Ceara,363.73369863003495,74.85146441625808,100.99174343418265,57.666151978809324,141.06595330877565,83.39980132996632
Fiat Doblo,Distrito Federal,722.0836986305005,0.0,91.49097423095314,63.30654270572939,110.15787325441917,46.85133054868978
Fiat Doblo,Esperito Santo,286.00369863003493,217.57760580745534,134.4907350097977,82.99571030257657,167.456132263866,84.46042196128944
Fiat Doblo,Goias,431.6456164388359,0.0,129.01539088544445,85.4795370783153,161.13387283194456,75.65433575362925
Fiat Doblo,Mato Grosso,124.00369863003492,0.0,87.55584320658569,45.645499664198105,125.48368802165463,79.83818835745652
Fiat Doblo,Mato Grosso do Sul,149.63095890440047,3.7224916827263566,42.218460459460694,35.821433759403455,50.02731096624597,14.205877206842516
Fiat Doblo,Minas Gerais,2151.1523287649825,178.8701780226358,135.1055618420598,127.56907983570171,141.50411862848193,13.935038792780219
Fiat Doblo,Para,174.98547945220022,0.0,114.74299060133137,82.44456570271197,133.06274296978168,50.61817726706971
Fiat Doblo,Paraiba,109.03821917830035,4.585548111184714,69.00098953122428,38.757460613679356,94.41042835075704,55.65296773707769
Fiat Doblo,Parana,1357.3356164388358,272.3548955194298,234.2195037704658,215.42671802935374,272.73113330345495,57.30441527410122
Fiat Doblo,Pernambuco,696.0591780822351,47.66405076563812,140.03812026176357,47.4363592898357,220.6434598814281,173.2071005915924
Fiat Doblo,Rio Grande do Norte,194.54821917830034,0.0,112.10222303442056,83.04937490751881,134.15115055154436,51.10177564402555
Fiat Doblo,Rio Grande do Sul,1301.2146575335041,189.3008187188036,217.4341760665911,184.18365946959779,247.41190052004993,63.22824105045214
Fiat Doblo,Rio de Janeiro,2796.5501369866356,515.2466179464337,494.83226768030755,437.3593123318888,516.3999600474754,79.04064771558654
Fiat Doblo,Santa Catarina,1396.4238356157393,65.29894268081787,118.39897673364644,107.65068407182106,143.47040770194337,35.81972363012231
Fiat Doblo,Sao Paulo,9305.340410959907,260.1359964380168,260.1254800114523,259.8930620822074,260.3807469027603,0.48768482055288587
Fiat Ducato,Bahia,140.25369863003493,1403.349800558133,637.5493228471164,475.57223284499037,1400.031434066741,924.4592012217506
Fiat Ducato,Minas Gerais,661.6191780822352,516.3438596055,295.79025471865896,242.17564533502264,497.2484373140446,255.07279197902199
Fiat Ducato,Parana,456.39109589057045,1.5030968092429289,111.07820485771141,2.015704718696372,418.559450183846,416.54374546514964
Fiat Ducato,Rio Grande do Sul,322.5782191778347,2.7590207493499443,340.55832170031283,200.29861421292298,414.05591179362983,213.75729758070685
Fiat Ducato,Rio de Janeiro,506.90013698616997,614.3379677336649,707.0605534095624,594.9164741167797,758.0133691924405,163.09689507566077
Fiat Ducato,Santa Catarina,616.4265753432363,182.30719520394712,200.42731587954216,140.06379087385972,230.51013326313364,90.44634238927392
Fiat Ducato,Sao Paulo,2612.8873972605356,718.0718931734801,688.1712352503237,672.4763681456504,713.8463342752648,41.36996612961434
Fiat Elba,Minas Gerais,127.26273972610012,73.8865124249054,46.200095463651095,39.577314607351674,51.50593405258473,11.928619445233053
Fiat Elba,Rio de Janeiro,107.46,0.0,146.51570365148652,125.79548766434324,171.91857518292255,46.12308751857931
Fiat Elba,Sao Paulo,459.2827397261001,158.88252200271648,127.0629927942555,119.22172385844465,133.81886509653344,14.597141238088795
Fiat Fiorino,Amazonas,151.44,0.0,55.768748835072095,35.36561013369555,66.14100694893574,30.775396815240192
Fiat Fiorino,Bahia,642.1227397261001,443.4853064407446,230.9446429902028,173.8816445949153,444.12178861386997,270.24014401895465
Fiat Fiorino,Ceara,186.46643835566937,0.0,76.33165972057756,55.10521121588618,94.13881756922174,39.033606353335564
Fiat Fiorino,Distrito Federal,604.91,78.85966507414327,75.99709427500343,68.9485083374999,79.1984184444165,10.249910106916602
Fiat Fiorino,Esperito Santo,384.06369863003493,124.0236975530573,117.00036283283401,106.00234626223985,137.59306697931237,31.590720717072514
Fiat Fiorino,Goias,505.93,23.105963275551954,93.17173473051862,63.66167608587486,106.14827971076923,42.48660362489437
Fiat Fiorino,Mato Grosso,161.3827397261001,0.0,68.35100809793411,48.09184880952119,80.27135146903089,32.1795026595097
Fiat Fiorino,Mato Grosso do Sul,126.14273972610012,0.0,32.03036649502413,30.949893738558863,33.796106667565255,2.8462129290063913
Fiat Fiorino,Minas Gerais,2799.2919178083353,173.6846367850976,109.86667925023377,92.08479466064429,173.88907227190037,81.80427761125608
Fiat Fiorino,Para,129.51821917783468,204.05623369258748,79.96628148144967,59.53058345264853,92.89958304496302,33.368999592314495
Fiat Fiorino,Parana,2351.0556164379045,115.36349804048268,142.80377091796424,115.23963497457059,164.27503665769916,49.03540168312857
Fiat Fiorino,Pernambuco,432.89,106.51666705167595,121.34617223066157,79.14288029244904,146.8202633805592,67.67738308811016
Fiat Fiorino,Rio Grande do Norte,167.54,171.17106362659663,89.10330050213616,80.87160241797987,111.8063854332849,30.93478301530503
Fiat Fiorino,Rio Grande do Sul,1740.5519178083352,54.97336736756648,120.61619475665871,54.858985931302556,163.02543392870288,108.16644799740033
Fiat Fiorino,Rio de Janeiro,2347.3009589039348,210.14987367889032,262.4947604519115,209.8487976285487,301.7403051411271,91.89150751257841
Fiat Fiorino,Santa Catarina,2244.2920547954363,55.131416490835406,74.04790515793103,52.546356913835886,84.89983017324859,32.3534732594127
Fiat Fiorino,Sao Paulo,12842.221917808336,268.97860994053826,258.7229083433787,248.030437708169,269.1005074740319,21.070069765862883
Fiat Idea,Alagoas,286.7636986300349,158.06742700190733,153.00616945577949,147.65581309093676,163.9203220120033,16.26450892106655
Fiat Idea,Amazonas,280.4282191778347,32.02958684519559,67.08453514281332,63.23385668523111,71.51961869159307,8.285762006361956
Fiat Idea,Bahia,2027.153698630035,204.46254286495716,189.20178829613772,173.0562830511865,212.04952999813958,38.993246946953064
Fiat Idea,Ceara,648.1336986300349,47.35597001803181,78.82670020327602,66.74749023667928,94.2870004246449,27.539510187965618
Fiat Idea,Distrito Federal,1946.4354794522003,90.23160636664353,68.18775632276571,57.01754613226574,78.80414372060869,21.78659758834295
Fiat Idea,Esperito Santo,768.796438356135,142.49675796397474,104.74816647901316,95.67134122715633,117.16764976940343,21.496308542247093
Fiat Idea,Goias,943.0682191783004,39.62385672646132,79.55017372358915,39.59537829779354,110.67047475475442,71.07509645696089
Fiat Idea,Maranhao,191.96,0.44801000208376746,43.93875304819755,18.220138300965015,62.251097164505424,44.030958863540405
Fiat Idea,Mato Grosso,182.67,0.0,76.66027299718607,71.49373039821927,81.55335143623144,10.059621038012168
Fiat Idea,Mato Grosso do Sul,227.59821917830035,0.0,29.742040858810444,27.09495643689599,31.874665861449785,4.779709424553793
Fiat Idea,Minas Gerais,5724.218219177835,38.39563615231419,74.53867510264782,38.33265784722102,97.93786637981083,59.605208532589806
Fiat Idea,Para,651.39,44.713612428806094,77.09973491506665,57.110711771408724,89.82768987173124,32.716978100322514
Fiat Idea,Paraiba,301.1554794522002,0.0,60.54415386937669,52.52863656273396,70.95879185215904,18.43015528942508
Fiat Idea,Parana,2746.7282191783,190.09197792280975,159.9881260735246,136.10750496987794,190.1585862315007,54.051081261622755
Fiat Idea,Pernambuco,1300.17,181.903904873978,150.08934685757686,127.09670138183228,182.22070207263056,55.12400069079828
Fiat Idea,Piaui,183.00095890393482,0.0,19.122488748150566,14.730904158123135,21.677975906069392,6.947071747946257
Fiat Idea,Rio Grande do Norte,415.5809589039348,1.9587037917879275,77.5480649537143,58.21796782912438,94.40187325146147,36.183905422337084
Fiat Idea,Rio Grande do Sul,2607.5264383556696,165.84951685963017,145.96128548263056,138.15902837556158,161.47153767402412,23.312509298462544
Fiat Idea,Rio de Janeiro,6154.300958903935,299.922933949063,277.4237370538983,259.7654591543126,300.1357359583981,40.37027680408545
Fiat Idea,Santa Catarina,2004.3682191783005,43.80033526773375,80.64391974576269,67.71984645586961,86.56619925516733,18.84635279929772
Fiat Idea,Sao Paulo,22713.869178082234,298.9616144550384,294.829915661238,282.7005074554019,299.1421188205455,16.441611365143558
Fiat Idea,Sergipe,236.91,0.0,52.59413791669088,37.13568432785279,67.92374996722216,30.78806563936937
Fiat Linea,Bahia,265.0009589044005,7.735821064479773,232.1528959528655,166.97750345983331,269.5959276630462,102.6184242032129
Fiat Linea,Ceara,102.02273972610011,0.0,111.28236990153022,92.78404494179209,129.6041965236403,36.82015158184821
Fiat Linea,Distrito Federal,315.7627397261001,10.273536398923827,112.70970907807994,104.78464759369382,128.46806938648032,23.683421792786504
Fiat Linea,Esperito Santo,140.96,20.77894438138479,144.13280966584284,114.98633161267212,166.037704349129,51.051372736456884
Fiat Linea,Goias,240.84547945220024,195.14171537243956,134.90980571648663,97.93136163152673,152.50931362261196,54.57795199108523
Fiat Linea,Minas Gerais,1285.6064383556693,238.39488575679508,143.7113894771387,129.2381440675541,166.0056673051844,36.767523237630314
Fiat Linea,Parana,562.7382191783004,511.1328681744732,271.6504795502856,215.8869661681651,512.2555959213362,296.3686297531711
Fiat Linea,Pernambuco,121.88,0.0,203.56135138289883,193.2422340134768,219.0592988927623,25.81706487928551
Fiat Linea,Rio Grande do Sul,460.89917808223515,233.94704336131693,205.1526588003607,182.8264008970454,224.99900489604923,42.172603999003826
Fiat Linea,Rio de Janeiro,483.8746575335041,444.0447472393668,430.69589503756856,398.81862417331325,488.47199338503714,89.65336921172388
Fiat Linea,Santa Catarina,330.62013698616994,9.376319386528095,111.03853186965473,79.6544653970669,132.71053861597994,53.05607321891304
Fiat Linea,Sao Paulo,1951.1338356176018,291.9220555773451,335.92949895684677,274.8038123431071,363.6647840111823,88.8609716680752
Fiat Linea,Sergipe,115.35,8.513220632856523,69.9063850359548,35.695516658711405,95.34541727030009,59.649900611588684
Fiat Marea,Distrito Federal,149.93095890440046,0.0,74.46992255588756,61.62688330365153,81.97284231229607,20.345959008644535
Fiat Marea,Minas Gerais,342.63191780880095,258.9017408748877,104.46220490176324,96.81511288230618,110.87851557361923,14.063402691313044
Fiat Marea,Parana,284.88643835613505,108.73455464831855,173.8534230560899,156.29969887626117,216.09516484502674,59.79546596876557
Fiat Marea,Rio Grande do Sul,368.98273972610014,373.247811272236,201.80946287220644,160.66651730443735,373.43052066965856,212.7640033652212
Fiat Marea,Rio de Janeiro,252.03013698616996,235.6583252710733,280.2828109822912,230.51215125923343,304.9041799669153,74.39202870768187
Fiat Marea,Santa Catarina,177.96,147.67363452461225,89.79592349541308,86.2033280880552,93.03774223127049,6.834414143215284
Fiat Marea,Sao Paulo,1110.8373972610011,171.60117265588593,235.7786082791731,171.36250044027386,263.65617311862604,92.29367267835218
Fiat Marea Weekend,Minas Gerais,108.4,337.33394833948336,97.00721877683434,81.05361656517238,108.85888038754601,27.805263822373632
Fiat Marea Weekend,Parana,118.85643835566938,0.0,152.0088041164056,121.53563245960991,169.23792232311865,47.70228986350874
Fiat Marea Weekend,Rio Grande do Sul,182.3509589039348,258.71539301777705,148.09146032195656,124.17350406324987,160.25209418482015,36.078590121570286
Fiat Marea Weekend,Sao Paulo,547.7954794522002,225.85253920627818,250.02520133461067,216.26640503725565,273.97836798088645,57.711962943630795
Fiat Palio 1.0,Acre,204.39369863003492,0.0,21.5118924773805,19.74053259446702,24.26677497404946,4.526242379582442
Fiat Palio 1.0,Alagoas,2284.006575342305,111.94582483269794,129.74040669621917,116.0802684125286,163.09463830076717,47.014369888238576
Fiat Palio 1.0,Amapa,179.3927397261001,0.0,2.6063763489810445,0.706971169789393,21.846701316972162,21.139730147182767
Fiat Palio 1.0,Amazonas,1180.736438356135,28.627049104251412,49.22082641330076,32.45779948864351,63.25367679848585,30.79587730984234
Fiat Palio 1.0,Bahia,14898.604794519673,143.87239809116002,143.8956887993256,143.72961072973482,144.03501025011207,0.30539952037725016
Fiat Palio 1.0,Ceara,7678.239452054109,59.862550897267965,70.85578147643487,59.77749349722204,80.986300621305,21.208807124082966
Fiat Palio 1.0,Distrito Federal,10692.81027397234,56.33158959774863,63.999729793609404,55.14533056713564,74.0743444224562,18.92901385532057
Fiat Palio 1.0,Esperito Santo,4826.582876711805,62.5262235641126,86.15259869897777,62.45968614807215,109.91588641847163,47.45620027039948
Fiat Palio 1.0,Goias,9230.411232876275,45.98722519405325,46.39623198893923,45.663134352126995,47.93758013896864,2.274445786841646
Fiat Palio 1.0,Maranhao,1673.8573972605354,29.948190378727606,39.82325610521737,20.11205816146608,57.587727993944355,37.475669832478275
Fiat Palio 1.0,Mato Grosso,2613.8846575344355,12.392283610002124,44.526863325010495,12.366008436772358,77.1668969586743,64.80088852190194
Fiat Palio 1.0,Mato Grosso do Sul,2191.721917808335,13.028112630526257,28.501374558583386,24.42378463576964,33.81008260455125,9.386297968781609
Fiat Palio 1.0,Minas Gerais,40629.095753425005,122.32883621538693,118.80648118140854,108.8131229998778,122.39819850148203,13.585075501604223
Fiat Palio 1.0,Para,3084.966438356135,85.95555423328992,71.77667386097993,54.111261030588366,92.13667087934729,38.025409848758926
Fiat Palio 1.0,Paraiba,2694.5056164393013,58.56213438089697,54.282260887510986,46.906926916508255,65.27168455146777,18.364757634959517
Fiat Palio 1.0,Parana,21992.256027395484,184.54063989362527,178.89484079903315,162.94794551929866,184.64858713573204,21.700641616433387
Fiat Palio 1.0,Pernambuco,12495.683835616204,121.47994619336842,126.72500307380112,117.4455456328763,139.8074035707965,22.361857937920206
Fiat Palio 1.0,Piaui,1335.7046575339698,8.176957337383717,17.914769454608862,14.619058311886352,23.377059444827257,8.758001132940905
Fiat Palio 1.0,Rio Grande do Norte,3648.4102739714085,125.29429687807702,86.30367507611241,68.80096865557954,125.45454130251588,56.65357264693634
Fiat Palio 1.0,Rio Grande do Sul,20930.087260273154,121.91984525757286,122.39413023724357,121.82568489553464,123.81001870354511,1.9843338080104758
Fiat Palio 1.0,Rio de Janeiro,34047.89383561667,332.5189233337183,332.5247976420032,332.36042008112264,332.6836667279812,0.32324664685853577
Fiat Palio 1.0,Rondonia,167.5936986305006,3.2757794862586005,1.8333195809492988,0.5190820229463913,29.834042231111713,29.31496020816532
Fiat Palio 1.0,Roraima,138.97547945220023,41.71958983594791,10.107268447606183,3.9736351585022236,25.338306237661527,21.364671079159304
Fiat Palio 1.0,Santa Catarina,14874.072328767776,93.45544174284368,79.63614253341746,66.63767849254823,93.51720417674305,26.879525684194817
Fiat Palio 1.0,Sao Paulo,136598.74589041024,313.8768714201644,313.8776632269084,313.7975120526126,313.95832470226225,0.16081264964964248
Fiat Palio 1.0,Sergipe,1535.5056164383702,52.98906049508788,44.45567613254125,25.247053739396677,55.0396399908609,29.792586251464222
Fiat Palio 1.0,Tocantins,750.9846575344354,32.53195621893214,55.187441007648566,50.648011470495625,63.349173327283836,12.701161856788211
Fiat Palio Acima De 1.0,Alagoas,386.74547945220024,295.9129610567163,165.94942355823486,140.18038271510545,180.4652729224081,40.28489020730265
Fiat Palio Acima De 1.0,Amazonas,254.63,50.50465381141264,69.93397432185304,56.22911104868227,76.87701066937788,20.64789962069561
Fiat Palio Acima De 1.0,Bahia,2125.453698630035,213.635799402581,226.651789541553,221.08281062929566,242.4905913510969,21.40778072180123
Fiat Palio Acima De 1.0,Ceara,959.5446575344354,0.6753203146011421,92.50499440136035,75.17710321045719,108.29552960744934,33.11842639699215
Fiat Palio Acima De 1.0,Distrito Federal,2797.646438356601,82.61551453791647,83.59776648291837,76.60267995812606,88.10626109890471,11.50358114077865
Fiat Palio Acima De 1.0,Esperito Santo,1195.5109589039348,128.4429882104819,135.65636921346035,119.61706515295175,159.287825034823,39.670759881871234
Fiat Palio Acima De 1.0,Goias,2242.7682191783006,20.402019080136746,76.03143382079594,20.28435419191576,125.39677118429508,105.11241699237931
Fiat Palio Acima De 1.0,Maranhao,281.0954794522002,14.368783190221402,61.7697767955686,41.33758310466958,72.66520161519249,31.32761851052291
Fiat Palio Acima De 1.0,Mato Grosso,563.7554794522002,91.05720808227197,78.97032383945546,54.54648223421241,95.88983963696519,41.34335740275278
Fiat Palio Acima De 1.0,Mato Grosso do Sul,471.6182191778347,0.0,36.42079994694393,32.61890408109999,38.639677206064455,6.020773124964464
Fiat Palio Acima De 1.0,Minas Gerais,11099.25835616447,123.09155766621161,116.60838491297605,107.33324817349062,123.16836992909896,15.835121755608341
Fiat Palio Acima De 1.0,Para,598.4209589044004,41.80836186921866,94.63780613488154,72.7826014860551,106.32973087107835,33.547129385023254
Fiat Palio Acima De 1.0,Paraiba,409.62547945220024,73.76738390495082,66.69579681325635,59.28952295847942,70.62521068949486,11.335687731015447
Fiat Palio Acima De 1.0,Parana,4741.677397261001,175.7654370331945,177.02153281515095,169.52096150840197,186.95653218038677,17.435570671984806
Fiat Palio Acima De 1.0,Pernambuco,1613.28,186.4078151343846,159.57963303132428,144.2971702353183,180.0954797591072,35.7983095237889
Fiat Palio Acima De 1.0,Piaui,300.18,111.48311013391965,24.598472215931864,23.529233171033585,26.968251606163495,3.43901843512991
Fiat Palio Acima De 1.0,Rio Grande do Norte,489.7009589039348,152.94844463372394,91.16251089311042,76.86439044920965,101.2548872610951,24.390496811885455
Fiat Palio Acima De 1.0,Rio Grande do Sul,3347.592054794971,108.22973470768088,153.58204281488338,108.11877042833216,177.82292010512472,69.70414967679257
Fiat Palio Acima De 1.0,Rio de Janeiro,7482.65739726007,417.9233170751718,355.09589534594596,326.09268588860874,418.1127512205044,92.02006533189564
Fiat Palio Acima De 1.0,Santa Catarina,2910.1273972605354,38.933347078432554,76.88218060527646,38.87229086668341,98.65337995436813,59.78108908768473
Fiat Palio Acima De 1.0,Sao Paulo,31434.202876712738,516.9049160790809,516.9102310095393,516.714213033104,517.1075410713173,0.3933280382133262
Fiat Palio Acima De 1.0,Sergipe,282.37,1.2395084463646988,68.01178344064749,56.75587085593333,80.46654365483474,23.710672798901406
Fiat Palio Acima De 1.0,Tocantins,185.16821917830035,0.0,62.67876375716382,41.60767439959746,77.24269724150224,35.635022841904785
Fiat Palio Weekend,Alagoas,344.18465753396976,380.6038332405069,183.84214979353422,152.5350011433136,203.85598428241153,51.32098313909793
Fiat Palio Weekend,Amazonas,182.97273972610012,25.747004756293762,71.85368845462447,43.60950169367403,90.257627374928,46.64812568125398
Fiat Palio Weekend,Bahia,2792.1656164383703,159.9625743438985,213.24603763091255,152.14659490459695,243.94547239215467,91.79887748755772
Fiat Palio Weekend,Ceara,883.0536986305005,179.40245337932626,97.41090019939503,67.61499878890429,114.10861409904473,46.49361531014044
Fiat Palio Weekend,Distrito Federal,2376.4191780822352,74.0521712764558,90.31183627806132,74.02210176921196,99.10019284172832,25.078091072516358
Fiat Palio Weekend,Esperito Santo,979.261917808801,84.59023933592154,138.77661289079853,123.30702639184607,150.1265232398698,26.819496848023746
Fiat Palio Weekend,Goias,2623.2591780827006,274.28018017109434,162.33933004038494,129.3041238298908,274.50517053372545,145.20104670383463
Fiat Palio Weekend,Maranhao,281.79273972610014,0.0,60.669144889442286,28.397149330524154,81.76962059596148,53.372471265437326
Fiat Palio Weekend,Mato Grosso,579.9809589044005,0.0,89.08969046155927,66.94485548487629,101.19210056187129,34.247245076995
Fiat Palio Weekend,Mato Grosso do Sul,563.7482191783004,72.8711836285323,35.96335744428335,23.527973498680378,42.66348323390278,19.135509735222403
Fiat Palio Weekend,Minas Gerais,9922.763972602841,62.99394016887381,64.91493963191867,62.85750142788462,71.13773046100036,8.280229033115738
Fiat Palio Weekend,Para,552.3627397261001,111.07374844006148,104.52336431382676,80.62357925005912,118.7294120112698,38.10583276121068
Fiat Palio Weekend,Paraiba,357.15,87.06985860282795,67.32788857138961,49.83299923359827,76.41247251537672,26.579473281778448
Fiat Palio Weekend,Parana,4925.630273971874,162.37170788604075,176.38229435146135,162.23504741440323,190.96197901706773,28.726931602664507
Fiat Palio Weekend,Pernambuco,1845.5191780817695,213.87965223437584,187.00909370917165,175.67555869809723,206.94535936826966,31.26980067017243
Fiat Palio Weekend,Piaui,237.8482191778347,0.0,23.91799987388177,15.942641030734835,28.605947245654065,12.66330621491923
Fiat Palio Weekend,Rio Grande do Norte,473.0609589044005,9.186976684918678,109.07602484990659,101.49469303610375,117.40444999061742,15.909756954513668
Fiat Palio Weekend,Rio Grande do Sul,6047.16767123241,189.5770156090882,197.9542490248324,191.54771645347589,206.6180822706407,15.070365817164827
Fiat Palio Weekend,Rio de Janeiro,10084.046438356136,387.70795274494384,379.91709254711446,367.74191282597116,394.30856869034136,26.566655864370205
Fiat Palio Weekend,Santa Catarina,3814.1312328767403,105.00687457938423,112.33088537757382,104.86776466525764,116.57688684374054,11.7091221784829
Fiat Palio Weekend,Sao Paulo,32840.677534247174,546.6379912923293,546.6318910334568,546.4411065926217,546.8280141727795,0.3869075801577537
Fiat Palio Weekend,Sergipe,320.04,93.07899012623422,69.00962147981582,52.61908114572724,82.11233910274234,29.493257957015096
Fiat Palio Weekend,Tocantins,230.1982191778347,0.0,76.61800336250394,62.43077247096865,84.18638637560974,21.755613904641095
Fiat Premio,Sao Paulo,176.45,237.57438367809578,210.4315161336993,83.34927199445507,313.3833053313235,230.03403333686845
Fiat Punto,Alagoas,326.2282191783004,6.936861580215275,176.19892089823364,111.05955557894126,214.28051084220994,103.22095526326868
Fiat Punto,Amazonas,235.51821917783468,0.0,86.7810462287738,79.1919631394312,90.11975488064252,10.927791741211323
Fiat Punto,Bahia,1909.95,180.8879813607686,221.87635120751173,169.85319053568887,255.04732284756523,85.19413231187636
Fiat Punto,Ceara,650.0154794522002,118.61871361121939,111.10920046511868,105.11735495045696,115.68001949137208,10.562664540915122
Fiat Punto,Distrito Federal,2308.118219177835,141.6768852145198,106.67136920746873,94.8862958917254,141.87747140693682,46.991175515211424
Fiat Punto,Esperito Santo,653.57,112.51740440962712,138.69472422258514,120.63221916475821,149.3152852376246,28.683066072866396
Fiat Punto,Goias,1342.67,85.50798036747673,129.05460167318495,107.1651028894828,144.75814499144477,37.59304210196197
Fiat Punto,Maranhao,315.05,0.0,70.07131934203659,47.557381682645946,80.86458302696713,33.30720134432118
Fiat Punto,Mato Grosso,278.1454794522002,6.439076426937891,91.81412396537507,65.90872925261537,109.93256620617746,44.02383695356208
Fiat Punto,Mato Grosso do Sul,308.91,138.72325272733158,38.354039868074985,27.137300344287752,43.8341235826821,16.69682323839435
Fiat Punto,Minas Gerais,4753.15287671227,115.79387709084143,126.16077379233182,117.19496671418804,132.56315359542103,15.368186881232987
Fiat Punto,Para,432.47273972610014,76.90889377458873,101.6558002580775,65.81597730495005,122.54166526576306,56.725687960813005
Fiat Punto,Paraiba,318.7727397261001,14.803649785281886,79.87107964756756,71.60461551949425,89.26506772968452,17.66045221019027
Fiat Punto,Parana,2426.2882191783006,308.90064670627777,226.17816186067753,199.01127202913145,309.18958406733054,110.1783120381991
Fiat Punto,Pernambuco,1061.9927397261001,159.10843236421726,185.10187420487375,171.80384671020224,211.49447634286315,39.690629632660915
Fiat Punto,Piaui,231.73821917783468,9.907731267400747,26.58904713137067,21.79496083758615,30.151029744181812,8.356068906595663
Fiat Punto,Rio Grande do Norte,364.60547945220026,106.40542226158769,112.02335936930776,109.00724021960285,116.80850372421646,7.801263504613615
Fiat Punto,Rio Grande do Sul,1787.8527397261,206.46890641370823,198.2600467428527,186.04826221112816,210.39284152283838,24.34457931171022
Fiat Punto,Rio de Janeiro,3456.446438356135,395.98009817589934,380.68529372993925,360.8737358588247,391.8037682370819,30.93003237825718
Fiat Punto,Santa Catarina,1770.8619178083352,117.87085029098903,111.07191103681016,106.09840655426488,114.28486645028303,8.18645989601815
Fiat Punto,Sao Paulo,13737.5927397261,458.9243632014745,458.9840685843841,458.64494370946704,459.3054810134135,0.6605373039464553
Fiat Punto,Sergipe,278.00547945220023,144.1554320402904,78.19044516743374,66.48714888257838,90.80152299165609,24.314374109077704
Fiat Siena 1.0,Alagoas,724.4401369861699,183.14280673619396,103.71729672942145,83.2408527032211,115.33561623451715,32.09476353129605
Fiat Siena 1.0,Amapa,123.43,0.0,2.2966391192730824,0.6979611661026152,17.05284413341284,16.354882967310225
Fiat Siena 1.0,Amazonas,757.6619178083353,23.261034487493298,49.3919014799169,45.01879239948333,55.88067849744429,10.861886097960962
Fiat Siena 1.0,Bahia,4838.601917808335,148.48814021167425,143.4002032438111,133.27794842683653,156.23562532084628,22.95767689400975
Fiat Siena 1.0,Ceara,3038.013698630035,21.65658437605754,47.18177072754027,21.586520089436203,64.36024481848585,42.77372472904965
Fiat Siena 1.0,Distrito Federal,3254.27,24.572945699035422,43.81018088015161,24.502656746716315,55.04811576807799,30.545459021361676
Fiat Siena 1.0,Esperito Santo,1973.0091780822352,90.72943095682794,79.22194035852169,74.84166741984639,83.7349023151819,8.89323489533551
Fiat Siena 1.0,Goias,2556.97287671227,48.62272929537618,71.44295216878993,49.14658115536829,84.95457651409554,35.80799535872725
Fiat Siena 1.0,Maranhao,761.7228767118044,0.0,41.98887673928876,32.96841241123822,46.45078325464301,13.482370843404787
Fiat Siena 1.0,Mato Grosso,544.9854794522003,56.381318692904756,51.66677928971319,38.4913901047512,58.66130917500332,20.16991907025212
Fiat Siena 1.0,Mato Grosso do Sul,736.5109589039348,0.0,22.878233279240774,21.958007291881867,23.722973267751584,1.7649659758697176
Fiat Siena 1.0,Minas Gerais,8221.219315068405,89.83983660991223,75.34183798828593,67.02984729024031,84.09999460941565,17.070147319175334
Fiat Siena 1.0,Para,1465.6309589044006,46.621558847991686,69.3228215339058,60.4807671492836,78.3795835859275,17.898816436643905
Fiat Siena 1.0,Paraiba,1032.139178082235,0.4844307924915944,45.678812343782184,40.454087073703555,55.454282385519235,15.00019531181568
Fiat Siena 1.0,Parana,4982.377534246705,170.8742451065019,140.8335872502062,119.41276464333019,170.98818609513785,51.57542145180766
Fiat Siena 1.0,Pernambuco,4593.947397260536,126.07784763608433,108.6173606889406,105.45576160051215,114.58849800360822,9.132736403096075
Fiat Siena 1.0,Piaui,730.6819178078696,0.0,14.365911570046016,11.325823856616504,16.92581797999367,5.599994123377167
Fiat Siena 1.0,Rio Grande do Norte,1479.6536986305005,18.72329993541161,65.4170285228521,58.85076834947537,69.65886971270035,10.808101363224978
Fiat Siena 1.0,Rio Grande do Sul,5544.986438356601,102.19465931966221,110.24033150566046,98.47519207173626,118.64101248635977,20.16582041462351
Fiat Siena 1.0,Rio de Janeiro,11870.212876711339,413.10986171282366,413.12429232868044,412.8155993089962,413.4202700968778,0.6046707878816164
Fiat Siena 1.0,Santa Catarina,3551.062876712736,103.83510875519428,71.50014040492603,56.91173090743386,103.9270903519645,47.01535944453063
Fiat Siena 1.0,Sao Paulo,30361.78205479497,396.9323005563411,396.92836184486913,396.7355341937865,397.1184278274412,0.3828936336547031
Fiat Siena 1.0,Sergipe,1088.4054794522003,3.071465610116689,39.801523575156324,28.2691252621725,50.053970941092615,21.784845678920114
Fiat Siena 1.0,Tocantins,275.6182191778347,0.0,43.61417638389437,35.86790732696515,48.19468763059131,12.326780303626158
Fiat Siena Acima De 1.0,Alagoas,422.8736986305006,96.11380450386912,172.9857231937081,148.97145596147757,197.42114485473803,48.44968889326046
Fiat Siena Acima De 1.0,Amazonas,421.62547945220024,95.60617648718251,85.3314023833469,78.08266666816681,107.41428497581227,29.331618307645456
Fiat Siena Acima De 1.0,Bahia,2122.013698630035,194.17970782470417,216.37768826635542,213.75763765845377,219.05214757171353,5.294509913259759
Fiat Siena Acima De 1.0,Ceara,1369.359178082235,150.5565547008142,99.45120441833376,94.55567126771665,102.94654091539184,8.390869647675189
Fiat Siena Acima De 1.0,Distrito Federal,2024.8854794522003,152.05254969940046,98.32655669825543,87.83474330488066,126.9441716158964,39.10942831101573
Fiat Siena Acima De 1.0,Esperito Santo,1325.2136986305006,84.30489370541181,115.8352427925875,84.07165467949888,130.1753573210591,46.10370264156022
Fiat Siena Acima De 1.0,Goias,1526.1791780817696,65.029716972513,116.85931397226999,91.73110401635886,131.55612641644208,39.82502240008323
Fiat Siena Acima De 1.0,Maranhao,440.7036986300349,85.65392148362467,63.379803234667925,41.02608145894331,75.87976227046404,34.85368081152073
Fiat Siena Acima De 1.0,Mato Grosso,388.17273972610013,0.0,90.10981846824326,77.68880780418941,97.70949730801767,20.020689503828265
Fiat Siena Acima De 1.0,Mato Grosso do Sul,406.62369863003494,0.0,40.502388180887856,34.71195182817112,48.129291326168726,13.41733949799761
Fiat Siena Acima De 1.0,Minas Gerais,7312.7865753413735,106.74152622368324,113.18154787322054,106.64266836665672,128.44120560893862,21.798537242281895
Fiat Siena Acima De 1.0,Para,839.0654794522002,113.21524043870723,104.24652595434054,100.71520229566694,108.0226285964587,7.307426300791761
Fiat Siena Acima De 1.0,Paraiba,449.06369863003493,78.99547460242509,71.02771488317147,68.7303913690095,75.26421961945289,6.533828250443392
Fiat Siena Acima De 1.0,Parana,2749.34287671227,144.71530756316028,172.00816040841985,144.5244449196991,188.8994030180473,44.3749580983482
Fiat Siena Acima De 1.0,Pernambuco,1924.8764383556693,238.0090435266409,181.26602355569682,166.4303117337484,208.81216418332002,42.381852449571625
Fiat Siena Acima De 1.0,Piaui,391.1554794522002,0.0,26.261509101990466,22.608684436840964,31.056916271828324,8.44823183498736
Fiat Siena Acima De 1.0,Rio Grande do Norte,695.1427397261001,185.91721183899972,99.37473530733774,90.41739427030161,106.04900235135115,15.631608081049535
Fiat Siena Acima De 1.0,Rio Grande do Sul,2878.3773972605354,194.00895814825418,188.45233467334103,173.92424600528588,210.7861598187044,36.86191381341851
Fiat Siena Acima De 1.0,Rio de Janeiro,8278.79835616447,314.7985840311515,319.24841140052513,314.5586782969714,325.9087452811096,11.35006698413821
Fiat Siena Acima De 1.0,Santa Catarina,2050.871917808335,171.29689911373177,116.68340088525592,95.89966631995877,171.54282937419563,75.64316305423687
Fiat Siena Acima De 1.0,Sao Paulo,15304.930273972806,563.8967212203933,563.8782564613946,563.5760550735652,564.1868313112703,0.6107762377051813
Fiat Siena Acima De 1.0,Sergipe,569.63,0.0,76.29926716372543,65.76340617209314,80.89548432428666,15.132078152193515
Fiat Siena Acima De 1.0,Tocantins,234.09,2.8108847024648638,70.01133132939609,54.87560884428566,78.2216120242499,23.346003179964235
Fiat Stilo,Bahia,928.7228767118045,572.4646321649528,503.41800845265516,474.98723186220064,572.9134255323281,97.92619367012747
Fiat Stilo,Ceara,170.91821917830035,325.8809989232061,221.76827263655102,202.13170705972277,243.5357397184932,41.40403265877043
Fiat Stilo,Distrito Federal,1071.0754794522002,226.8178150472185,195.3310101295588,184.19995424321723,204.75595797282008,20.55600372960285
Fiat Stilo,Esperito Santo,371.14643835613504,128.27820795175094,283.3913698393507,266.0149847658248,305.40860486078947,39.39362009496466
Fiat Stilo,Goias,512.4964383561351,374.5235783797175,265.64112242667454,226.6685542459841,289.8856030746862,63.217048828702076
Fiat Stilo,Mato Grosso,116.94273972610011,2.5653580607282787,189.1686788531686,149.90356686324063,220.37694666944046,70.47337980619983
Fiat Stilo,Mato Grosso do Sul,166.89000000000001,0.0,76.83654196184573,66.25229798775655,87.10740448011315,20.855106492356597
Fiat Stilo,Minas Gerais,3711.87287671227,280.84905777359376,262.41835071106027,249.17211855383536,281.0770027402282,31.90488418639282
Fiat Stilo,Parana,2241.7875342467055,502.15151204249514,436.28410011665136,396.1516994134597,502.5318076394625,106.38010822600279
Fiat Stilo,Pernambuco,323.47369863050056,177.36217888161357,318.57013015652916,212.70942892058386,393.83890445044983,181.12947552986597
Fiat Stilo,Rio Grande do Sul,2344.128493149709,396.66340932984684,409.6939307987898,400.78679073815044,426.413306388946,25.626515650795568
Fiat Stilo,Rio de Janeiro,1611.7609589039348,458.218692989212,657.4754114747025,470.19564612246387,772.4937062089507,302.2980600864868
Fiat Stilo,Santa Catarina,1622.6775342462397,298.2003446696953,241.18897868186897,219.5851532787675,298.6251809626264,79.04002768385891
Fiat Stilo,Sao Paulo,10155.548493151106,503.267746045113,503.22245937764,502.8943774546303,503.61538624223766,0.7210087876073885
Fiat Stilo,Sergipe,119.07095890393481,481.4356122406741,148.1677076684924,119.1075978711124,179.21894291311295,60.11134504200055
Fiat Strada,Alagoas,531.0336986300349,139.2585822534039,177.51323140695322,165.19157313166647,190.6514012475255,25.45982811585904
Fiat Strada,Amazonas,311.48547945220025,133.24537655171528,66.94968116041784,56.304261355122975,72.41251269170888,16.10825133658591
Fiat Strada,Bahia,4408.145616437904,425.14566510949555,424.96776834446376,424.3904822839825,425.56822561482943,1.1777433308469085
Fiat Strada,Ceara,884.9219178088009,57.1372445211879,97.95737677181901,87.44452267883587,109.97699752302763,22.532474844191768
Fiat Strada,Distrito Federal,2089.071095890105,226.32738585593464,107.23616642748163,80.81765623473116,226.63442624761717,145.81677001288602
Fiat Strada,Esperito Santo,3164.3920547945054,75.77253255857099,111.48301201462435,75.89299910192541,133.32878955196466,57.43579045003925
Fiat Strada,Goias,5308.3256164379045,306.14380454877096,306.1056962024366,305.7554909835493,306.4813508704968,0.7258598869474895
Fiat Strada,Maranhao,533.9082191783003,75.05409836483119,62.76571128610973,51.95251792359154,69.9477471516744,17.995229228082863
Fiat Strada,Mato Grosso,1982.7147945201398,208.4732514945691,109.36846822819159,87.52736386256935,208.68438492524675,121.1570210626774
Fiat Strada,Mato Grosso do Sul,1213.5409589039348,39.72012616989529,34.4059315271012,33.25598171128568,36.74705143569129,3.4910697244056124
Fiat Strada,Minas Gerais,14699.38397260284,108.73095110508844,107.44285275917996,103.90487219730736,114.12723826485696,10.2223660675496
Fiat Strada,Para,498.6591780817695,110.11127923328077,102.77595969573557,98.206049960848,113.34551021030917,15.139460249461166
Fiat Strada,Paraiba,632.5919178078697,185.2189329355077,63.786062748863095,60.689879554311446,66.06390030085694,5.374020746545497
Fiat Strada,Parana,9080.92397260284,174.99177449280245,175.655882409142,165.9637337323099,187.70611488262733,21.742381150317442
Fiat Strada,Pernambuco,1610.6909589044005,200.70392660544337,173.4933443363429,160.09574110988245,207.14583782129463,47.05009671141218
Fiat Strada,Piaui,347.1782191778347,0.0,25.18439920385226,21.44177711751691,29.184826813310703,7.743049695793793
Fiat Strada,Rio Grande do Norte,917.5119178083353,90.3018243053576,94.61930235081094,87.98054701934463,101.5372234360859,13.556676416741269
Fiat Strada,Rio Grande do Sul,4370.362054794506,83.16107348618492,119.31570621425897,83.02339758839567,176.3454239068697,93.32202631847404
Fiat Strada,Rio de Janeiro,3995.46301369844,219.44415377991422,258.81581114794545,219.1585926907345,307.731950384056,88.5733576933215
Fiat Strada,Santa Catarina,4082.3084931511057,53.070462549186075,83.1738649741589,53.01532936468489,103.90479525134843,50.889465886663544
Fiat Strada,Sao Paulo,31876.153972602377,288.02769016272396,282.35057568842336,274.95072555747834,289.2932689253473,14.342543367868984
Fiat Strada,Sergipe,412.7391780822352,0.0,60.051190017552486,41.63955219488961,72.46154504653593,30.82199285164632
Fiat Strada,Tocantins,523.946438356135,0.0,68.79146135462697,65.47059516381621,73.65395206425066,8.183356900434447
Fiat Tempra,Minas Gerais,216.1836986300349,49.28216173335382,48.96253620282032,44.63808700642677,53.4328121811299,8.794725174703125
Fiat Tempra,Parana,160.68095890440046,0.0,79.96477865467276,77.09624110143551,83.8025251822404,6.706284080804892
Fiat Tempra,Rio Grande do Sul,228.88095890440047,40.48829594370348,81.07907658984928,78.32877939838758,84.4220071783348,6.093227779947213
Fiat Tempra,Rio de Janeiro,162.18369863003494,62.4538722791478,150.7277373650824,149.13262782978768,152.67754768100758,3.544919851219902
Fiat Tempra,Santa Catarina,115.36821917830035,70.83406555292547,49.28325462442379,44.27305142759615,60.58101601120591,16.30796458360976
Fiat Tempra,Sao Paulo,782.093698630035,171.62905190915845,130.18225879535785,124.57734285889255,134.909472519135,10.332129660242444
Fiat Tipo,Minas Gerais,116.3,56.57781599312124,30.397888505601124,25.203740816475353,42.20025638728488,16.996515570809528
Fiat Tipo,Parana,117.78547945220024,0.0,44.89455644575237,39.22681744021518,51.76552389386231,12.53870645364713
Fiat Tipo,Rio Grande do Sul,114.30547945220023,0.0,48.37312478171861,36.906756062864616,66.92648523999092,30.019729177126308
Fiat Tipo,Rio de Janeiro,126.84,72.69788710186062,85.71953794116963,76.10944617983135,103.6828231305171,27.57337695068574
Fiat Tipo,Sao Paulo,589.0182191783003,68.77885722535979,70.65623028606002,63.00950653665555,78.37570975217352,15.36620321551797
Fiat Uno 1.0,Acre,113.52547945220023,0.0,33.76514159271491,27.07061647986845,49.19596614575143,22.12534966588298
Fiat Uno 1.0,Alagoas,1936.0009589044005,104.07484514575052,159.7788052220945,103.88132980325624,202.0012926812357,98.11996287797946
Fiat Uno 1.0,Amazonas,363.0556164383702,99.27680049020371,78.61896315077746,72.96467925555707,89.38152224545416,16.41684298989709
Fiat Uno 1.0,Bahia,9024.30383561574,181.38507189217594,191.34100563377729,181.17506541127986,224.63407131244824,43.45900590116838
Fiat Uno 1.0,Ceara,4235.4619178088005,57.84516653776226,86.68203188949039,57.77435063233237,108.47658439269948,50.70223376036711
Fiat Uno 1.0,Distrito Federal,5522.213698630035,89.41667725073692,87.57440112548834,79.62751306731981,94.42062284723157,14.79310977991176
Fiat Uno 1.0,Esperito Santo,3902.553698630035,147.6269244423834,135.3019180537721,118.52531998830106,147.80060040464977,29.275280416348707
Fiat Uno 1.0,Goias,6256.199452055506,96.4451348816503,114.277088958706,96.33643181779533,127.7451681794493,31.408736361653965
Fiat Uno 1.0,Maranhao,1012.7801369866356,0.0,60.7144979695762,42.74791983670702,70.94498839750557,28.19706856079855
Fiat Uno 1.0,Mato Grosso,4080.517397261001,38.74631195203974,74.64407372420847,38.65857497295342,99.34655565938608,60.68798068643267
Fiat Uno 1.0,Mato Grosso do Sul,3093.6683561644704,36.933499924878674,35.856491204497544,31.665736091181724,41.07754702387337,9.411810932691647
Fiat Uno 1.0,Minas Gerais,30590.99657534277,138.80897896025542,129.7842115209786,116.70008070872997,138.8902468055139,22.190166096783926
Fiat Uno 1.0,Para,1446.5736986305005,78.63062912569515,103.25122519845475,96.7615068849985,109.36246106408258,12.600954179084084
Fiat Uno 1.0,Paraiba,2175.5582191783005,55.081035728503764,66.75208224084294,54.37715576696623,74.31819712791474,19.94104136094851
Fiat Uno 1.0,Parana,13677.86849315157,148.0760690903037,152.5068590996561,147.8012555960926,166.9315630140015,19.13030741790891
Fiat Uno 1.0,Pernambuco,7385.68287671227,312.7633610269876,312.82135278602345,312.4497390503772,313.179195250269,0.7294561998917857
Fiat Uno 1.0,Piaui,884.0964383561351,27.443838644021646,21.79815303438087,14.08949357174911,27.34372991650931,13.254236344760201
Fiat Uno 1.0,Rio Grande do Norte,1984.9701369857044,104.62424402785646,108.84924169834676,98.61968430447308,131.43798173243823,32.81829742796515
Fiat Uno 1.0,Rio Grande do Sul,14051.702054795436,87.72125933166497,87.69413005743745,87.55715738409279,87.8518025644898,0.29464518039701204
Fiat Uno 1.0,Rio de Janeiro,14364.458356164936,351.2477028299908,337.4694800193924,327.2226026561658,351.3848990115823,24.162296355416515
Fiat Uno 1.0,Rondonia,184.26917808223516,0.0,2.2291284726813054,0.5851247441839703,40.873850722382215,40.288725978198244
Fiat Uno 1.0,Santa Catarina,10146.350273973272,136.43240797145444,106.9223971488135,95.09599707012477,130.35356862244808,35.25757155232331
Fiat Uno 1.0,Sao Paulo,67056.9521917816,424.9104390922808,424.9202248821602,424.79042059108133,425.0442439686311,0.2538233775497929
Fiat Uno 1.0,Sergipe,1100.6754794522003,52.41508607851696,70.79566224158576,62.846717599000634,82.94625279697422,20.099535197973587
Fiat Uno 1.0,Tocantins,993.646438356135,96.12070884892363,66.8335497307999,50.16833550818455,77.3408595389185,27.172524030733946
Fiat Uno Acima De 1.0,Minas Gerais,245.72821917830035,0.0,33.746609227511264,29.993736285494332,43.38991019711696,13.396173911622629
Fiat Uno Acima De 1.0,Parana,141.79,45.856548416672545,60.29373000663821,50.69968292238719,69.35618194101068,18.656499018623485
Fiat Uno Acima De 1.0,Rio Grande do Sul,177.37273972610012,80.4294956599849,61.362560459897374,51.57770866351858,72.1703499996956,20.592641336177024
Fiat Uno Acima De 1.0,Rio de Janeiro,114.35821917783468,44.27316231749548,102.97271955727406,90.42785827155404,126.24599909935438,35.818140827800335
Fiat Uno Acima De 1.0,Santa Catarina,112.35273972610011,99.19651293924753,34.47652982386811,28.870211710480294,45.64447634684791,16.774264636367615
Fiat Uno Acima De 1.0,Sao Paulo,950.2136986305006,131.64722859741002,101.54046694501153,79.78486635458798,123.14102548372573,43.35615912913775
Fiat Uno Furgao,Minas Gerais,160.16,1.0614385614385615,32.96679230980368,28.846768170726133,39.767584516152155,10.920816345426022
Fiat Uno Furgao,Parana,120.16465753350407,185.0294458984395,57.79252019083088,44.8252049947646,70.35899998315116,25.533794988386568
Fiat Uno Furgao,Rio Grande do Sul,110.92,0.0,59.19919290902773,47.63896723039863,73.21974433600205,25.580777105603424
Fiat Uno Furgao,Rio de Janeiro,133.9482191778347,14.931142886974293,108.61068068973233,86.58040581543153,127.42539398910205,40.844988173670515
Fiat Uno Furgao,Santa Catarina,111.36821917783469,12.050116360907875,32.360513302485344,25.083549181397373,39.76219445754008,14.67864527614271
Fiat Uno Furgao,Sao Paulo,558.0436986305006,122.85238623470936,90.200404003249,74.59496010918747,100.20238956851978,25.60742945933231
Ford Caminhoes - Outros,Alagoas,128.53,0.0,175.0974830053304,138.27153219595587,198.97268808435174,60.701155888395874
Ford Caminhoes - Outros,Bahia,755.103698630035,70.29100783944804,170.2409705113309,70.02542727331134,238.13443099974185,168.1090037264305
Ford Caminhoes - Outros,Ceara,235.82547945220023,0.0,89.75284682141184,57.44427423856065,109.21468931895357,51.77041508039292
Ford Caminhoes - Outros,Distrito Federal,164.5,0.0,82.69890661079546,62.347173826104665,91.68353936120887,29.336365535104207
Ford Caminhoes - Outros,Esperito Santo,207.2609589039348,0.0,139.5921468555776,127.35387323687945,158.68511838669735,31.331245149817903
Ford Caminhoes - Outros,Goias,587.4309589044004,430.5697480972607,172.21103887358154,116.43388479874393,431.33329456616667,314.89940976742275
Ford Caminhoes - Outros,Maranhao,197.00273972610012,797.3290128776297,130.83261080489424,67.1929594300869,798.8023107421867,731.6093513120998
Ford Caminhoes - Outros,Mato Grosso,509.76465753396974,0.0,82.98053221282159,63.0768353634842,92.11925717593303,29.04242181244883
Ford Caminhoes - Outros,Mato Grosso do Sul,586.45,88.6469434734419,37.23410181634778,30.742397004368417,42.74879738841512,12.006400384046703
Ford Caminhoes - Outros,Minas Gerais,1435.6883561644704,212.31278967416856,124.29358694778352,111.49445063394589,159.47156497528337,47.97711434133748
Ford Caminhoes - Outros,Para,235.84273972610012,0.0,97.30286236825467,66.18975350733346,113.87716830781464,47.68741480048118
Ford Caminhoes - Outros,Paraiba,168.29,0.0,64.66966868484714,48.359222601385234,73.75594596297098,25.39672336158575
Ford Caminhoes - Outros,Parana,1517.9664383566007,179.43282085661906,172.35091223151736,126.63649078232584,195.79709348150905,69.16060269918322
Ford Caminhoes - Outros,Pernambuco,769.4127397261001,112.88219640204869,165.84076535907784,148.7173503324604,177.36733673998637,28.649986407525972
Ford Caminhoes - Outros,Rio Grande do Norte,141.4082191778347,0.0,99.89373757858262,82.13404657625829,111.53628340947168,29.402236833213394
Ford Caminhoes - Outros,Rio Grande do Sul,526.4882191778347,0.0,28.819220258946313,0.08570308674065788,199.92001799490976,199.8343149081691
Ford Caminhoes - Outros,Rio de Janeiro,501.6982191778347,385.46877905390824,363.1492357549667,334.61005109680707,405.19816384111544,70.58811274430838
Ford Caminhoes - Outros,Santa Catarina,489.41095890440045,54.72701318327422,95.76475031727846,69.68117032155651,108.00419275781294,38.32302243625644
Ford Caminhoes - Outros,Sao Paulo,5198.503835617136,513.0037572980663,512.956337729659,512.4604599392273,513.4835721400048,1.0231122007774047
Ford Caminhoes - Outros,Tocantins,232.51,32.06313706937336,68.33743400886293,50.15908622226424,77.65680086661989,27.497714644355646
Ford Cargo,Alagoas,130.57,2817.094278930842,960.526553371377,617.522606887044,2821.0174047047462,2203.4947978177024
Ford Cargo,Amazonas,207.69369863003493,0.0,262.3028153439558,227.80516941010146,291.1789682359624,63.373798825860916
Ford Cargo,Bahia,641.5782191778347,1149.4514276763307,860.8416837190982,771.880675749856,1051.2022147459027,279.3215389960467
Ford Cargo,Ceara,161.9382191778347,0.0,362.81384635573687,324.23396507182616,393.45608337631865,69.22211830449248
Ford Cargo,Distrito Federal,201.66547945220023,782.9748573177395,344.0440672614855,325.31664145343785,372.3148552700068,46.99821381656892
Ford Cargo,Esperito Santo,355.16917808223513,0.0,62.27098657361063,0.1309359976655323,503.2827848015439,503.1518488038784
Ford Cargo,Goias,439.49547945220024,54.608070212495214,258.83027313548183,54.44241989657358,448.836181302372,394.3937614057984
Ford Cargo,Maranhao,183.02,0.0,210.2848519711614,118.83794761607616,266.6093265110231,147.7713788949469
Ford Cargo,Mato Grosso,246.57369863003493,0.0,299.0940229682658,225.00700037988724,336.71493607106163,111.70793569117438
Ford Cargo,Mato Grosso do Sul,267.92821917830037,0.0,121.05150063317274,84.08991511283223,141.64095996122438,57.55104484839215
Ford Cargo,Minas Gerais,1368.9057534236088,631.6957890178493,450.10899792675417,394.34441962223144,598.0280865868299,203.68366696459844
Ford Cargo,Para,167.4591780817695,968.5882963118272,388.5318944904298,358.56199344201,422.8343911508181,64.27239770880806
Ford Cargo,Parana,2341.458493151106,803.8647729633409,676.5539666234898,623.2382137677199,803.8696212695594,180.63140750183948
Ford Cargo,Pernambuco,223.23643835613504,613.2421794940259,635.2468903182597,600.5539755533844,713.382118498478,112.82814294509365
Ford Cargo,Rio Grande do Norte,109.30547945220023,0.0,376.9427151222512,349.2764826026827,393.70489959649666,44.42841699381398
Ford Cargo,Rio Grande do Sul,1805.8991780822353,471.81869859691574,609.7776190024915,485.6821169084806,684.1261295506442,198.4440126421636
Ford Cargo,Rio de Janeiro,758.8991780817695,1115.3892696781854,1213.5814115368519,1114.3156109441525,1271.3732148907225,157.05760394657
Ford Cargo,Santa Catarina,2114.4684931506404,249.29101649302595,330.9430481422721,249.06266064055652,386.94933013773004,137.88666949717353
Ford Cargo,Sao Paulo,5513.517808218114,1359.0502943204735,1357.8229505902843,1353.356967470447,1359.8491117390472,6.492144268600214
Ford Cargo,Sergipe,163.9282191778347,0.0,233.36812361490078,153.63365855233317,292.178023055176,138.54436450284285
Ford Courier,Bahia,392.1827397261001,85.0802358698995,76.12559721884462,61.4004461868047,86.37244095123579,24.971994764431088
Ford Courier,Distrito Federal,169.78547945220024,0.0,34.0138158365967,32.56892916625978,35.70189764421683,3.13296847795705
Ford Courier,Esperito Santo,145.1109589039348,173.34321397911958,49.369462187028915,45.16410518627457,53.548725743564546,8.384620557289978
Ford Courier,Goias,214.54547945220023,0.0,46.606731185141825,44.02354004431236,49.865562143493186,5.842022099180824
Ford Courier,Mato Grosso do Sul,105.48,0.0,14.048257228990826,13.187665503219941,14.839526947983998,1.651861444764057
Ford Courier,Minas Gerais,837.5936986305006,26.109317722610253,42.01132929972228,37.76197259449057,45.130239085060545,7.368266490569972
Ford Courier,Parana,1287.6182191783003,44.43009515390998,68.48892650849236,66.55223022250158,73.14036600407981,6.588135781578231
Ford Courier,Rio Grande do Sul,1410.139178082701,36.11771149373245,69.53977022349265,66.86027699213695,70.94076508256043,4.080488090423486
Ford Courier,Rio de Janeiro,738.7964383556694,146.34071631508203,121.64530126747233,106.10949638256672,129.4300340801715,23.32053769760479
Ford Courier,Santa Catarina,1129.29287671227,70.55122868741843,35.05145952773533,27.931312391049342,38.534152941596666,10.602840550547324
Ford Courier,Sao Paulo,11037.568356164471,115.6081628511353,113.09114234679926,111.91644902750836,115.5704608770016,3.65401184949323
Ford Del Rey,Parana,140.8291780817695,0.0,9.297547173540854,7.875221494142746,10.852900564113392,2.9776790699706464
Ford Del Rey,Rio Grande do Sul,111.93369863050059,0.0,8.002611202403909,5.209774381872512,10.274983555109957,5.065209173237445
Ford Del Rey,Sao Paulo,377.69547945220023,14.032468717091831,13.983145407560622,11.263140713631929,17.899559764540506,6.636419050908577
Ford Eco Sport,Alagoas,820.6056164383702,114.92975201575786,154.74773633822136,135.51057403649216,170.3914194017886,34.88084536529644
Ford Eco Sport,Amazonas,555.1519178083353,112.4953332531968,74.65611435249401,69.14307045495431,85.96201430309746,16.81894384814315
Ford Eco Sport,Bahia,4022.1336986305005,165.27894143010448,191.5505131287581,165.10549702677582,213.95540173176565,48.849904704989825
Ford Eco Sport,Ceara,2096.6375342462397,46.395716193725036,84.58538484514847,74.1825745444568,99.16123728914769,24.978662744690894
Ford Eco Sport,Distrito Federal,3153.056575342305,96.5475857238468,77.54666462412592,68.39355311528392,83.2445199828313,14.850966867547385
Ford Eco Sport,Esperito Santo,1665.2082191783004,139.43661658995114,127.52084805898338,115.48473159862202,151.93719374817368,36.452462149551664
Ford Eco Sport,Goias,3319.342054794505,87.91923073383498,106.89790045427911,96.73768247296753,118.2275903628678,21.489907889900266
Ford Eco Sport,Maranhao,599.0673972600698,50.36995860233785,56.988559662369326,39.4132008609566,65.3567592612601,25.943558400303495
Ford Eco Sport,Mato Grosso,1373.923698630035,94.97616216250874,74.58216817351376,56.408272831106025,85.36441544336314,28.956142612257118
Ford Eco Sport,Mato Grosso do Sul,865.8301369861699,55.29029073374085,33.552756374802684,30.619795964285654,35.63479862721408,5.015002662928428
Ford Eco Sport,Minas Gerais,8264.641506847684,71.65235170930855,98.13204715308008,77.61097742058733,108.4856135155434,30.874636094956074
Ford Eco Sport,Para,930.1910958905704,49.23074430868053,87.64706811916469,70.58395620015331,101.14621428039347,30.562258080240156
Ford Eco Sport,Paraiba,739.5473972605355,1.3859828373365262,56.06906140657658,43.4458767041846,65.6051264104348,22.159249706250208
Ford Eco Sport,Parana,6809.7960273978115,196.26490934864583,174.54110477431794,154.35363518071054,196.43084880170017,42.077213620989625
Ford Eco Sport,Pernambuco,2872.751095890105,183.3197455753911,163.86632922859152,150.31896798571066,183.5470766928935,33.228108707182855
Ford Eco Sport,Piaui,524.478356164936,2.7055453925228483,19.483065705056593,11.591558248437062,24.791081194970715,13.199522946533653
Ford Eco Sport,Rio Grande do Norte,927.8873972600699,173.52752120079793,90.9924615503556,86.15944547402358,95.1109468797535,8.951501405729914
Ford Eco Sport,Rio Grande do Sul,8287.089452054575,200.97574783473348,181.32597929017277,170.87973729308624,207.404861832688,36.52512453960176
Ford Eco Sport,Rio de Janeiro,10732.226575342305,325.31460042238655,322.9420666649121,315.21892829866414,325.9802288969082,10.761300598244077
Ford Eco Sport,Santa Catarina,5919.918493150641,15.024362261559387,23.208293005387976,14.971183834015307,84.62234837404966,69.65116454003436
Ford Eco Sport,Sao Paulo,47767.420410958046,276.06315950389666,274.2022617220476,270.9405271865503,276.18003238168416,5.239505195133859
Ford Eco Sport,Sergipe,507.12191780786964,117.95388426232944,56.846693632241035,39.27238413068156,69.36923016417823,30.096846033496675
Ford Eco Sport,Tocantins,240.33821917830036,0.0,62.7233065963617,55.6071368988101,69.93045320611621,14.323316307306115
Ford Edge,Sao Paulo,182.50095890393482,609.2899493121653,575.1059958206687,450.6375545459632,633.5268579746639,182.8893034287007
Ford Escort,Bahia,153.7136986300349,348.57010453543745,54.77759091852651,51.80881196411714,59.492365461440244,7.683553497323103
Ford Escort,Distrito Federal,186.73821917830034,99.08523322873219,23.921647803969506,21.458563453072646,26.595337576294366,5.13677412322172
Ford Escort,Esperito Santo,156.20547945220022,0.0,32.705487970446626,31.149079617926986,34.18972116009682,3.040641542169837
Ford Escort,Minas Gerais,917.2636986300349,33.05156417427125,31.28329404189046,27.568296732586074,41.925565063121134,14.35726833053506
Ford Escort,Parana,1309.5319178083353,32.72161557674349,45.05157831369299,43.50672262537603,46.38487388773076,2.8781512623547343
Ford Escort,Rio Grande do Sul,1773.9719178078697,38.66746666698317,43.499990441547766,39.11279538615564,46.491177662652845,7.378382276497206
Ford Escort,Rio de Janeiro,1637.9446575344355,64.47531637544338,79.90373510715992,62.820815513422495,89.34462545132179,26.523809937899294
Ford Escort,Santa Catarina,730.4947945210711,56.92579921430298,25.533877983876458,24.68851528893268,26.534493382458244,1.845978093525563
Ford Escort,Sao Paulo,8190.642054794971,75.72629787147085,79.24376798264461,77.42801279412821,82.70768591988646,5.279673125758251
Ford Explorer,Sao Paulo,204.5209589039348,203.6221628491435,182.89183636037072,105.90065087273898,315.1108341981588,209.2101833254198
Ford F-1000,Mato Grosso,109.54095890393481,0.0,99.3739336945432,73.12015213445112,117.53558009660196,44.415427962150844
Ford F-1000,Mato Grosso do Sul,126.84547945220024,0.0,44.2724342339856,43.226227787441424,45.27177113668979,2.0455433492483692
Ford F-1000,Minas Gerais,342.94369863003493,308.30133465744393,130.03712060883686,108.37827203805664,140.44810747826438,32.06983544020774
Ford F-1000,Parana,861.1356164379046,101.57285139570953,202.9904659823624,152.75274478785457,230.11554380887884,77.36279902102427
Ford F-1000,Rio Grande do Sul,521.1636986300349,390.4454599099988,252.51321128517097,207.55256658308755,391.04749318501007,183.49492660192251
Ford F-1000,Santa Catarina,409.26643835613504,148.5047252936784,125.18570959461599,118.59581694184021,129.3404639305846,10.744646988744393
Ford F-1000,Sao Paulo,1128.0182191783003,335.6585856173587,365.4650452791584,352.7797561887248,377.0722729103781,24.292516721653328
Ford F-250,Bahia,124.48547945220024,0.0,87.53027540864716,0.31135821692909715,547.0431437259028,546.7317855089738
Ford F-250,Distrito Federal,145.70821917783468,1015.8932751716562,328.02229378077186,219.65998036599697,1019.0582712236638,799.3982908576669
Ford F-250,Goias,545.5691780827008,276.68351890861044,311.8062266036366,276.9793912271944,344.539797704477,67.56040647728258
Ford F-250,Mato Grosso,274.4554794522002,266.3965760345976,208.30086257695334,172.65210673086082,232.75125948492968,60.099152754068854
Ford F-250,Mato Grosso do Sul,303.30191780880097,691.4628219799356,153.3930261860331,88.30889158541866,692.7885368209493,604.4796452355306
Ford F-250,Minas Gerais,616.6309589044005,404.9926400771537,293.0326432646953,268.2326951264306,336.9481620967687,68.71546697033813
Ford F-250,Parana,1287.9664383566007,564.1156309376098,485.4925485129689,440.0508687565351,567.4816007804092,127.43073202387404
Ford F-250,Rio Grande do Sul,609.0430136993714,128.16992928931543,338.3984651961418,130.80692382806197,485.4573663353937,354.6504425073317
Ford F-250,Rio de Janeiro,130.79369863003492,348.3577609413754,832.0121230813705,732.6296111169953,865.6215908503127,132.9919797333174
Ford F-250,Santa Catarina,466.91561643883585,594.9768870846735,315.2736709637297,248.47083982665174,597.4856262177279,349.0147863910762
Ford F-250,Sao Paulo,2150.002054794505,604.2454690231305,712.0658664584124,606.0854862857117,774.6516904826573,168.5662041969456
Ford Fiesta 1.0,Acre,166.5491780817695,3.9507850328564595,14.449654209412797,12.512971318165487,15.275742766769538,2.7627714486040507
Ford Fiesta 1.0,Alagoas,1524.5310958901048,67.56700488280843,83.19900629334269,63.57922514300746,94.5237606851877,30.944535542180233
Ford Fiesta 1.0,Amapa,114.6,24.04886561954625,1.9400590736892993,0.6857638079407969,11.638630244350502,10.952866436409705
Ford Fiesta 1.0,Amazonas,600.0527397261001,133.9082295277536,38.522042526859344,34.00962346182547,41.44535356292411,7.435730101098642
Ford Fiesta 1.0,Bahia,9611.81301369844,120.14351489716053,113.25879475925728,103.93274744154166,119.60696061827652,15.674213176734852
Ford Fiesta 1.0,Ceara,2479.1991780827007,30.32471157002462,44.44362149854125,30.145704591337168,51.460743215583314,21.315038624246146
Ford Fiesta 1.0,Distrito Federal,3795.1682191783,45.862262210259814,45.99926973642586,43.45916811415907,47.62271549371469,4.163547379555624
Ford Fiesta 1.0,Esperito Santo,2366.3636986305005,84.53899124457331,71.48040910918009,62.60491394252903,87.41163301960842,24.806719077079386
Ford Fiesta 1.0,Goias,4326.682876713201,16.246164094512487,46.38262437233028,16.183938020246767,69.14785918065874,52.96392116041197
Ford Fiesta 1.0,Maranhao,929.3064383556693,0.0,29.032308802550652,17.25529832042585,35.10707663513973,17.851778314713876
Ford Fiesta 1.0,Mato Grosso,1129.6554794522003,1.8403841151712572,43.13854462761175,31.314188537043922,49.50217080526939,18.187982268225465
Ford Fiesta 1.0,Mato Grosso do Sul,1284.8509589044004,9.141916358933864,19.226255729676303,17.67264414382987,20.94199920790161,3.269355064071739
Ford Fiesta 1.0,Minas Gerais,11398.608630136345,44.05958799850405,52.407400521118745,40.70195571368598,58.755443917577075,18.053488203891092
Ford Fiesta 1.0,Para,1558.9519178083353,68.15219814435763,49.84475599911153,37.69971463252241,55.72102003900738,18.02130540648497
Ford Fiesta 1.0,Paraiba,1240.6828767122702,0.8261579322479118,32.81729496415645,26.85318648010478,37.368606917494766,10.515420437389984
Ford Fiesta 1.0,Parana,11219.836712329407,106.67374496500257,94.73985234056812,88.7165553807874,105.55604801504724,16.83949263425984
Ford Fiesta 1.0,Pernambuco,4790.033698630035,87.66952936471077,84.32107359287207,73.49629467787938,93.10267182669396,19.606377148814587
Ford Fiesta 1.0,Piaui,619.1564383566007,0.8075503524232546,12.934576436317148,11.797679505776872,13.77128321360849,1.973603707831618
Ford Fiesta 1.0,Rio Grande do Norte,1446.4619178083353,99.08591317576,54.155843333670575,51.266904373180154,58.257139403842324,6.99023503066217
Ford Fiesta 1.0,Rio Grande do Sul,14385.451917808801,109.99272105182608,96.71892978682911,91.53552581262612,110.06192107190095,18.526395259274835
Ford Fiesta 1.0,Rio de Janeiro,14798.9154794522,177.71957706304536,174.55587170134592,171.60906773687418,177.95201055710672,6.342942820232537
Ford Fiesta 1.0,Santa Catarina,10092.849452056438,39.15207512775158,48.64207565666128,42.29478253385279,54.204819031747405,11.910036497894616
Ford Fiesta 1.0,Sao Paulo,72982.00219178021,150.50535296546198,150.94435724352257,149.16843231127103,152.60557805061893,3.4371457393478977
Ford Fiesta 1.0,Sergipe,1196.8701369866355,17.73041146588233,35.72534344984014,31.3160899398735,38.96169059321595,7.6456006533424485
Ford Fiesta 1.0,Tocantins,351.1691780827008,1.5861300898930992,35.387093206836354,34.32307166447595,37.02117176474877,2.698100100272825
Ford Fiesta Acima De 1.0,Alagoas,837.2191780817695,44.568974262502635,99.64964247329182,89.71168976544638,114.79364888496413,25.081959119517748
Ford Fiesta Acima De 1.0,Amazonas,414.2682191778347,20.440863208878945,41.31923878775131,39.70079254080086,42.90306564999596,3.2022731091950973
Ford Fiesta Acima De 1.0,Bahia,2778.71,102.56665862936399,114.45559463736268,102.46272646319208,122.56054487559179,20.097818412399704
Ford Fiesta Acima De 1.0,Ceara,830.2882191778347,72.61333908808217,51.121216889532604,40.37579050197352,57.864564047253346,17.488773545279827
Ford Fiesta Acima De 1.0,Distrito Federal,2338.884657533504,61.44638194837587,45.79746211786053,39.252922303729804,51.61267389440556,12.359751590675756
Ford Fiesta Acima De 1.0,Esperito Santo,1259.1127397261,156.49988581869587,76.62516613567286,67.18525937061239,99.46602423182674,32.28076486121435
Ford Fiesta Acima De 1.0,Goias,2927.68,58.69220679855722,64.76185773127386,62.40807168126006,66.83050899342443,4.422437312164369
Ford Fiesta Acima De 1.0,Maranhao,359.71643835566937,0.0,29.886121803327654,16.080305840217875,37.346656494907755,21.26635065468988
Ford Fiesta Acima De 1.0,Mato Grosso,1229.1027397261,34.20706718900433,45.5914953645252,34.656106672787615,51.657845998921225,17.00173932613361
Ford Fiesta Acima De 1.0,Mato Grosso do Sul,1094.1391780827007,7.122494245801483,19.028780742397505,15.887842545030914,21.099295601156438,5.211453056125524
Ford Fiesta Acima De 1.0,Minas Gerais,6814.152876711804,37.153701212845206,56.67744569437938,44.60310266890997,63.060933897515696,18.457831228605727
Ford Fiesta Acima De 1.0,Para,511.3291780817695,13.371034341612825,52.43924069612928,43.851316963203026,56.484630632057396,12.63331366885437
Ford Fiesta Acima De 1.0,Paraiba,470.5927397261001,0.0,35.95580940573082,32.463396096655835,37.59366801662501,5.130271919969175
Ford Fiesta Acima De 1.0,Parana,6273.6546575344355,126.32987361651725,104.53958667853128,98.58760059515929,117.53570607232963,18.948105477170344
Ford Fiesta Acima De 1.0,Pernambuco,1813.693698630035,57.01293447626009,82.8387384293729,58.413497589808195,96.1048384086077,37.69134081879951
Ford Fiesta Acima De 1.0,Piaui,205.34547945220024,0.0,13.59033075061804,12.28007178854721,14.602272330195934,2.3222005416487246
Ford Fiesta Acima De 1.0,Rio Grande do Norte,503.67643835613507,54.50920056853516,52.93816520844548,48.57072578424551,54.81618183838124,6.24545605413573
Ford Fiesta Acima De 1.0,Rio Grande do Sul,6191.256438356135,130.47577790437714,107.36620447159991,98.55405930185819,130.56601317150614,32.011953869647954
Ford Fiesta Acima De 1.0,Rio de Janeiro,9706.8364383566,209.03947572269337,189.2548404507023,170.33862017801482,209.18384435020081,38.84522417218599
Ford Fiesta Acima De 1.0,Santa Catarina,3704.90465753397,28.107605897020356,49.7752350454875,37.88540177311635,59.55765953623346,21.67225776311711
Ford Fiesta Acima De 1.0,Sao Paulo,46909.307397260534,158.92905723087654,162.40198096726073,158.89666645517016,166.83799735554666,7.941330900376499
Ford Fiesta Acima De 1.0,Sergipe,489.32821917830034,0.0,35.27894163123643,26.127990941560604,42.67816944527412,16.550178503713518
Ford Fiesta Acima De 1.0,Tocantins,282.8882191778347,104.47589541160978,36.75952596837376,30.91574844227092,41.076199196971785,10.160450754700864
Ford Focus,Alagoas,513.2373972600699,195.1124382880017,139.25074225543253,118.63769647408199,157.63427399610097,38.99657752201898
Ford Focus,Amazonas,197.38369863003493,62.801538759461465,62.36567331861283,56.41090688074459,67.55447688603495,11.143570005290357
Ford Focus,Bahia,3955.082876712736,162.51315586444136,162.70883224010734,122.33508991592787,189.39398296565278,67.05889304972492
Ford Focus,Ceara,521.0536986300349,0.0,81.6951480423649,72.71471762883087,89.13884194213273,16.42412431330186
Ford Focus,Distrito Federal,2062.603698630035,0.2618050187530759,18.185509871828465,0.2665873358262427,79.21321651814169,78.94662918231545
Ford Focus,Esperito Santo,919.0319178083353,345.4972497116467,147.8064034155258,102.77940012934016,345.8509143371085,243.07151420776836
Ford Focus,Goias,1599.472054794971,50.54042660993052,83.06013353407478,50.36128065218062,105.39622753163792,55.0349468794573
Ford Focus,Maranhao,303.3082191778347,0.0,45.79781162353457,24.992212734823482,60.78200782537882,35.78979509055534
Ford Focus,Mato Grosso,391.04821917830037,0.0,71.86463222762183,67.91704566326686,77.22076991590848,9.303724252641615
Ford Focus,Mato Grosso do Sul,421.9782191778347,1.5356242823682629,29.23000654011404,21.759104911701442,33.2329555620346,11.473850650333155
Ford Focus,Minas Gerais,4713.207671233341,52.30026283469405,78.77848353600712,52.27000021627311,92.89322399743332,40.62322378116021
Ford Focus,Para,322.9646575344354,92.5364410711518,88.01530441799189,77.26614924325739,92.94945299176372,15.683303748506333
Ford Focus,Paraiba,282.2383561644703,0.0,50.44179731420212,38.72539415938203,60.89729485514689,22.17190069576486
Ford Focus,Parana,5185.101369862445,242.1144564881099,196.31906410986863,153.05107585628593,242.3638100859557,89.31273422966976
Ford Focus,Pernambuco,677.1791780822351,112.6880484070836,137.02810559619493,124.72961150569971,147.07342409980285,22.34381259410314
Ford Focus,Piaui,136.72547945220023,0.0,18.73860375157995,13.846378608753747,21.17758362675341,7.331205017999663
Ford Focus,Rio Grande do Norte,347.8364383556694,0.0,85.30434164667764,79.08992597762344,92.27154247722513,13.181616499601688
Ford Focus,Rio Grande do Sul,10794.666849316041,324.85671387090457,324.8820855392426,324.5776682366241,325.2380418584688,0.6603736218447125
Ford Focus,Rio de Janeiro,6141.67301369844,321.9964650656508,287.81382919749643,247.74483718255675,319.8861525885314,72.14131540597464
Ford Focus,Santa Catarina,4577.564931506775,56.77254258290915,77.86738501137275,65.05906804670208,84.7837179450722,19.724649898370117
Ford Focus,Sao Paulo,20387.24410958808,158.10150615129538,158.09243052459175,157.97711992365475,158.2403879624587,0.2632680388039432
Ford Focus,Sergipe,531.3019178078696,0.0,47.49690134207756,26.892264417008562,69.95110657270608,43.05884215569752
Ford Focus,Tocantins,165.5282191778347,0.0,53.83762743482837,36.661271284822135,65.25029754400934,28.589026259187207
Ford Fusion,Bahia,316.3127397261001,0.0,260.1740584014815,250.61086309479143,282.730421319063,32.11955822427157
Ford Fusion,Ceara,178.24,298.91157989228003,103.28937713573758,74.21422049449878,125.43967886339902,51.22545836890025
Ford Fusion,Distrito Federal,469.7,106.27847562273791,91.58883802678756,62.85377799821838,105.84111838036898,42.9873403821506
Ford Fusion,Esperito Santo,142.14000000000001,331.1312790206838,148.0412708329631,134.91727410128655,156.24660019317693,21.32932609189038
Ford Fusion,Goias,410.36273972610013,0.0,126.12982193946681,77.87628384152217,157.01676155744687,79.1404777159247
Ford Fusion,Mato Grosso,134.6282191778347,0.0,106.94123693730126,99.24142919580127,110.18441210043147,10.942982904630199
Ford Fusion,Mato Grosso do Sul,148.78,0.0,40.69021449131932,31.52863604168213,45.86268476929521,14.334048727613077
Ford Fusion,Minas Gerais,1030.446438356135,157.6374995862325,129.53497921310478,115.91471415457544,140.05157086211136,24.136856707535927
Ford Fusion,Parana,1341.7746575344354,297.78249108848274,222.44964144899402,205.74676841856805,255.9867871169639,50.24001869839586
Ford Fusion,Pernambuco,205.01,255.1436515291937,200.9127277314203,184.80067792720072,207.91577530180692,23.115097374606194
Ford Fusion,Rio Grande do Sul,1132.5927397261,133.79919779165067,191.6109166289753,133.4465984420234,229.149025067599,95.70242662557561
Ford Fusion,Rio de Janeiro,801.5709589044004,520.9382842047319,422.4112088733748,380.3348945989394,521.8384760019557,141.50358140301626
Ford Fusion,Santa Catarina,880.7936986300349,59.344202940256594,121.03665341626775,110.76097689879143,135.26568655366162,24.504709654870197
Ford Fusion,Sao Paulo,4950.386438356601,350.45082269899126,350.9836840428037,340.43358092627113,357.51413068487466,17.080549758603524
Ford Ka 1.0,Acre,114.38,5.665326105962581,10.490260455088027,9.72196126788112,11.219944514577675,1.4979832466965544
Ford Ka 1.0,Alagoas,1131.0882191778346,55.099150484743454,63.110861356780234,58.08401753671124,65.40116271397315,7.317145177261914
Ford Ka 1.0,Amazonas,405.09,4.236095682440939,28.553586851621898,26.85261074105928,30.722537426270378,3.869926685211098
Ford Ka 1.0,Bahia,4948.1582191783,102.69720115869421,86.68703513982445,79.81409054471729,101.69966588042303,21.885575335705738
Ford Ka 1.0,Ceara,1587.8154794522002,26.481036709949638,31.73135718459014,20.426733008975962,39.58838445747667,19.16165144850071
Ford Ka 1.0,Distrito Federal,3345.9482191783004,24.182681470148662,32.07564035359266,28.491429191081295,33.971582748567734,5.480153557486439
Ford Ka 1.0,Esperito Santo,1376.5227397261,46.10457798367213,46.76743432094576,41.69971898763849,50.05442606167461,8.35470707403612
Ford Ka 1.0,Goias,2835.0419178083353,56.61891592914777,44.37258260055876,41.59106336039318,47.92519127246999,6.334127912076809
Ford Ka 1.0,Maranhao,659.9664383556694,1.6819037082637198,21.572659190315594,12.697411158875846,26.507026215032482,13.809615056156636
Ford Ka 1.0,Mato Grosso,814.38,4.728750706058597,31.092355539894584,24.295901677359673,36.259666912757616,11.963765235397943
Ford Ka 1.0,Mato Grosso do Sul,1028.806438356135,32.44342060430007,13.668083525485777,12.825416570350441,14.737454413333719,1.9120378429832776
Ford Ka 1.0,Minas Gerais,8776.9991780827,27.314688669296473,36.300483603409866,28.10684385616477,40.36259288922744,12.255749033062674
Ford Ka 1.0,Para,567.0182191778347,0.0,32.89339441881801,23.850008693497465,37.157175722872395,13.30716702937493
Ford Ka 1.0,Paraiba,1154.6891780817696,1.30338105575752,22.75964688065271,19.198853313539416,24.522076465589898,5.323223152050481
Ford Ka 1.0,Parana,7854.901917808335,43.479346218913975,61.206880803837116,48.33845999489688,71.62315642715718,23.284696432260304
Ford Ka 1.0,Pernambuco,2935.71465753397,64.20991887486218,61.56136269968569,56.39952313993823,64.24883294486737,7.849309804929142
Ford Ka 1.0,Piaui,416.9809589039348,0.0,8.166943605059272,5.927988934391463,9.797928706352858,3.869939771961395
Ford Ka 1.0,Rio Grande do Norte,1925.956438356135,55.314854416401104,36.83797006197481,35.5942798464138,38.09540942309215,2.501129576678352
Ford Ka 1.0,Rio Grande do Sul,10181.97835616447,75.84439614649735,69.95888779502656,67.87570434788807,74.99712311147677,7.121418763588693
Ford Ka 1.0,Rio de Janeiro,7894.486438356135,121.74040800558076,122.84005874691233,115.42574035271186,130.88808334473566,15.462342992023807
Ford Ka 1.0,Santa Catarina,6621.668356165402,38.67242909584394,35.192336073627395,28.39861559775014,39.00582804251919,10.60721244476905
Ford Ka 1.0,Sao Paulo,51751.59657534184,112.1713219330114,109.44225304770677,106.73477051851191,111.9412243110318,5.206453792519895
Ford Ka 1.0,Sergipe,631.55,0.0,21.89459264978748,12.732012537874478,29.734219840657786,17.002207302783308
Ford Ka 1.0,Tocantins,221.86,0.0,24.4843540239058,16.844992405772846,28.228123672582893,11.383131266810047
Ford Ka Acima De 1.0,Bahia,114.81,256.1188049821444,79.97249864300028,61.893026243140895,88.59533880707187,26.702312563930974
Ford Ka Acima De 1.0,Distrito Federal,129.25095890393482,0.0,33.22665231952569,24.431333142449166,37.76519587342757,13.333862730978407
Ford Ka Acima De 1.0,Minas Gerais,354.4654794522002,5.126028077002131,44.61530425973896,30.781025092360164,59.13562346351493,28.35459837115477
Ford Ka Acima De 1.0,Parana,374.78821917783466,37.90674112213455,64.62443197267065,52.941683688629155,74.37618114511059,21.434497456481438
Ford Ka Acima De 1.0,Rio Grande do Sul,420.04273972610014,139.79529806488242,59.218482725669524,50.07574708213441,71.64233085759732,21.566583775462902
Ford Ka Acima De 1.0,Rio de Janeiro,688.0982191778347,10.553725903660828,65.31179502855305,10.530188699881961,141.75269938823794,131.22251068835598
Ford Ka Acima De 1.0,Santa Catarina,202.56095890393482,0.0,39.270420480096234,29.201488035466717,49.74611801855777,20.544629983091056
Ford Ka Acima De 1.0,Sao Paulo,2444.171095890105,149.88926127799692,117.57142000862498,91.30619265319834,150.0766735121737,58.77048085897536
Ford Mondeo,Parana,142.55369863003492,0.0,1.5676201511244077,0.7756247084824356,3.065073180072782,2.2894484715903465
Ford Mondeo,Rio Grande do Sul,197.69465753396972,0.0,1.5976816269080203,0.9075086428604229,3.175133152823168,2.2676245099627454
Ford Mondeo,Sao Paulo,554.7682191778347,0.0,2.572300151211595,1.0975564870497407,5.538782452151667,4.441225965101926
Ford Pampa,Minas Gerais,177.2927397261001,0.0,32.935084801043416,25.917013400917874,36.804343719568166,10.887330318650292
Ford Pampa,Parana,304.0236986305006,36.03995362649917,59.768049002313134,45.34345859861089,83.16311045038718,37.81965185177629
Ford Pampa,Rio Grande do Sul,206.15821917830036,0.0,54.90621098610742,45.95333227360316,61.30674994283347,15.35341766923031
Ford Pampa,Santa Catarina,173.49821917830036,0.0,29.174057136448226,23.937226699689454,34.1760874909892,10.238860791299743
Ford Pampa,Sao Paulo,1034.5936986305005,119.8982752013671,87.09188456339272,77.31689581666265,92.42629015124011,15.109394334577459
Ford Ranger,Alagoas,376.06547945220024,342.8126404683373,417.55543967601153,374.7704490025261,449.94571222767576,75.17526322514965
Ford Ranger,Amazonas,286.83917808223515,0.0,155.15181702721497,111.05432328908186,180.0537930184059,68.99946972932405
Ford Ranger,Bahia,1235.1356164393014,572.4513086573655,520.531949915327,485.16421375899705,591.814893660224,106.65067990122697
Ford Ranger,Ceara,707.8082191783003,383.51772788840515,263.305017108138,223.95515986835716,384.12622752741333,160.17106765905618
Ford Ranger,Distrito Federal,862.2,109.52911157504059,181.73660546394677,131.2830286463417,205.61850806439855,74.33547941805685
Ford Ranger,Esperito Santo,452.27643835613503,254.1520854320683,298.58369671152514,285.12030630044546,337.7034521283569,52.58314582791144
Ford Ranger,Goias,1226.9610958901048,546.213732647988,325.8583557217858,272.10097552134397,546.783786424692,274.68281090334807
Ford Ranger,Maranhao,180.2882191778347,0.0,143.41457716302577,98.64348885014937,168.1091012887634,69.46561243861404
Ford Ranger,Mato Grosso,356.94465753396975,129.4962651054696,179.97870463020266,115.77209595155391,215.52762691115035,99.75553095959644
Ford Ranger,Mato Grosso do Sul,516.7536986300349,136.73438658943581,87.05440066018377,76.0478616528759,101.48376552614175,25.435903873265858
Ford Ranger,Minas Gerais,2595.060410959441,342.1947312863073,273.6807219138686,230.24491416261745,342.4881675720265,112.24325340940905
Ford Ranger,Para,243.05917808223515,338.13576038751086,205.34121823140995,129.45907322964223,258.1096734149793,128.65060018533705
Ford Ranger,Paraiba,223.54547945220023,311.1581597196793,146.6464153908364,130.58366136270448,156.9995367229043,26.415875360199834
Ford Ranger,Parana,2588.7058904102446,191.12174999593844,281.8441987278197,190.80846542348934,426.87032445480094,236.0618590313116
Ford Ranger,Pernambuco,559.2173972610012,667.5346686787225,439.02760250029195,372.20395231374647,668.3995166919797,296.1955643782332
Ford Ranger,Piaui,118.38821917783469,472.0739984782512,55.90167699340064,51.888753183720894,59.52894432364099,7.640191139920098
Ford Ranger,Rio Grande do Norte,427.65369863050057,307.10596078224376,248.110123580946,223.47247062450106,327.889783481587,104.41731285708596
Ford Ranger,Rio Grande do Sul,2175.0649315067753,295.3304936763443,395.57921951572166,301.48663178962585,448.1450221184838,146.65839032885793
Ford Ranger,Rio de Janeiro,2306.648356164005,317.8932749070765,384.89874940793266,317.4031053131175,683.0020747864359,365.59896947331833
Ford Ranger,Santa Catarina,1556.4931506864727,217.5737168201746,226.2735974158728,217.2667062657474,239.08752508853337,21.82081882278598
Ford Ranger,Sao Paulo,6972.20232876638,329.3683819996537,329.33465907012123,328.93957956075235,329.71731165394107,0.7777320931887175
Ford Ranger,Sergipe,195.82547945220023,645.6514257168561,227.56855601145207,146.67465699991857,647.4943921531782,500.8197351532596
Ford Ranger,Tocantins,217.26191780786962,288.228147076274,163.89005984272745,158.64682239531876,169.35289011834516,10.706067723026393
Ford Royale,Sao Paulo,269.87,34.79453069996665,110.43680458152514,76.52974982884322,133.84712777576934,57.317377946926115
Ford Taurus,Sao Paulo,140.3627397261001,0.0,35.253486481672546,11.91388152594002,106.44638095667422,94.53249943073419
Ford Transit,Sao Paulo,127.7982191778347,15.680969679330035,90.1950147076907,22.525759113732356,175.11677791010024,152.59101879636788
Ford Verona,Rio Grande do Sul,127.91547945220023,0.0,47.13456189004926,29.207752121967886,76.11609018414073,46.908338062172845
Ford Verona,Sao Paulo,406.36,60.94349837582439,77.16748081359428,54.03123089712976,118.16539923207824,64.13416833494848
Ford Versailles,Parana,126.76,0.0,38.7468796916221,29.420657314798035,43.49120058996582,14.070543275167786
Ford Versailles,Rio Grande do Sul,135.3927397261001,60.5867051408716,41.60462335175197,38.24744826957596,43.33013729516641,5.082689025590447
Ford Versailles,Rio de Janeiro,100.51,77.06695851159088,81.91418207197576,74.96563998727537,96.2490181489845,21.283378161709138
Ford Versailles,Sao Paulo,518.4827397261001,68.86825204415291,67.53054081798571,64.77265564055783,69.55230252084121,4.77964688028338
Gm Chevrolet Astra,Alagoas,323.79273972610014,776.5801055721793,235.69015018415712,157.3134059450532,777.8559180719486,620.5425121268954
Gm Chevrolet Astra,Amazonas,123.24547945220023,12.114034580708886,71.57689871103236,67.26730796595758,78.80586120978266,11.538553243825078
Gm Chevrolet Astra,Bahia,2351.7056164383703,522.2031156518196,522.1613339063966,521.4363759833426,522.8639330220595,1.427557038716941
Gm Chevrolet Astra,Ceara,590.1282191778347,222.72617327657662,93.66078005304955,84.1060272155108,102.99212102594015,18.886093810429344
Gm Chevrolet Astra,Distrito Federal,2927.979315068405,77.85335054345302,82.98044582763949,79.45900262367215,85.85642803742587,6.397425413753723
Gm Chevrolet Astra,Esperito Santo,1323.1510958901047,81.06859476078237,120.06443542182883,111.9540250663903,128.91102322673984,16.956998160349542
Gm Chevrolet Astra,Goias,2284.6175342462398,86.6801541315037,104.9082435540194,86.92184789713001,117.16028017280618,30.238432275676175
Gm Chevrolet Astra,Maranhao,207.66821917830035,139.775841074064,51.56281346864892,27.91486093077748,66.51866608422873,38.60380515345125
Gm Chevrolet Astra,Mato Grosso,707.7256164388358,51.9339686825883,77.65484723514139,64.11604789004372,87.31284102309678,23.196793133053063
Gm Chevrolet Astra,Mato Grosso do Sul,903.3709589039348,37.30029138957882,36.056476108158044,31.322098630083513,44.50857752945983,13.186478899376315
Gm Chevrolet Astra,Minas Gerais,9017.169315069337,105.16570853507459,103.46492018902181,97.85468704766421,108.00530560283968,10.15061855517547
Gm Chevrolet Astra,Para,307.02821917783467,0.0,86.72345611631809,60.12546743670521,100.35619973862292,40.23073230191771
Gm Chevrolet Astra,Paraiba,399.5164383556694,0.0,68.79717647436685,61.703117311546166,85.6671046334146,23.96398732186843
Gm Chevrolet Astra,Parana,11935.242328766844,141.83457305427868,157.92702952495205,142.40174177482734,174.11309782280512,31.711356047977773
Gm Chevrolet Astra,Pernambuco,1269.6436986305007,103.9606624617395,143.00419635153756,115.90752686594827,171.09624420070634,55.18871733475807
Gm Chevrolet Astra,Piaui,131.1882191778347,293.64679421236303,22.505189346234708,21.082311307059605,24.217926799053686,3.1356154919940806
Gm Chevrolet Astra,Rio Grande do Norte,363.4864383566007,63.3476178756639,85.12394870120033,69.39041452664142,96.10013714544745,26.709722618806026
Gm Chevrolet Astra,Rio Grande do Sul,8575.390547945146,211.9413675492026,199.98632727988004,177.0705994686128,212.13463666249254,35.06403719387973
Gm Chevrolet Astra,Rio de Janeiro,8116.847671231944,293.4310333852193,307.6781058824141,298.27165061134286,317.45542479691784,19.183774185574975
Gm Chevrolet Astra,Santa Catarina,5791.738630136811,124.60679704100399,96.3161785396208,82.08121817437141,126.89415108407938,44.81293290970797
Gm Chevrolet Astra,Sao Paulo,56358.95520547958,219.42055091180376,219.43542074465037,219.33840929927197,219.53583957775177,0.19743027847979988
Gm Chevrolet Astra,Sergipe,361.9836986305006,126.33441829843417,61.46825008166772,53.23637437110909,72.00432798460672,18.767953613497625
Gm Chevrolet Astra,Tocantins,164.90547945220024,0.0,62.33389509646243,57.82341150849491,69.21903314728402,11.395621638789116
Gm Chevrolet Captiva,Bahia,330.0482191778347,1.745199539130502,97.76149166242433,1.8541364671946403,410.82874654941617,408.97461008222155
Gm Chevrolet Captiva,Distrito Federal,205.81,0.0,122.29310648475101,74.71829634307161,172.49076352140858,97.77246717833697
Gm Chevrolet Captiva,Esperito Santo,157.65,0.0,193.34307238322933,146.18067604364913,256.491592083165,110.31091603951589
Gm Chevrolet Captiva,Goias,238.62,0.0,172.1234940673305,109.4125116890846,241.76493168747223,132.35241999838763
Gm Chevrolet Captiva,Minas Gerais,706.6727397261001,245.93279212575962,172.54783192886103,139.44935864779237,214.7797630927807,75.33040444498835
Gm Chevrolet Captiva,Parana,759.91,660.800621126186,354.94920437651217,229.57075734892678,661.4664474412364,431.89569009230956
Gm Chevrolet Captiva,Pernambuco,188.41,0.0,239.02329615330873,160.29023954240145,319.7287506799195,159.43851113751802
Gm Chevrolet Captiva,Rio Grande do Sul,809.6591780822351,412.69587135596197,321.88964542196726,230.97908314219077,413.28284502257964,182.30376188038886
Gm Chevrolet Captiva,Rio de Janeiro,647.0291780822351,590.4540520604527,570.5680747021106,429.0131839233301,666.5300986779991,237.51691475466907
Gm Chevrolet Captiva,Santa Catarina,563.8119178083352,188.71896219152072,152.6732771148103,126.65029395666353,181.27735178634896,54.62705782968543
Gm Chevrolet Captiva,Sao Paulo,3579.5254794522,251.04835966624387,279.18606110185243,250.70465182418215,383.8946632066944,133.19001138251227
Gm Chevrolet Caravan,Sao Paulo,129.5882191778347,77.04404044860664,153.55279976447014,93.91425331066341,211.11661493873044,117.20236162806702
Gm Chevrolet Celta 1.0,Acre,116.52369863050059,0.0,16.305488398504536,14.156553765528452,17.55085489016174,3.394301124633289
Gm Chevrolet Celta 1.0,Alagoas,2654.3383561644705,107.36347886401182,97.43675010749365,91.8882401682269,102.60584599494581,10.71760582671891
Gm Chevrolet Celta 1.0,Amazonas,767.2601369866356,61.76392818492724,44.65786233734057,41.84774052343606,49.95722079072514,8.10948026728908
Gm Chevrolet Celta 1.0,Bahia,13004.6327397261,116.66711627812991,124.16181398741405,116.57806439566676,132.5441877082144,15.966123312547637
Gm Chevrolet Celta 1.0,Ceara,5999.350136986635,47.04309526127408,50.9137639832409,40.651550451518176,56.372581965353746,15.72103151383557
Gm Chevrolet Celta 1.0,Distrito Federal,6397.923698630035,51.86182512164828,49.31064251814384,46.33448967351745,51.166031835136785,4.831542161619332
Gm Chevrolet Celta 1.0,Esperito Santo,3875.328219177835,86.58956894009636,77.76691755532906,69.96375502569566,91.57856719232106,21.6148121666254
Gm Chevrolet Celta 1.0,Goias,7636.908356164936,51.997481373393576,63.69095320572524,51.883476559474715,68.68459180582676,16.80111524635204
Gm Chevrolet Celta 1.0,Maranhao,1173.9656164383703,23.263884067454498,33.95464108031966,24.156515031025958,38.36931985414849,14.212804823122536
Gm Chevrolet Celta 1.0,Mato Grosso,1834.2819178083353,51.628377884873935,44.91257112411242,32.63167334924056,52.816469457309964,20.184796108069406
Gm Chevrolet Celta 1.0,Mato Grosso do Sul,1624.3046575344354,17.575520618978942,18.81218594385571,13.478319661402836,22.402213753425784,8.923894092022948
Gm Chevrolet Celta 1.0,Minas Gerais,20336.747671234272,74.7628393969114,66.04087052102906,59.92279641466538,82.94402215053773,23.021225735872356
Gm Chevrolet Celta 1.0,Para,1898.849178082235,43.31834299924463,49.66258535008198,31.59698859659935,58.38015732671936,26.783168730120014
Gm Chevrolet Celta 1.0,Paraiba,3012.6491780822353,8.373361287309974,35.05175760623761,29.255323486649583,38.31629088027005,9.06096739362047
Gm Chevrolet Celta 1.0,Parana,16136.747534247172,87.76031210716147,99.15744880970232,87.67426742016177,104.15211676049528,16.477849340333506
Gm Chevrolet Celta 1.0,Pernambuco,10944.130273971874,97.50094098731324,94.39603824879448,89.41255641727639,98.70858103355276,9.29602461627637
Gm Chevrolet Celta 1.0,Piaui,947.8764383566007,1.0412749595413835,12.525857330929004,8.302054673547998,15.61665531712501,7.314600643577013
Gm Chevrolet Celta 1.0,Rio Grande do Norte,2954.2510958905705,59.48377246756187,59.25963805249395,54.541224485850044,67.3031792760847,12.761954790234661
Gm Chevrolet Celta 1.0,Rio Grande do Sul,16524.69205479497,75.8832900390505,95.5649964565318,82.00250957609668,103.53231540604706,21.529805829950377
Gm Chevrolet Celta 1.0,Rio de Janeiro,21869.42287671227,206.28733668157122,190.84167942042725,183.29839449227603,206.33889702168736,23.040502529411327
Gm Chevrolet Celta 1.0,Santa Catarina,10509.21767123334,88.64246884427446,63.38686178017993,55.484976710175985,88.74692507803059,33.2619483678546
Gm Chevrolet Celta 1.0,Sao Paulo,116100.3875342467,233.3732089568412,233.0873642396322,232.19057933576954,233.44337280421337,1.2527934684438264
Gm Chevrolet Celta 1.0,Sergipe,2105.17287671227,24.019880058007818,38.523163800337095,30.23636301024148,45.25472477129036,15.018361761048883
Gm Chevrolet Celta 1.0,Tocantins,648.8483561640047,0.0,35.88737835281522,25.03565327427507,41.9798090068625,16.944155732587433
Gm Chevrolet Celta Acima De 1.0,Bahia,131.98,0.0,118.72652590896296,93.59746957485687,135.9148500561476,42.317380481290726
Gm Chevrolet Celta Acima De 1.0,Distrito Federal,249.53,91.80860016831643,43.37357859747156,27.14062954195738,51.59901928680063,24.458389744843252
Gm Chevrolet Celta Acima De 1.0,Esperito Santo,103.18547945220023,0.0,63.60473186313757,36.28449680765447,82.64092499212072,46.356428184466246
Gm Chevrolet Celta Acima De 1.0,Goias,149.0,0.0,58.770372018484345,36.536368633562844,73.83596384744719,37.299595213884345
Gm Chevrolet Celta Acima De 1.0,Minas Gerais,399.8027397261001,3.2591072309626217,53.783085178561386,32.31466173950672,73.01367341541224,40.699011675905524
Gm Chevrolet Celta Acima De 1.0,Parana,515.4527397261002,73.62071646018353,93.09833545775676,69.92616800388015,108.13161750445491,38.20544950057476
Gm Chevrolet Celta Acima De 1.0,Rio Grande do Sul,553.8436986305006,0.0,84.78290349436988,48.46238371964992,108.34764026997848,59.88525655032856
Gm Chevrolet Celta Acima De 1.0,Rio de Janeiro,623.65,167.12098131965044,157.43420778917758,87.86709591730627,196.8017088885031,108.93461297119683
Gm Chevrolet Celta Acima De 1.0,Santa Catarina,262.3819178083353,0.0,50.19856396799946,30.824276576646124,61.32027532568373,30.495998749037607
Gm Chevrolet Celta Acima De 1.0,Sao Paulo,3456.7546575344354,213.96774526299512,180.8486473250022,167.06054790171316,214.1693985984516,47.10885069673844
Gm Chevrolet Chevette,Rio Grande do Sul,150.37273972610012,0.0,87.9630762153564,68.11927016751237,140.46062581468894,72.34135564717657
Gm Chevrolet Chevette,Sao Paulo,311.40821917783467,185.3965195665888,132.7367688515674,109.69684207760784,184.930260175182,75.23341809757417
Gm Chevrolet Corsa 1.0,Acre,112.30821917783469,206.5209489545321,12.175879400821122,11.06902569984076,12.702863501111004,1.6338378012702446
Gm Chevrolet Corsa 1.0,Alagoas,1971.7501369866357,81.40889506685399,75.35806347466045,69.4892749527465,82.08813488698138,12.59885993423488
Gm Chevrolet Corsa 1.0,Amapa,104.34273972610012,0.0,1.5356850542105152,0.4377777994307105,11.202600084967086,10.764822285536376
Gm Chevrolet Corsa 1.0,Amazonas,464.44,77.20480578761519,35.277527286983556,32.01301939330089,45.00911275782538,12.99609336452449
Gm Chevrolet Corsa 1.0,Bahia,10947.249315068406,150.08135402000147,150.09847040762068,149.89323047038354,150.2704610685486,0.3772305981650561
Gm Chevrolet Corsa 1.0,Ceara,4695.556438356601,53.98848961311274,43.232539629208965,40.7328836811823,46.55549056964545,5.822606888463149
Gm Chevrolet Corsa 1.0,Distrito Federal,6221.174657534435,58.86396382658913,42.950654454545635,37.332795809903544,58.35598785852422,21.02319204862068
Gm Chevrolet Corsa 1.0,Esperito Santo,4083.9819178078696,57.127089369002405,56.50739009513878,51.924031140382965,60.85963302297183,8.935601882588863
Gm Chevrolet Corsa 1.0,Goias,6929.258356164936,29.241513245025413,45.556395128173115,29.185522011744116,53.761560329334806,24.57603831759069
Gm Chevrolet Corsa 1.0,Maranhao,1282.0101369857043,46.464531193222726,28.83864130826771,24.796128743785193,32.28996253292899,7.493833789143796
Gm Chevrolet Corsa 1.0,Mato Grosso,1950.4365753423049,22.64877543749261,41.44188170382646,36.41560898066791,52.94174871155152,16.526139730883607
Gm Chevrolet Corsa 1.0,Mato Grosso do Sul,2086.6582191783004,8.53517832307648,16.49595710343648,15.57945450632263,17.110627490594744,1.5311729842721142
Gm Chevrolet Corsa 1.0,Minas Gerais,17194.94958904028,36.42732400909354,44.13117956787826,36.3881342062806,49.90394495827799,13.515810751997392
Gm Chevrolet Corsa 1.0,Para,1350.346575342305,34.26379630597525,46.47154779797977,43.404247092289516,52.557440835646005,9.15319374335649
Gm Chevrolet Corsa 1.0,Paraiba,2176.8493150679396,43.34429551319458,31.582588980388326,28.62099819342585,38.54939058504455,9.928392391618697
Gm Chevrolet Corsa 1.0,Parana,19395.53520548051,63.50688377250604,74.49148876186011,63.459422988473705,81.56388966423697,18.104466675763263
Gm Chevrolet Corsa 1.0,Pernambuco,6754.238356164936,103.56489704890694,83.9390977277659,74.16901129423063,113.12000493609672,38.95099364186609
Gm Chevrolet Corsa 1.0,Piaui,847.1454794522002,0.0,9.988773321833062,8.547931233885727,11.127576301839994,2.5796450679542673
Gm Chevrolet Corsa 1.0,Rio Grande do Norte,2076.269315068405,52.92858648078582,48.3115259241266,41.25977646626571,71.859188321699,30.59941185543328
Gm Chevrolet Corsa 1.0,Rio Grande do Sul,18368.370273973273,79.42087285049264,78.62477270147686,74.10659014741411,83.1884749247306,9.081884777316489
Gm Chevrolet Corsa 1.0,Rio de Janeiro,21713.09863013588,185.97833818133074,186.01105007299637,185.84243712368564,186.16488816185688,0.32245103817123777
Gm Chevrolet Corsa 1.0,Santa Catarina,12090.468904110081,38.55739621823319,41.9734964258041,38.07540127584428,47.36518143826406,9.289780162419781
Gm Chevrolet Corsa 1.0,Sao Paulo,146324.59397260423,129.9643585791222,128.65651735699362,127.12100875589982,130.04514352192274,2.9241347660229167
Gm Chevrolet Corsa 1.0,Sergipe,2069.183698630035,49.879090033587936,30.44018869919916,26.012332956780952,35.033860060809005,9.021527104028053
Gm Chevrolet Corsa 1.0,Tocantins,655.863698630035,0.0,29.999445363718422,28.29015360056795,30.78207890652,2.491925305952048
Gm Chevrolet Corsa Acima De 1.0,Alagoas,603.4173972605355,59.67179627811324,105.7509610995351,87.7676235908245,120.99074949192683,33.223125901102335
Gm Chevrolet Corsa Acima De 1.0,Amazonas,234.47465753443538,99.49476094905421,45.85731718576396,41.341255980066855,49.73561546943787,8.394359489371013
Gm Chevrolet Corsa Acima De 1.0,Bahia,3590.911917808335,221.126281617243,150.34909021952427,127.13482838412294,221.37651716327608,94.24168877915314
Gm Chevrolet Corsa Acima De 1.0,Ceara,1309.4709589044005,0.0,55.16758550138304,36.82981065557995,65.71690670068517,28.887096045105224
Gm Chevrolet Corsa Acima De 1.0,Distrito Federal,2210.7709589044007,80.95908772417506,59.70467061954746,51.89482727423859,81.05557189417695,29.160744619938363
Gm Chevrolet Corsa Acima De 1.0,Esperito Santo,1930.226438356135,120.9293352125005,88.77034402005367,77.47965251574163,121.12019388849819,43.64054137275656
Gm Chevrolet Corsa Acima De 1.0,Goias,1841.8093150693364,90.25364278480812,66.42807768275102,40.195285863679665,83.61776803648273,43.422482172803065
Gm Chevrolet Corsa Acima De 1.0,Maranhao,466.3109589044005,68.30206194345445,34.69170919712122,19.108259011492528,43.552153874830296,24.443894863337768
Gm Chevrolet Corsa Acima De 1.0,Mato Grosso,746.3746575349011,42.238840348790674,46.478412668443084,25.568627195082133,58.26772332051923,32.699096125437094
Gm Chevrolet Corsa Acima De 1.0,Mato Grosso do Sul,734.6982191783004,5.110942019431677,22.961502475627107,20.79120044180379,24.642606730501658,3.8514062886978664
Gm Chevrolet Corsa Acima De 1.0,Minas Gerais,6905.105753425006,56.95365343317637,68.87373843467071,62.83572020658019,78.53182922853215,15.696109021951955
Gm Chevrolet Corsa Acima De 1.0,Para,529.2427397261001,37.8408592064288,56.72702067818505,36.82372666291525,67.98174928060344,31.15802261768819
Gm Chevrolet Corsa Acima De 1.0,Paraiba,895.2509589044005,26.263026882175875,39.04853276889273,28.545632157374552,43.761480494073446,15.215848336698894
Gm Chevrolet Corsa Acima De 1.0,Parana,8418.801369863377,107.19031847340575,110.58617295168139,108.07541993704433,112.99931629878992,4.923896361745591
Gm Chevrolet Corsa Acima De 1.0,Pernambuco,2201.0382191783006,170.58131782017242,121.25314615798469,104.18667627522197,170.79806002740708,66.6113837521851
Gm Chevrolet Corsa Acima De 1.0,Piaui,374.85191780833526,3.6974600746438564,14.066938186040717,10.932809483557755,16.691477475298466,5.758667991740712
Gm Chevrolet Corsa Acima De 1.0,Rio Grande do Norte,818.3082191783003,42.12104827030927,61.120666175721404,60.161112892211435,63.130613220542934,2.969500328331499
Gm Chevrolet Corsa Acima De 1.0,Rio Grande do Sul,8869.258630138207,126.56108552136205,118.21915398075718,109.20472229095178,131.8131949130828,22.608472622131032
Gm Chevrolet Corsa Acima De 1.0,Rio de Janeiro,9068.310136986636,162.86937452392698,180.53265312764088,162.763539328449,207.2437858717589,44.480246543309875
Gm Chevrolet Corsa Acima De 1.0,Santa Catarina,4671.034931508172,47.25548047415921,61.304608802472636,54.108597591657926,67.97627777517599,13.867680183518061
Gm Chevrolet Corsa Acima De 1.0,Sao Paulo,60683.14068493131,171.35143109990747,173.2581108777884,170.51367302058324,176.8896231405253,6.375950119942047
Gm Chevrolet Corsa Acima De 1.0,Sergipe,960.0136986300349,52.89195359655818,37.746184741932744,26.154812462061134,45.86687822206011,19.712065759998975
Gm Chevrolet Corsa Acima De 1.0,Tocantins,208.76369863003492,178.92478551166082,39.49053699362277,27.72862035213576,45.94881474597889,18.220194393843133
Gm Chevrolet D-20,Goias,129.8827397261001,340.3608523597885,245.18475587985395,204.9710798439739,322.4837671762686,117.51268733229469
Gm Chevrolet D-20,Minas Gerais,514.9864383566007,274.49654878506595,225.7690006363931,196.6483586004412,276.2414454383997,79.59308683795848
Gm Chevrolet D-20,Parana,439.3019178088009,0.0,46.201312371442185,0.10215708601457801,357.28694437660397,357.1847872905894
Gm Chevrolet D-20,Rio Grande do Sul,407.03917808223514,358.700115030456,358.8100024249459,330.68949004158685,420.3745329086234,89.68504286703654
Gm Chevrolet D-20,Santa Catarina,203.53547945220024,324.54292577286543,197.08117218374156,190.19947120173106,215.79188132158836,25.592410119857306
Gm Chevrolet D-20,Sao Paulo,1202.7809589044004,617.124002924124,575.5249297389871,549.6082797882008,617.834309973089,68.22603018488826
Gm Chevrolet Ipanema,Parana,140.27547945220024,0.0,76.17679741640765,63.71011536492723,112.05997935536375,48.34986399043652
Gm Chevrolet Ipanema,Rio Grande do Sul,188.43273972610012,99.46785270566161,65.27674498926889,59.1940024708205,71.42244023609737,12.228437765276873
Gm Chevrolet Ipanema,Sao Paulo,610.1191780827008,121.96141782304979,110.89917553883834,106.79071913238015,119.47018033485375,12.679461202473604
Gm Chevrolet Kadett,Minas Gerais,532.1127397261001,0.0,52.0815358280476,39.14187612454484,60.57224267943046,21.430366554885623
Gm Chevrolet Kadett,Parana,461.94821917830035,82.56769572106121,86.26100742912583,80.87938833654704,91.52555847386994,10.646170137322898
Gm Chevrolet Kadett,Rio Grande do Sul,767.49,82.56133630405608,77.8699553295663,49.14488841132432,93.29955152508165,44.15466311375734
Gm Chevrolet Kadett,Rio de Janeiro,603.9,235.99436992879617,165.4495084974071,154.01291184308076,178.37359774973504,24.360685906654282
Gm Chevrolet Kadett,Santa Catarina,261.3664383566007,0.0,46.425737406714966,39.81825297637805,53.86307892826825,14.044825951890203
Gm Chevrolet Kadett,Sao Paulo,3382.7136986305004,151.02726553737958,150.33751194932066,145.1663078857921,156.82636633968545,11.660058453893356
Gm Chevrolet Meriva,Alagoas,188.90547945220024,176.54861095990063,138.81791310268636,125.32483029810696,156.30147764188538,30.976647343778424
Gm Chevrolet Meriva,Bahia,1294.6246575344353,290.68888639639556,179.5806633156136,157.69737733307466,214.68017341015405,56.9827960770794
Gm Chevrolet Meriva,Ceara,514.7,3.5982125510005827,69.05188383226397,49.92491719224135,84.55604139539643,34.63112420315508
Gm Chevrolet Meriva,Distrito Federal,1075.296438356135,36.27278823654207,62.62225279917777,54.102846855319854,67.95570328776003,13.852856432440177
Gm Chevrolet Meriva,Esperito Santo,704.9182191778347,96.93039297479474,104.83935331620509,89.91638938512816,125.17352851793987,35.257139132811716
Gm Chevrolet Meriva,Goias,746.5191780822352,40.56694173322895,92.71516085406877,87.89122944902904,102.61636260773713,14.72513315870809
Gm Chevrolet Meriva,Maranhao,106.17917808223515,0.0,42.14054557256295,20.010682343803282,56.8524012779264,36.841718934123115
Gm Chevrolet Meriva,Mato Grosso,224.3564383566007,0.0,60.12704833306599,44.796227392720525,74.0376373919021,29.24140999918157
Gm Chevrolet Meriva,Mato Grosso do Sul,283.37369863003494,211.6639627812046,26.56876951591197,20.917387927858744,30.521424430908393,9.604036503049649
Gm Chevrolet Meriva,Minas Gerais,3223.954657533504,45.88308947036199,74.58921776738426,45.73295879224197,92.92942808063147,47.196469288389494
Gm Chevrolet Meriva,Para,248.48821917830034,143.07720550119635,77.89718745318902,73.61823579921825,85.56625406815652,11.94801826893827
Gm Chevrolet Meriva,Paraiba,376.37,41.714270531657675,49.46439043415413,42.77381528279175,56.04605652727921,13.27224124448746
Gm Chevrolet Meriva,Parana,4528.56013698617,114.88331484237257,131.6802480319406,115.05830342850736,140.3745605129171,25.31625708440974
Gm Chevrolet Meriva,Pernambuco,1156.9819178078696,244.9787638315259,181.67009920490872,132.42019472299773,245.47392498821733,113.0537302652196
Gm Chevrolet Meriva,Rio Grande do Norte,268.54917808223513,114.43341670027213,77.15731544062712,70.90780441293289,82.20205270647902,11.294248293546133
Gm Chevrolet Meriva,Rio Grande do Sul,4893.38575342454,170.14456696313655,143.36493672120807,134.2917959989501,163.97420999128963,29.68241399233952
Gm Chevrolet Meriva,Rio de Janeiro,7433.25191780787,358.49087713764163,358.4436626929615,358.10090081952615,358.82742398887854,0.7265231693523901
Gm Chevrolet Meriva,Santa Catarina,2676.378356164936,35.455749289489496,62.398138014848215,35.36139456782374,83.2060944262981,47.84469985847436
Gm Chevrolet Meriva,Sao Paulo,34972.73109589104,203.49128526699872,203.48979919245394,203.3731843695838,203.61387055522624,0.24068618564243138
Gm Chevrolet Meriva,Sergipe,193.20547945220022,0.0,48.71241981020372,36.25446107635487,63.000937256745544,26.746476180390673
Gm Chevrolet Montana,Alagoas,114.79,250.0653367018033,146.28349403722626,123.54069770775656,161.44703529267846,37.9063375849219
Gm Chevrolet Montana,Amazonas,234.38547945220023,168.05648580305103,59.856541103538206,42.799733281561245,68.76342183980088,25.96368855823964
Gm Chevrolet Montana,Bahia,896.4991780817695,247.83290986992387,202.0169499390219,182.34587378691373,248.08850790869042,65.74263412177669
Gm Chevrolet Montana,Ceara,333.8727397261001,0.0,74.73337287292782,47.07991698360152,91.92707971971441,44.84716273611289
Gm Chevrolet Montana,Distrito Federal,574.9654794522003,116.5113426702154,68.56159605150178,49.486390894397445,80.24039143010675,30.75400053570931
Gm Chevrolet Montana,Esperito Santo,458.04273972610014,81.84607406378197,102.7285719102382,74.46107804324814,119.55293695050071,45.09185890725257
Gm Chevrolet Montana,Goias,926.6182191778347,177.94707311745057,103.27454271172971,85.28769612697036,118.78063591905892,33.49293979208856
Gm Chevrolet Montana,Maranhao,154.55273972610013,16.719211866314307,52.486143969210474,36.227333352653254,64.35511981573806,28.12778646308481
Gm Chevrolet Montana,Mato Grosso,373.97,71.00302163275128,79.12347555262903,76.1571334741012,84.54125771511093,8.38412424100973
Gm Chevrolet Montana,Mato Grosso do Sul,332.56821917830035,0.0,29.531144970615,25.503663726289886,32.60385360313772,7.1001898768478355
Gm Chevrolet Montana,Minas Gerais,2762.1210958905704,127.1664014016552,105.47816116660424,101.57267116232573,109.6146810772658,8.042009914940067
Gm Chevrolet Montana,Para,215.75,133.04750869061414,85.10376168344433,64.48382466904235,95.29919643114019,30.81537176209784
Gm Chevrolet Montana,Paraiba,219.39,122.38935229499978,59.08681570926383,53.09989955817187,62.5807056555182,9.480806097346331
Gm Chevrolet Montana,Parana,3873.2965753432363,142.43396787944425,155.41604197946245,153.67174365413007,157.15202165318732,3.4802779990572503
Gm Chevrolet Montana,Pernambuco,566.2509589044005,115.5688992149651,137.1117310472234,100.20086664615492,154.0821870079008,53.88132036174589
Gm Chevrolet Montana,Piaui,102.68,0.0,19.772238616575063,15.023217040720956,23.067151932339936,8.04393489161898
Gm Chevrolet Montana,Rio Grande do Norte,235.13821917783469,103.92185534721214,93.73127284649446,88.23453441100644,108.09713571530563,19.86260130429919
Gm Chevrolet Montana,Rio Grande do Sul,3244.159178082235,167.46681348760512,166.5265225641026,158.2669782071919,183.44760468810233,25.180626480910433
Gm Chevrolet Montana,Rio de Janeiro,2036.9536986305006,230.55801431114955,278.9246454102958,253.23763688450353,303.61083901680246,50.37320213229893
Gm Chevrolet Montana,Santa Catarina,2468.6801369871014,38.241487256918475,81.79782936568527,58.25638402754877,93.85711577608384,35.600731748535075
Gm Chevrolet Montana,Sao Paulo,22656.8364383566,262.8303830590717,259.86061234473004,256.85409098220066,264.7559334316674,7.901842449466756
Gm Chevrolet Montana,Sergipe,131.79821917783468,75.87355931195891,58.098270804614025,45.939484801774014,69.96283070542499,24.023345903650977
Gm Chevrolet Monza,Minas Gerais,761.0254794522002,43.140474118727724,38.66556537595095,30.447494027830558,42.91683441943703,12.469340391606472
Gm Chevrolet Monza,Parana,659.1464383556694,49.1438595660302,64.24016324136876,57.84521407770293,73.08510384420039,15.239889766497463
Gm Chevrolet Monza,Rio Grande do Sul,678.4809589039348,63.09241171506625,67.15561152709952,64.60343095621339,69.03567809405324,4.432247137839852
Gm Chevrolet Monza,Rio de Janeiro,583.7782191783003,92.57282684521368,122.91803136132253,115.12574112192236,128.1483424802591,13.022601358336729
Gm Chevrolet Monza,Santa Catarina,260.3454794522002,0.0,31.531890015460156,20.36017762709517,38.42620393952884,18.06602631243367
Gm Chevrolet Monza,Sao Paulo,4566.27835616447,119.50081826775644,110.93515486406062,108.84005134510163,113.1754702934949,4.335418948393269
Gm Chevrolet Omega,Distrito Federal,142.95547945220022,0.0,52.65642141979357,43.785943214575944,57.762682800213625,13.97673958563768
Gm Chevrolet Omega,Minas Gerais,183.95821917830034,251.24726802884805,71.81381827817829,71.00739926960054,73.33329974709834,2.3259004774977967
Gm Chevrolet Omega,Parana,397.85369863050056,95.64319781614022,129.8616559638018,115.38029355464262,178.1076596158863,62.72736606124367
Gm Chevrolet Omega,Rio Grande do Sul,368.50547945220023,712.7899438305942,183.25018931141742,113.506578468912,714.1707640189933,600.6641855500812
Gm Chevrolet Omega,Rio de Janeiro,190.8382191778347,226.87279406885548,205.94068156464743,179.82845510946822,233.10696176703843,53.278506657570205
Gm Chevrolet Omega,Santa Catarina,220.12821917830036,73.62527194604063,67.0698161042382,58.44274704008666,84.56053762059145,26.11779058050479
Gm Chevrolet Omega,Sao Paulo,1932.713698630035,59.676195228374645,139.87453682714212,59.587302170544994,188.88941472404684,129.30211255350184
Gm Chevrolet Opala,Sao Paulo,161.4809589039348,114.36023247165653,137.0268612687084,108.72486025159203,217.1780446004891,108.45318434889707
Gm Chevrolet Prisma,Alagoas,498.1509589039348,56.07135648490542,97.99752202960728,87.93530079309673,104.56343113874438,16.628130345647648
Gm Chevrolet Prisma,Amazonas,227.91,136.022991531745,43.86364902766296,41.85404067178137,45.80352822332499,3.949487551543619
Gm Chevrolet Prisma,Bahia,1864.61,131.94019124642688,135.9337272251585,124.24411467363804,158.49652936285176,34.25241468921372
Gm Chevrolet Prisma,Ceara,1132.973698630035,87.61280170936578,57.29096201127904,51.92985744997414,60.99213938079888,9.062281930824739
Gm Chevrolet Prisma,Distrito Federal,1638.28,50.81548941572869,49.275455144884354,48.11437321594381,50.43456321307184,2.3201899971280326
Gm Chevrolet Prisma,Esperito Santo,1005.33,124.2964996568291,81.43666031951228,70.85906854923462,101.1545654941165,30.295496944881876
Gm Chevrolet Prisma,Goias,1879.7854794522002,88.65426497951499,66.04414213479343,56.59640312426058,72.5691918338912,15.972788709630613
Gm Chevrolet Prisma,Maranhao,311.62547945220024,0.0,31.167752480371295,14.54377056762099,41.171400517308925,26.627629949687936
Gm Chevrolet Prisma,Mato Grosso,564.94,0.0,50.30252484588251,45.34731042245159,53.60838736379516,8.261076941343568
Gm Chevrolet Prisma,Mato Grosso do Sul,480.4209589039348,2.131464044233673,20.53521440464424,17.349705976886845,23.462599482189177,6.112893505302331
Gm Chevrolet Prisma,Minas Gerais,4013.6882191783,64.2670745494049,67.94376968636843,61.469682144115566,83.49720197229425,22.027519828178683
Gm Chevrolet Prisma,Para,512.0701369861699,2.470364718874761,56.04512923754776,44.789766774273986,61.361447832470176,16.57168105819619
Gm Chevrolet Prisma,Paraiba,652.37,36.690834955623345,38.51142792409756,37.07917748019006,40.19454877962727,3.115371299437207
Gm Chevrolet Prisma,Parana,4411.9582191783,112.05183173563076,105.61083996702997,101.82006233106773,111.08800916245785,9.26794683139012
Gm Chevrolet Prisma,Pernambuco,1603.9727397261001,52.47595418259612,83.59117579295106,52.32826626151722,102.47172909816841,50.14346283665119
Gm Chevrolet Prisma,Piaui,225.06547945220024,8.984052129724477,12.968742360943935,9.824854174616513,15.382113175673485,5.557259001056972
Gm Chevrolet Prisma,Rio Grande do Norte,567.1,98.09204725797919,63.81897168684386,55.54375953584065,91.66608823631404,36.12232870047339
Gm Chevrolet Prisma,Rio Grande do Sul,5668.3427397261,108.43222229531229,103.86422442819797,95.79375360377985,111.35763898705581,15.56388538327596
Gm Chevrolet Prisma,Rio de Janeiro,4928.53,192.9934483507253,194.794775576161,190.85633170850846,197.8945352375247,7.0382035290162435
Gm Chevrolet Prisma,Santa Catarina,2849.8654794522004,58.37152707712222,58.726239255248096,55.01548749099901,60.92267672500577,5.907189234006765
Gm Chevrolet Prisma,Sao Paulo,29426.5636986305,234.24733076532485,234.25904048741108,234.1003010481303,234.41920404763007,0.31890299949978385
Gm Chevrolet Prisma,Sergipe,443.4,0.0,39.837577376186175,34.89733699541151,45.11651839842417,10.219181403012662
Gm Chevrolet Prisma,Tocantins,224.75547945220023,0.0,40.65081616820142,39.203029299244704,41.7392488317596,2.536219532514899
Gm Chevrolet S-10,Alagoas,336.2409589039348,295.4547843422696,316.4169724809761,280.5629372955988,344.7293608537146,64.16642355811581
Gm Chevrolet S-10,Amazonas,430.1209589044005,0.0,146.5147717799827,133.47085124759639,154.56703563212494,21.096184384528556
Gm Chevrolet S-10,Bahia,2153.63739726007,277.30201971779843,374.04051968920317,276.9811200574914,427.0384649277262,150.05734487023477
Gm Chevrolet S-10,Ceara,711.6791780817695,221.40875390609716,198.54607119227288,176.05028635269431,226.57136328646422,50.521076933769905
Gm Chevrolet S-10,Distrito Federal,1745.9719178083353,479.91722630442854,479.8631118064171,478.9953761056748,480.6051035672926,1.6097274616178083
Gm Chevrolet S-10,Esperito Santo,1060.5254794522002,357.6792895121545,258.40756601589766,220.12466002078386,333.6359010492937,113.51124102850983
Gm Chevrolet S-10,Goias,6599.850273973271,305.56708353716925,280.7656406490886,251.7001138706365,305.8464503229018,54.146336452265274
Gm Chevrolet S-10,Maranhao,812.9964383556694,212.1965015602297,149.60001050491925,123.64298496483217,212.64355283083196,89.0005678659998
Gm Chevrolet S-10,Mato Grosso,4454.303835617136,233.24071243021945,194.75782982204186,156.46278263942511,233.42497389553412,76.96219125610901
Gm Chevrolet S-10,Mato Grosso do Sul,2526.42465753397,122.15365262514284,77.63140515522369,64.21025690280096,122.34175336718859,58.131496464387624
Gm Chevrolet S-10,Minas Gerais,6597.930547944215,288.4295289517634,288.4240021411206,288.119904207935,288.7295692279211,0.609665019986096
Gm Chevrolet S-10,Para,764.2019178078696,703.7956690069713,268.13139759726033,182.418618546025,704.5883944474176,522.1697759013927
Gm Chevrolet S-10,Paraiba,591.4264383556693,320.3390780546493,139.2394220987116,111.3870959891893,190.8434134655159,79.4563174763266
Gm Chevrolet S-10,Parana,7706.343424657415,211.19977534252618,260.8507043273492,210.99794743868912,335.39524358241255,124.39729614372342
Gm Chevrolet S-10,Pernambuco,1390.7246575339698,318.7748182922911,339.01871155766923,295.4961651943002,413.9951951514369,118.49902995713671
Gm Chevrolet S-10,Piaui,534.0209589039348,179.93114015078407,66.66489720284282,44.6790277619843,180.4235656137738,135.74453785178952
Gm Chevrolet S-10,Rio Grande do Norte,321.48273972610014,377.463499606191,204.7632355131464,182.65944037012994,249.76854732171833,67.10910695158839
Gm Chevrolet S-10,Rio Grande do Sul,5922.710410959441,251.08318604405656,291.213387163119,250.79917324532354,374.3918754579244,123.59270221260087
Gm Chevrolet S-10,Rio de Janeiro,2610.2375342467053,270.2420721275744,270.2666935638116,269.78455782407815,270.80867150949615,1.0241136854180013
Gm Chevrolet S-10,Roraima,115.82821917783468,0.0,23.5162524476874,9.7581597034683,65.73836400285452,55.98020429938622
Gm Chevrolet S-10,Santa Catarina,3203.550547947008,130.98154492018367,181.67465077436185,165.86477002785333,199.68869721123252,33.8239271833792
Gm Chevrolet S-10,Sao Paulo,20609.112328769173,231.64267940525664,231.66029573344602,231.49105038005774,231.8308958489102,0.33984546885244526
Gm Chevrolet S-10,Sergipe,387.03917808223514,312.7228633538571,127.75039753332207,111.34202420987124,152.94377057148134,41.6017463616101
Gm Chevrolet S-10,Tocantins,915.8446575339698,142.93799600522803,122.99076273693838,86.4390661927306,150.0607433494874,63.6216771567568
Gm Chevrolet Silverado,Minas Gerais,137.44547945220023,1146.7601599426548,389.3497038915898,260.6491013275641,1148.7932994398943,888.1441981123303
Gm Chevrolet Silverado,Parana,292.5973972605355,423.06938188440347,443.07231671381874,432.00617427278667,452.01484734698255,20.008673074195883
Gm Chevrolet Silverado,Rio Grande do Sul,185.97465753443538,427.8163544152137,422.2776152491248,385.74633561416795,438.44962321275005,52.70328759858211
Gm Chevrolet Silverado,Sao Paulo,547.52,495.1636469900643,648.3726731737283,495.49683742979397,713.1174598505987,217.62062242080475
Gm Chevrolet Suprema,Sao Paulo,114.27,88.92097663428721,142.13307020665928,97.6311956862227,291.62359914395813,193.99240345773543
Gm Chevrolet Tracker,Bahia,525.6227397261001,80.17727699901367,200.47304327828698,185.53249510334467,244.27868139723077,58.7461862938861
Gm Chevrolet Tracker,Ceara,341.54,402.3306201323417,127.14378970312859,83.64479208722989,403.2518433690443,319.6070512818144
Gm Chevrolet Tracker,Distrito Federal,377.89,0.0,70.78134596566944,56.8913536411515,76.93662831764739,20.045274676495893
Gm Chevrolet Tracker,Esperito Santo,124.66,165.82704957484358,116.62176851293131,107.05147200099557,130.54654568971787,23.4950736887223
Gm Chevrolet Tracker,Goias,141.73,0.0,98.357258856908,77.05055453830062,107.37053815036464,30.31998361206402
Gm Chevrolet Tracker,Minas Gerais,910.0554794522002,49.134367090362225,101.31188011481244,95.13955693759864,118.28136914768086,23.14181221008222
Gm Chevrolet Tracker,Para,116.04,396.5873836608066,89.22996518356045,86.14153786938543,94.55811733997213,8.416579470586697
Gm Chevrolet Tracker,Paraiba,127.32,334.26013195098966,62.0791539443757,53.71283564916434,83.18224070709437,29.469405057930025
Gm Chevrolet Tracker,Parana,528.6227397261001,567.2400702159862,215.46542250693017,150.51782937510168,568.1391633553155,417.6213339802139
Gm Chevrolet Tracker,Pernambuco,171.05273972610013,0.0,141.3219574418376,114.89478604831756,156.3363097150231,41.44152366670555
Gm Chevrolet Tracker,Rio Grande do Norte,330.26,260.89444679949133,95.08939681226343,84.38880714638998,123.8283736505896,39.43956650419962
Gm Chevrolet Tracker,Rio Grande do Sul,870.74,19.69014860922893,96.94563573895223,19.57169714230161,166.99751643516217,147.42581929286055
Gm Chevrolet Tracker,Rio de Janeiro,732.58,61.26293374102487,194.99056983473383,61.03196593876596,295.0429343886767,234.01096844991076
Gm Chevrolet Tracker,Santa Catarina,446.87,314.4762458880659,95.84113658811654,85.58496810871104,129.93618001581288,44.35121190710184
Gm Chevrolet Tracker,Sao Paulo,2129.350958903935,208.94676762398024,244.64226294657269,208.69919291195524,260.1715127345935,51.47231982263824
Gm Chevrolet Vectra,Alagoas,252.6956164383702,178.8594540618914,188.5812172225452,143.95689964631003,217.5871593767311,73.63025973042107
Gm Chevrolet Vectra,Amazonas,184.4127397261001,101.97234761508459,94.87117693375534,86.33311424732796,117.01800984357429,30.684895596246335
Gm Chevrolet Vectra,Bahia,2043.4993150684052,305.81463638957996,271.9263987201831,256.583863695741,306.130332901841,49.54646920609997
Gm Chevrolet Vectra,Ceara,557.8482191778347,186.4664911063197,119.80777003329725,111.39348022532596,136.28150360363696,24.888023378311004
Gm Chevrolet Vectra,Distrito Federal,2391.59287671227,96.60339861757988,99.46280544534638,88.71930557969719,103.8839045314004,15.164598951703212
Gm Chevrolet Vectra,Esperito Santo,1193.099178082235,257.8670789921492,173.26048829459918,145.93769306623918,258.22584737663044,112.28815431039126
Gm Chevrolet Vectra,Goias,2013.4510958905705,176.80141361593184,145.59795886833606,135.4608992561606,163.0936095162281,27.632710260067512
Gm Chevrolet Vectra,Maranhao,203.59013698616997,0.0,70.45967685830476,48.57147031899613,81.53142713137686,32.95995681238073
Gm Chevrolet Vectra,Mato Grosso,570.3056164379045,144.64875958131483,103.63775204022451,101.74313332808502,105.9928197768368,4.249686448751774
Gm Chevrolet Vectra,Mato Grosso do Sul,698.4610958901047,0.9420710815130771,42.63198204885058,40.20889301779909,46.200998760099374,5.992105742300282
Gm Chevrolet Vectra,Minas Gerais,7115.009589041676,122.64762107193958,134.51847797287425,122.54451509374094,147.75171726692966,25.20720217318872
Gm Chevrolet Vectra,Para,353.12,129.94166289080198,116.55611584101256,95.32547388114556,127.9155095793234,32.59003569817784
Gm Chevrolet Vectra,Paraiba,444.6191780822352,102.22905857559113,71.82897056029604,56.43150087935846,81.14357587574602,24.712074996387564
Gm Chevrolet Vectra,Parana,9863.804109589477,303.73697274536516,303.72961288431367,303.47125367285,303.99870914161227,0.5274554687622413
Gm Chevrolet Vectra,Pernambuco,1079.0401369866356,189.58330926529163,186.06494921939685,162.37593589117785,211.65462999168395,49.2786941005061
Gm Chevrolet Vectra,Piaui,122.7809589039348,0.0,24.460986232396014,15.50431218980249,30.315376016586793,14.811063826784302
Gm Chevrolet Vectra,Rio Grande do Norte,346.296438356135,30.15046891490799,125.42632551888555,119.02812764051102,139.3463076221209,20.318179981609873
Gm Chevrolet Vectra,Rio Grande do Sul,8689.98945205504,237.35310743239506,224.2088891020835,211.38268193721873,237.4941976513489,26.111515714130178
Gm Chevrolet Vectra,Rio de Janeiro,6479.421232876741,365.58373269217293,384.01608792494966,375.02923935893494,402.63970442300115,27.610465064066204
Gm Chevrolet Vectra,Santa Catarina,5824.817671234272,92.55208152906279,110.68872621758074,92.44373010511588,123.1786247293552,30.73489462423933
Gm Chevrolet Vectra,Sao Paulo,43662.29575342501,282.8886064478436,282.86694937813144,282.72557831248514,283.01506570028494,0.2894873877997952
Gm Chevrolet Vectra,Sergipe,304.60547945220026,65.27131434324691,72.58106816854057,50.04060202797612,92.23137099132576,42.19076896334964
Gm Chevrolet Vectra,Tocantins,152.50273972610012,0.0,84.84494789077716,81.31760102353236,89.73642896967986,8.418827946147502
Gm Chevrolet Zafira,Bahia,509.1819178083353,214.44202195943055,176.8188480848859,172.8540841666137,183.43065228684813,10.576568120234441
Gm Chevrolet Zafira,Ceara,210.8527397261001,0.0,80.81369361100613,79.70044621795294,81.55017035698086,1.8497241390279129
Gm Chevrolet Zafira,Distrito Federal,708.8201369857043,93.17737540705907,70.90284811811985,62.04103182988809,76.72683231557168,14.685800485683593
Gm Chevrolet Zafira,Esperito Santo,260.036438356135,5.491538066846889,98.45378639977623,81.5226453357245,107.10571494992018,25.58306961419568
Gm Chevrolet Zafira,Goias,375.2491780822352,146.87573809401295,89.21071067016398,59.045500364807,105.81385769991759,46.76835733511059
Gm Chevrolet Zafira,Mato Grosso do Sul,145.19,0.0,26.8835858743103,19.17933089360853,31.00989353276238,11.83056263915385
Gm Chevrolet Zafira,Minas Gerais,1682.854794521071,93.45547845960087,80.38583812313922,52.18334032086622,104.18322822669906,51.999887905832836
Gm Chevrolet Zafira,Parana,2615.551095891502,108.85468857680864,140.05364611266052,108.8046065315845,156.39748387983127,47.59287734824677
Gm Chevrolet Zafira,Pernambuco,560.9136986300349,90.55938573806131,132.84758336920922,118.0749428256238,141.6820695752515,23.607126749627696
Gm Chevrolet Zafira,Rio Grande do Norte,107.99,352.84748587832206,78.17553754351958,69.82697909537299,82.79953910135828,12.972560005985287
Gm Chevrolet Zafira,Rio Grande do Sul,2383.719315067474,211.96203630447073,155.99247899899868,144.0585756848307,177.90036464148358,33.84178895665286
Gm Chevrolet Zafira,Rio de Janeiro,4260.450136987101,272.56626944617045,274.6414491349167,261.45990873961864,286.0968831953528,24.636974455734162
Gm Chevrolet Zafira,Santa Catarina,1258.10301369844,115.84266026957751,82.13770615383827,77.30939905650845,87.90461317525657,10.595214118748117
Gm Chevrolet Zafira,Sao Paulo,20003.093972603772,245.10263295842572,247.73847577005355,244.1807292581244,253.43075774066253,9.250028482538141
Gmc Caminhoes - Todos,Sao Paulo,321.31917808270083,536.5506068723568,450.55565695528594,367.8639121153457,544.8052758994253,176.94136378407956
Hafei,Sao Paulo,342.36095890393483,80.09674960542013,88.64789281782434,83.04256471498374,92.66527373137528,9.62270901639154
Harley-davidson Motos - Todas,Distrito Federal,114.21917808223516,0.0,87.5743717112702,83.61747982350471,91.93286188573394,8.315382062229233
Harley-davidson Motos - Todas,Minas Gerais,245.46821917830036,0.0,100.45838608957831,74.14077948698319,116.41871651019501,42.27793702321182
Harley-davidson Motos - Todas,Parana,426.4282191778347,0.0,161.57695862680103,113.04949786362924,185.4738272115854,72.42432934795615
Harley-davidson Motos - Todas,Rio Grande do Sul,186.47,0.0,156.96549776953808,113.00305315299383,178.24350788065416,65.24045472766034
Harley-davidson Motos - Todas,Rio de Janeiro,628.5719178083352,224.5502797709114,298.25859969507616,210.45578019190108,346.5925863577028,136.13680616580174
Harley-davidson Motos - Todas,Santa Catarina,158.85821917783468,0.0,99.16999282910245,94.8684256981729,105.93975239245378,11.071326694280884
Harley-davidson Motos - Todas,Sao Paulo,3833.346575342305,355.92946611621295,304.34398352608764,293.74586294869994,331.76120837985525,38.01534543115531
Honda Accord,Distrito Federal,134.5127397261001,0.0,33.23037972744164,23.191210220531733,42.775756429366766,19.584546208835032
Honda Accord,Minas Gerais,212.76,0.0,43.26758348246558,32.2031323017366,55.48580510875593,23.28267280701933
Honda Accord,Parana,165.1427397261001,0.0,78.86791885350708,62.237177797709904,88.8411821866793,26.6040043889694
Honda Accord,Rio Grande do Sul,171.52,0.0,75.11495829598087,63.488715002524124,86.89329616667429,23.404581164150166
Honda Accord,Rio de Janeiro,428.94917808223516,426.0784478411132,185.02674964797367,117.13743791505905,426.59247614500566,309.4550382299466
Honda Accord,Sao Paulo,2088.3382191783003,103.52681285748243,125.33182984015723,99.95694735344468,142.10731076265762,42.15036340921294
Honda Civic,Acre,120.28,0.0,43.15930026750928,37.0982930495613,47.55737671706121,10.459083667499911
Honda Civic,Alagoas,719.8136986305005,274.1403787888937,254.4579574958679,236.6982645784067,297.25089372727155,60.55262914886484
Honda Civic,Amazonas,795.3628767113388,193.81090633419856,123.11084459737255,103.82061754626184,151.37094841774723,47.550330871485386
Honda Civic,Bahia,3485.43287671227,162.05304189727693,213.94832815473,161.80205540636246,283.91492755183907,122.11287214547662
Honda Civic,Ceara,2066.223835615739,399.2132825987794,255.70056258495916,141.2858868546178,399.6577515184239,258.3718646638061
Honda Civic,Distrito Federal,5216.1664383566,111.18145995792182,126.9826042249746,118.20458853126827,143.60096800941318,25.396379478144908
Honda Civic,Esperito Santo,2126.3427397261003,239.16182019908342,208.1927875989166,179.33826134140722,239.46520673813268,60.12694539672546
Honda Civic,Goias,3005.4401369866355,442.5271971424111,442.6809479125921,441.8901613109891,443.5771192596211,1.6869579486320276
Honda Civic,Maranhao,548.3209589039349,271.4450315696876,98.89355203486784,85.5723197942356,126.4310367010204,40.85871690678481
Honda Civic,Mato Grosso,983.1291780822352,64.79413023246843,114.37082413806954,64.65023576989499,163.31012351583618,98.65988774594119
Honda Civic,Mato Grosso do Sul,1547.1828767127358,1.4452073078463603,21.798750037817285,1.4495853978276612,63.47141769014199,62.02183229231433
Honda Civic,Minas Gerais,10976.166712328475,218.3135572556972,218.33201341197764,218.09671582634203,218.53589353804531,0.43917771170328024
Honda Civic,Para,1424.743698630035,107.24034094477169,148.75295443630262,129.023326687012,172.8808679091727,43.857541222160705
Honda Civic,Paraiba,936.8054794522002,243.5094638146165,128.1328711304023,95.22325705732995,243.95789299923834,148.73463594190838
Honda Civic,Parana,7507.396575342305,424.66052885379065,424.6905498673369,424.2820152436555,425.0413686378699,0.7593533942143722
Honda Civic,Pernambuco,2990.9156164379046,267.5157385258888,251.72641485667927,219.39747455060598,285.65710205329316,66.25962750268718
Honda Civic,Piaui,483.43,0.0,36.725159522735176,31.504959163690966,46.70450985909493,15.19955069540396
Honda Civic,Rio Grande do Norte,914.1664383566007,280.9182105412454,169.96191378023127,135.71936883565996,254.6730358998566,118.95366706419662
Honda Civic,Rio Grande do Sul,7516.21753424624,278.54582314320373,270.46250173901814,242.60618449065657,296.88958755423715,54.28340306358058
Honda Civic,Rio de Janeiro,13152.896575342305,463.34326169833776,465.73388800727173,457.533222187063,478.9258144424584,21.392592255395357
Honda Civic,Santa Catarina,5178.393013699371,78.50447019462179,102.9078455104953,78.37261585250765,137.55147856703087,59.17886271452322
Honda Civic,Sao Paulo,55554.18136986384,367.5769761423819,367.5530512264978,367.40942592658024,367.69831598670237,0.28889006012212803
Honda Civic,Sergipe,692.07,0.9507708757784616,93.29667083152296,57.65024725142038,128.79372539789605,71.14347814647567
Honda Civic,Tocantins,235.88821917783469,0.0,104.66571279163712,94.56438664389557,122.78399011900312,28.219603475107547
Honda Cr-v,Bahia,504.10547945220026,0.0,28.854149696294225,0.0850412147981345,202.19051497663358,202.10547376183544
Honda Cr-v,Ceara,165.48643835566938,0.0,81.60262072967004,61.94893022832036,98.30585707231164,36.35692684399128
Honda Cr-v,Distrito Federal,374.25,0.0,72.80009801736378,56.33756993900086,83.0155405292237,26.67797059022284
Honda Cr-v,Esperito Santo,184.43,3.0201160331833217,110.21030367152014,97.16190083660914,117.90925208736776,20.747351250758626
Honda Cr-v,Goias,244.79821917783468,0.0,90.72248208352093,48.749702050366146,115.5513733330276,66.80167128266146
Honda Cr-v,Mato Grosso,128.24547945220024,0.0,70.7065306225743,44.85112711622052,82.78092115187758,37.92979403565706
Honda Cr-v,Mato Grosso do Sul,191.81547945220024,0.0,30.012628344173166,22.632781879319204,34.5225467707709,11.889764891451698
Honda Cr-v,Minas Gerais,1043.3709589044004,11.278826480235828,58.034674211683416,11.232267882859006,108.55657188915805,97.32430400629904
Honda Cr-v,Para,146.68273972610012,3.926842388378903,82.15958714792866,60.027616253629816,94.18445183678146,34.15683558315165
Honda Cr-v,Parana,712.5391780817695,0.0,132.04729105277025,74.68069868901036,167.74194524392803,93.06124655491767
Honda Cr-v,Pernambuco,303.5254794522002,0.0,141.79587783649106,128.87281237515887,156.03146867534917,27.1586563001903
Honda Cr-v,Rio Grande do Sul,752.5246575339697,265.75341817417114,181.97296796490693,158.10689684830018,266.0625679481912,107.95567109989102
Honda Cr-v,Rio de Janeiro,1381.629178082235,378.764438607457,296.52070254269273,279.5339245402144,308.62636322830343,29.092438688089032
Honda Cr-v,Santa Catarina,548.256438356135,182.23589001448153,75.73064146679624,47.90950383179114,96.71828140143674,48.8087775696456
Honda Cr-v,Sao Paulo,5713.86013698617,294.44822933440173,265.26349331964934,253.0377918952474,294.66283500905377,41.625043113806356
Honda Fit,Acre,156.2182191778347,0.0,17.144741602559755,14.691346059244088,20.8700094258954,6.178663366651312
Honda Fit,Alagoas,561.4983561644704,101.92371780201005,111.92889097878609,95.39797581842083,128.5991678812426,33.201192062821775
Honda Fit,Amazonas,641.17013698617,32.58261543215107,42.97010931669629,37.432658149695264,50.08134003255096,12.648681882855698
Honda Fit,Bahia,2978.1165753418395,99.42760550466757,118.57381026702888,96.27089544334588,136.1198590918949,39.84896364854903
Honda Fit,Ceara,1556.2028767122702,147.0483080480195,72.55050348721305,50.32485423577292,147.32055699187111,96.9957027560982
Honda Fit,Distrito Federal,4198.376575341839,13.542377387948028,35.91455298839303,13.524983141336767,55.22150730748578,41.69652416614901
Honda Fit,Esperito Santo,1756.0119178083353,85.07516292170513,80.7795792782231,74.61002536048505,89.38290273104222,14.772877370557168
Honda Fit,Goias,1746.6601369866357,60.06148407382052,74.28101046685185,63.0831948544275,84.95169742933224,21.868502574904745
Honda Fit,Maranhao,412.45821917830034,78.16306840539283,37.67856724784993,27.298582156284038,48.459698735422286,21.16111657913825
Honda Fit,Mato Grosso,532.9246575339697,0.0,54.55782128909295,49.79804089418949,60.23987924860964,10.441838354420149
Honda Fit,Mato Grosso do Sul,942.1854794522002,60.3405605794886,20.892187935370774,16.642078106726505,23.90900879859164,7.266930691865134
Honda Fit,Minas Gerais,7380.923150683679,15.651700694011327,23.007607675171286,15.615954880871234,72.57030294455909,56.95434806368785
Honda Fit,Para,1351.3001369857043,21.781985507422018,61.250075246262,55.06200353270295,66.11693598765193,11.054932454948975
Honda Fit,Paraiba,688.8319178078697,85.23850083319876,38.168231418689246,35.008265308669735,41.8703589909594,6.862093682289668
Honda Fit,Parana,4813.366575342305,110.31966746938177,107.85702984140997,101.06306765203884,113.3171644216669,12.254096769628063
Honda Fit,Pernambuco,2586.4964383556694,89.79405366885064,94.73993978505395,80.80330102279176,111.23033699817876,30.427035975387
Honda Fit,Piaui,374.05547945220025,0.0,13.498800134030514,10.220392191221487,15.254322966807587,5.0339307755861
Honda Fit,Rio Grande do Norte,885.1073972605355,87.16682318867791,62.73927069737141,54.82344849516465,73.00028144483147,18.176832949666824
Honda Fit,Rio Grande do Sul,5385.511917807869,344.7850507692895,344.7154406281323,344.33708403317985,345.13481385965224,0.7977298264723913
Honda Fit,Rio de Janeiro,13266.444657534901,194.37837842525337,195.60016503622217,188.29018727638115,205.7327328270517,17.44254555067056
Honda Fit,Santa Catarina,3728.9357534240744,56.801193156923794,56.22631101501356,47.854044120501456,61.04536226202875,13.191318141527297
Honda Fit,Sao Paulo,62021.15794520289,210.0238117370962,206.34479117772142,195.66725461831663,210.1080960909733,14.440841472656672
Honda Fit,Sergipe,426.3246575344354,0.0,34.57877864521696,19.674418245659755,50.17039166745473,30.495973421794975
Honda Motos Acima De 450cc,Distrito Federal,155.74,0.0,198.98731521351147,136.07984621363673,262.5831439780699,126.5032977644332
Honda Motos Acima De 450cc,Goias,107.32821917783468,0.0,293.2650458910886,245.2551053185657,379.0376928326129,133.78258751404718
Honda Motos Acima De 450cc,Minas Gerais,429.4509589039348,152.3060983888298,246.81079283880837,157.53773323037566,333.67649356238337,176.1387603320077
Honda Motos Acima De 450cc,Parana,330.64,0.0,60.76933730137976,0.12711249456392798,521.6393045458074,521.5121920512435
Honda Motos Acima De 450cc,Rio Grande do Sul,220.78,271.32892472144215,434.11229943647317,338.89769248982617,511.5348674443676,172.63717495454142
Honda Motos Acima De 450cc,Rio de Janeiro,460.2054794522002,1222.5712754870374,920.2495012301608,713.634850189948,1223.6572192755007,510.02236908555267
Honda Motos Acima De 450cc,Santa Catarina,238.55369863003492,120.51374665368688,253.62832873135775,196.6400300865456,292.57065205839723,95.93062197185162
Honda Motos Acima De 450cc,Sao Paulo,3858.7119178083353,918.3455711336713,876.3193336775604,849.0502381544859,918.7172747223474,69.66703656786149
Honda Motos Ate 450cc,Acre,149.8,0.0,15.161525270669449,11.415376897445155,21.824045899485267,10.408669002040112
Honda Motos Ate 450cc,Alagoas,560.9273972600698,39.70567333453629,81.3348770166236,73.31184143913687,94.04985638207567,20.738014942938804
Honda Motos Ate 450cc,Amazonas,406.3509589039348,45.647732812130904,36.345144798324604,29.93082731630954,44.0069697242661,14.07614240795656
Honda Motos Ate 450cc,Bahia,2205.36,96.22283890158522,92.56227300764974,72.76176221485777,123.46657180790757,50.7048095930498
Honda Motos Ate 450cc,Ceara,1595.9554794522003,24.836532416058024,40.82168258077175,30.08011615768767,55.567219846050776,25.487103688363106
Honda Motos Ate 450cc,Distrito Federal,369.93,31.57894736842105,42.887630040537,35.013897440729345,50.952604325423465,15.93870688469412
Honda Motos Ate 450cc,Esperito Santo,682.02,39.176270490601446,61.481961130739286,52.50324175404881,72.39190687923106,19.88866512518225
Honda Motos Ate 450cc,Goias,1927.3382191783003,6.688499128863816,33.52776351768306,6.660108872999288,72.50014725035751,65.84003837735823
Honda Motos Ate 450cc,Maranhao,382.1554794522002,35.55359200782951,26.245590398155386,13.983059101566019,38.36024697376124,24.377187872195222
Honda Motos Ate 450cc,Mato Grosso,1213.8291780817694,99.79987479905465,41.00786061946801,37.1082902752658,48.50519208088393,11.396901805618128
Honda Motos Ate 450cc,Mato Grosso do Sul,498.66095890440045,30.301148967422524,17.29268553788762,14.99583724957905,19.91023666132894,4.914399411749891
Honda Motos Ate 450cc,Minas Gerais,3778.2438356166704,36.04372981866399,48.53127962691415,35.93507128344464,59.718583800082016,23.783512516637373
Honda Motos Ate 450cc,Para,2113.34,145.51279018047262,63.6434450237458,43.21997326589962,145.726769341224,102.50679607532439
Honda Motos Ate 450cc,Paraiba,792.2082191778346,10.624731978589274,29.605516904289367,26.770921715972246,35.901024741280274,9.130103025308028
Honda Motos Ate 450cc,Parana,1612.9246575344355,36.91120953597856,74.98738674223831,59.385390821489956,94.95417328701046,35.568782465520506
Honda Motos Ate 450cc,Pernambuco,2238.979178082701,36.892705751169316,65.99083822159044,36.770275878609176,93.93744328820203,57.16716740959286
Honda Motos Ate 450cc,Piaui,179.54369863003492,0.0,11.771219630923706,10.861332211312337,13.163887892813246,2.302555681500909
Honda Motos Ate 450cc,Rio Grande do Norte,1019.0736986300349,36.06412377182003,49.169417461318325,43.016992369427534,58.558627301207366,15.541634931779832
Honda Motos Ate 450cc,Rio Grande do Sul,1528.6673972605356,69.83468097200844,82.86728563932824,77.17217557988432,97.23118143171223,20.059005851827905
Honda Motos Ate 450cc,Rio de Janeiro,1078.6819178083354,218.37855637611185,160.65688042357692,139.84421633621045,185.236467839921,45.392251503710554
Honda Motos Ate 450cc,Santa Catarina,1508.411917808801,33.141477742114084,47.53648403996829,40.76318704940486,53.218421680034254,12.455234630629391
Honda Motos Ate 450cc,Sao Paulo,8080.107534247171,224.1878579365683,209.4677459390014,170.83304130032323,224.41355803779982,53.580516737476586
Honda Motos Ate 450cc,Sergipe,297.91547945220026,13.453480186292477,27.058118114437246,15.364868767920099,40.80710733346069,25.442238565540592
Honda Motos Ate 450cc,Tocantins,142.16,34.461170512099045,31.333854887242968,24.86819064689718,39.18992530319127,14.321734656294094
Hyundai Accent,Parana,100.1,697.7622377622378,358.5677185927119,277.5655997684122,446.5428209083787,168.9772211399665
Hyundai Accent,Rio Grande do Sul,109.8,0.0,337.13454209234317,263.14301133097376,439.28131177660754,176.13830044563377
Hyundai Accent,Sao Paulo,258.2736986305006,778.5616617806604,669.2985053626642,479.69677848569637,818.4694707475461,338.7726922618497
Hyundai Atos Prime,Sao Paulo,329.51,315.884191678553,269.6453071643365,222.29799816823598,322.0634223619029,99.76542419366692
Hyundai Azera,Bahia,124.51,0.0,212.7708954016824,176.552668116414,314.12707812714484,137.57441001073084
Hyundai Azera,Ceara,124.42999999999999,0.0,89.11975618352133,62.462372387270406,131.1961313629147,68.7337589756443
Hyundai Azera,Distrito Federal,375.82,0.0,81.5799498104204,58.243561765493055,124.22675669446983,65.98319492897677
Hyundai Azera,Esperito Santo,113.3,335.0926743159753,113.7654827746544,71.15273172240695,178.76573607553902,107.61300435313207
Hyundai Azera,Goias,248.97547945220023,697.5345539332197,194.5140639070206,101.27512385077418,698.465224132956,597.1901002821818
Hyundai Azera,Mato Grosso do Sul,107.59273972610012,55.74725595118376,36.58039146065045,29.924394033801768,53.67925553675472,23.75486150295295
Hyundai Azera,Minas Gerais,394.2409589044005,68.79295361742606,114.06597664335096,92.85630158610455,159.99826437657518,67.14196279047063
Hyundai Azera,Parana,385.8682191778347,374.14846008207644,181.22849997680825,157.65563472672184,252.254581860195,94.59894713347316
Hyundai Azera,Pernambuco,176.10999999999999,0.0,167.17687133977518,144.1753658644867,233.38406294020987,89.20869707572317
Hyundai Azera,Rio Grande do Sul,356.85095890393484,598.3086066401089,245.68739031832277,157.9489415071366,599.0794658972653,441.1305243901287
Hyundai Azera,Rio de Janeiro,539.12,252.2796408962754,305.56974133028365,239.48845839640256,454.51325607874577,215.0247976823432
Hyundai Azera,Santa Catarina,259.50547945220023,0.0,98.25163660389242,80.48640044560373,143.7381988669151,63.25179842131136
Hyundai Azera,Sao Paulo,3304.3582191783003,169.84175527420842,207.56479306895935,169.62275306232968,256.857738097622,87.23498503529234
Hyundai H1,Sao Paulo,119.97643835613505,0.0,85.22781767905882,13.965934041067975,173.27308162470968,159.3071475836417
Hyundai H100,Sao Paulo,422.66095890440045,510.02344895724804,515.5291805912065,511.6783092468281,520.9354953067061,9.257186059877995
Hyundai Hr,Bahia,175.67,0.0,62.98547626824779,57.696172195235235,71.94222568272136,14.246053487486122
Hyundai Hr,Ceara,441.53000000000003,114.76683351074671,29.70032509055389,24.98585081064064,39.10922798472487,14.12337717408423
Hyundai Hr,Distrito Federal,153.73,0.0,25.660225860904,23.48713430643051,32.148875321053275,8.661741014622766
Hyundai Hr,Esperito Santo,212.59547945220024,0.0,35.99192847151862,35.1184371788579,36.71422767758132,1.5957904987234173
Hyundai Hr,Goias,392.7,0.0,35.397944626008076,30.264661324432787,42.1128417135756,11.848180389142811
Hyundai Hr,Maranhao,117.88,0.0,17.104933253557647,11.605708594892635,20.266241815490343,8.660533220597708
Hyundai Hr,Minas Gerais,962.88,64.29253904951811,30.544621759732895,28.133900025371304,32.27340293411957,4.139502908748263
Hyundai Hr,Para,127.57000000000001,0.0,27.32597528221947,25.916679456887532,28.92067098752524,3.003991530637709
Hyundai Hr,Parana,711.76,0.0,9.542618629646277,0.06095173729662606,52.456614278357414,52.39566254106079
Hyundai Hr,Pernambuco,298.32,0.0,44.38627084705122,40.446026596364185,48.15402098056119,7.707994384197008
Hyundai Hr,Rio Grande do Sul,787.92,151.76413849121738,64.61316670516645,47.20874657471838,152.3595347789951,105.15078820427672
Hyundai Hr,Rio de Janeiro,589.24,1.1642115267123752,31.076479261905106,1.1988564145075449,93.16441551958091,91.96555910507337
Hyundai Hr,Santa Catarina,418.95,0.0,27.164088766010536,25.815309021705144,29.627945768561126,3.8126367468559828
Hyundai Hr,Sao Paulo,5765.553698630035,1324.4122592795204,1324.2824299369297,1323.472838400219,1325.081968341588,1.6091299413690194
Hyundai Santa Fe,Bahia,120.36,0.0,252.67608271747443,211.96929346418074,272.8319238332228,60.86263036904205
Hyundai Santa Fe,Ceara,152.22,26.527394560504533,101.14867276428247,66.31753744831678,119.5005974770626,53.183060028745814
Hyundai Santa Fe,Distrito Federal,211.24,0.0,98.22203518897868,88.56698862478709,104.01756319072587,15.45057456593878
Hyundai Santa Fe,Goias,226.16,0.0,134.88670818217,108.87440698351811,154.92015921074585,46.04575222722774
Hyundai Santa Fe,Mato Grosso,109.93,0.0,85.2893882569818,47.24051680973479,111.89652544353197,64.65600863379717
Hyundai Santa Fe,Minas Gerais,413.43547945220024,5.589747650738786,123.39451445075159,102.46050342387392,141.089613161864,38.62910973799009
Hyundai Santa Fe,Parana,435.39,195.801465352902,171.59492913318417,99.89784341030803,210.64367880759266,110.74583539728464
Hyundai Santa Fe,Pernambuco,233.16,0.0,163.5793024841142,102.10418378322059,197.9237340720146,95.81955028879402
Hyundai Santa Fe,Rio Grande do Sul,424.8954794522002,315.05865906737597,202.59211323145732,172.49150547087837,226.76027833709782,54.26877286621945
Hyundai Santa Fe,Rio de Janeiro,513.9527397261002,395.0557790745618,359.1044705600851,279.2133096316985,409.03976468557784,129.82645505387933
Hyundai Santa Fe,Santa Catarina,315.36095890393483,1.7662300429828195,100.53617118917629,59.8376364345135,121.35362366456921,61.515987230055714
Hyundai Santa Fe,Sao Paulo,3428.6082191778346,393.94060611681215,348.9203296804756,331.4311907306744,394.22257015208754,62.791379421413126
Hyundai Terracan,Sao Paulo,138.94,4.00892471570462,93.66559026572534,33.46771028658294,162.55741563590342,129.08970534932047
Hyundai Tucson,Alagoas,274.4627397261001,0.0,167.97894115782321,147.11913659024134,181.37220408272123,34.253067492479886
Hyundai Tucson,Amazonas,251.37,37.9838485101643,65.16641769141073,47.47853153241975,80.81335628711521,33.33482475469546
Hyundai Tucson,Bahia,1290.22,265.00519291283655,210.903342966756,192.56112059293648,236.4589145656755,43.89779397273904
Hyundai Tucson,Ceara,833.7654794522002,56.26882037719293,85.10495540535648,57.1914781481137,102.98435020564082,45.79287205752712
Hyundai Tucson,Distrito Federal,1651.1154794522001,40.27398496806661,70.66460748713737,40.21545312915789,93.04453537248185,52.82908224332395
Hyundai Tucson,Esperito Santo,666.1436986305006,7.749078780768112,110.82915690428156,76.67231109953623,133.0107995570291,56.33848845749286
Hyundai Tucson,Goias,1366.07,42.44438425556524,104.80921275255436,76.91287485763088,130.4776265162424,53.56475165861151
Hyundai Tucson,Maranhao,381.4054794522002,14.957834397643943,49.95917440012782,20.19811698370482,74.1917591796279,53.99364219592307
Hyundai Tucson,Mato Grosso,268.8,2.4107142857142856,75.12704834490266,45.976028556875995,91.53032459444714,45.55429603757114
Hyundai Tucson,Mato Grosso do Sul,385.96000000000004,0.0,36.44771967459154,33.90328064032383,39.94275403101672,6.039473390692891
Hyundai Tucson,Minas Gerais,2739.9554794522,109.06016621107403,102.82319479017323,83.63855601245749,115.12943591104751,31.490879898590023
Hyundai Tucson,Para,308.59999999999997,0.0,95.13084703120074,79.77980055590382,103.07098876152536,23.291188205621538
Hyundai Tucson,Paraiba,423.9482191778347,0.0,58.19325674387948,43.569322167088075,66.94117209505782,23.37184992796975
Hyundai Tucson,Parana,1579.8582191778346,49.6734447733163,128.1715692410661,49.54196618157141,184.40037237126424,134.85840618969283
Hyundai Tucson,Pernambuco,1595.54,40.3788059215062,135.87914257725535,77.3899067541582,185.8981275963802,108.50822084222199
Hyundai Tucson,Piaui,180.07999999999998,0.0,22.96022582392859,19.17123399469066,25.624384499542604,6.453150504851944
Hyundai Tucson,Rio Grande do Norte,293.6082191783004,282.5704274634682,84.89818127901343,59.496973238909554,99.02326182666363,39.526288587754074
Hyundai Tucson,Rio Grande do Sul,2554.58,241.35435179168397,175.1163528467706,155.00781117414596,201.0995977512224,46.09178657707645
Hyundai Tucson,Rio de Janeiro,4241.6254794522,444.1761794215079,412.38836333748236,329.94933039520447,444.6754302260439,114.72609983083942
Hyundai Tucson,Santa Catarina,1557.8582191783003,126.85236536110106,91.31590723249082,74.38544964368909,103.97760108658443,29.592151442895343
Hyundai Tucson,Sao Paulo,15200.951095890105,307.09341609960984,289.13436381983286,276.7672603793898,307.22162827761247,30.454367898222642
Hyundai Tucson,Sergipe,216.78,0.0,62.584933336734494,52.28135014484264,75.04834143341941,22.76699128857677
Hyundai Tucson,Tocantins,139.32,0.0,68.96308783616082,64.4533537360879,75.99624006799792,11.542886331910012
Hyundai Veracruz,Distrito Federal,130.78,0.0,150.94238820092255,135.60591163217066,198.50705477920803,62.901143147037374
Hyundai Veracruz,Goias,121.47,0.0,173.17700684281357,131.84637643662853,191.68251859583143,59.83614215920289
Hyundai Veracruz,Minas Gerais,255.0082191778347,0.0,176.3990135517265,168.86408490624763,187.12699914855907,18.26291424231144
Hyundai Veracruz,Parana,241.26,892.9080659869021,387.86005069775666,280.4214318917685,894.2403593747767,613.8189274830082
Hyundai Veracruz,Rio Grande do Sul,256.79,500.07788465282914,316.6523861368605,276.8223443888769,433.3193267115518,156.4969823226749
Hyundai Veracruz,Rio de Janeiro,289.07821917830034,473.88212224839623,490.1240359626326,457.7908046834974,527.4775180834563,69.68671339995888
Hyundai Veracruz,Santa Catarina,172.88,3.3317908375751966,148.73868739683084,130.07611192381236,164.03971666832874,33.963604744516374
Hyundai Veracruz,Sao Paulo,1867.3636986300348,424.9750600711586,444.30634839049645,378.6205602209579,473.43474826299615,94.81418804203827
Iveco Daily Chassi,Bahia,107.19,0.0,215.4434747543115,183.99911832562003,230.51081143433927,46.51169310871924
Iveco Daily Chassi,Esperito Santo,105.11273972610012,677.3203722547617,140.03244087407992,135.89216308728592,145.38714734843845,9.494984261152524
Iveco Daily Chassi,Minas Gerais,362.5782191778347,0.0,111.76640834625307,109.29906125005908,114.21082446226087,4.911763212201791
Iveco Daily Chassi,Parana,329.5254794522002,0.0,193.8540615852669,183.1266039613373,201.7112760842567,18.584672122919386
Iveco Daily Chassi,Rio Grande do Sul,299.63547945220023,359.78716604953235,173.8824351842607,145.07554384853097,190.73230056077517,45.6567567122442
Iveco Daily Chassi,Rio de Janeiro,244.44547945220023,2.8063517539261467,307.7368612353276,209.54050387135453,365.77138463073595,156.23088075938142
Iveco Daily Chassi,Santa Catarina,444.2027397261001,92.87425832951469,109.00937991920098,101.03229451082261,115.95405717696775,14.921762666145142
Iveco Daily Chassi,Sao Paulo,1860.52287671227,362.67600277637047,310.43539697967645,298.58307543252926,328.37712711390714,29.79405168137788
Iveco Daily Furgao,Sao Paulo,143.2,289.141061452514,180.79074240503596,126.24028023807037,289.459267841429,163.2189876033586
Iveco Daily Outros,Sao Paulo,172.53,0.0,53.10483236459688,5.007609583583776,180.33071721999295,175.32310763640916
Iveco Eurocargo,Minas Gerais,139.65547945220024,0.0,10.494988317702354,1.791953832921379,38.928514064771235,37.136560231849856
Iveco Eurocargo,Sao Paulo,155.43,0.0,25.871204804046965,4.044651979776193,104.65172521465526,100.60707323487907
Iveco Eurotech,Sao Paulo,103.5,0.0,74.22691028631111,16.163753563751143,326.60820946262726,310.44445589887613
Iveco Stralis,Mato Grosso,123.28999999999999,0.0,492.1527599137032,383.6773062282071,566.2892285445547,182.6119223163476
Iveco Stralis,Minas Gerais,127.43547945220024,6138.000212832369,6134.172939766464,6122.291374461233,6146.097123250293,23.80574878906009
Iveco Stralis,Parana,307.38,713.9729325265145,985.4549801472649,713.1490883329055,1108.6096314618128,395.46054312890726
Iveco Stralis,Santa Catarina,150.84273972610012,1225.249556827168,690.6234673149531,601.7758215379148,918.7762401102045,317.00041857228973
Iveco Stralis,Sao Paulo,512.8854794522002,2001.11728859279,1867.4693929530072,1810.021423003875,2002.4649411461082,192.4435181422332
Jaguar - Todos,Sao Paulo,186.8527397261001,0.0,38.25283449181762,12.443658330371521,89.6502795738649,77.20662124349339
Jeep Cherokee,Minas Gerais,103.96,0.0,69.42636326058786,58.608191404689336,88.57303897655083,29.964847571861497
Jeep Cherokee,Parana,178.14465753350407,269.16889152840156,113.27920973823252,98.22547140956037,143.86812911482312,45.64265770526275
Jeep Cherokee,Rio Grande do Sul,209.84643835660071,0.0,112.1744452161457,99.42191895167032,157.22153565391423,57.79961670224391
Jeep Cherokee,Rio de Janeiro,243.73,94.87957986296311,196.88972931703535,179.04210836642233,239.66407267330783,60.6219643068855
Jeep Cherokee,Santa Catarina,130.42,0.0,61.65209649727813,53.72826614547844,75.8349440009909,22.10667785551246
Jeep Cherokee,Sao Paulo,1089.0056164379046,289.77444673995734,184.75230723454794,158.74476809103177,227.82215779129118,69.0773897002594
Jeep Wrangler,Sao Paulo,109.21,0.0,71.39954252307923,21.216521582584054,160.24690296994487,139.03038138736082
Kasinski Motos Ate 450cc,Sao Paulo,378.8191780817695,303.3558136678992,281.09175018869297,216.3498139345625,310.16030608970334,93.81049215514085
Kawasaki Motos Acima De 450cc,Sao Paulo,336.0964383566007,912.8124103311397,919.869320205738,915.3877796169436,926.1204706071112,10.732690990167612
Kia Motors Besta,Parana,156.20821917830034,0.0,78.23328040998582,58.7831757425723,120.71151898885604,61.928343246283745
Kia Motors Besta,Rio Grande do Sul,112.66465753396973,0.0,79.24793284249253,58.127497708826915,123.44420487356588,65.31670716473897
Kia Motors Besta,Santa Catarina,117.53821917830035,296.70349137328395,45.605301285885034,31.991889887175912,78.0243929341039,46.032503046927985
Kia Motors Besta,Sao Paulo,867.5636986300349,111.27136849137175,110.4856104011854,99.30428085394638,126.18744588482474,26.88316503087836
Kia Motors Bongo,Bahia,177.32547945220023,298.26508950315286,121.22663074307218,105.39434268657229,128.61858473828363,23.224242051711343
Kia Motors Bongo,Minas Gerais,176.11821917783467,34.068025602402464,73.10018388465932,62.45661182136243,94.54328502927815,32.08667320791572
Kia Motors Bongo,Parana,260.96,171.46305947271614,100.13706582067533,77.12316992034313,113.4388342392517,36.315664318908574
Kia Motors Bongo,Rio Grande do Sul,337.9482191778347,0.0,98.96964102553753,78.0869482219324,108.71769858488945,30.630750362957045
Kia Motors Bongo,Rio de Janeiro,713.8427397261001,211.96125081843118,199.6563236574969,191.7846905369574,212.7949933613564,21.01030282439899
Kia Motors Bongo,Santa Catarina,322.8536986300349,0.0,62.841768132474925,59.32746108174949,69.44824266836012,10.120781586610633
Kia Motors Bongo,Sao Paulo,1849.8636986300348,1031.669523226685,1031.4639970399958,1030.3354927367295,1032.6598265710563,2.324333834326808
Kia Motors Carens,Rio de Janeiro,175.73,357.84442041768625,265.21904102486803,183.436424426961,314.59794310618105,131.16151867922005
Kia Motors Carens,Sao Paulo,296.27,215.79640193067135,235.72155990610423,170.72547576904756,264.5899082120135,93.86443244296592
Kia Motors Carnival,Sao Paulo,293.4491780817695,0.0,6.710644697006625,3.085718242717589,13.703678055629283,10.617959812911693
Kia Motors Cerato,Alagoas,111.54,0.0,164.57007789793732,119.94170568884232,192.5712334780092,72.62952778916687
Kia Motors Cerato,Bahia,379.80547945220025,423.314061271289,231.89504269787452,209.28074527221483,273.6483059510915,64.36756067887669
Kia Motors Cerato,Ceara,105.04,0.0,93.94799389655861,75.21049996409974,104.38730085198016,29.176800887880418
Kia Motors Cerato,Distrito Federal,309.86,0.0,87.51622600664918,84.40269533257462,90.47798523011873,6.07528989754411
Kia Motors Cerato,Esperito Santo,157.45,66.63702762781836,120.5905210819465,98.31035104836431,136.20258461653717,37.892233568172855
Kia Motors Cerato,Goias,185.64,0.0,106.91158426426416,68.31495669124367,129.03260886180033,60.71765217055666
Kia Motors Cerato,Maranhao,117.33,0.0,51.88069460121482,21.72756519161958,73.67931508406767,51.95174989244809
Kia Motors Cerato,Minas Gerais,278.79,9.458732379210158,107.10263518538024,87.08586826841535,116.10296774750495,29.017099479089595
Kia Motors Cerato,Parana,343.29,151.7172070261295,187.14072589823164,178.0631014750245,204.1351498591534,26.07204838412889
Kia Motors Cerato,Pernambuco,143.83,0.0,150.2957173817096,98.9453125617467,177.82882117400717,78.88350861226047
Kia Motors Cerato,Rio Grande do Norte,139.97,0.0,97.61080440930122,93.64888514246391,102.8811121610688,9.232227018604888
Kia Motors Cerato,Rio Grande do Sul,624.94,138.60210580215698,165.02647171476698,125.88694340245753,186.37993457546426,60.49299117300673
Kia Motors Cerato,Rio de Janeiro,1175.8627397261,435.6554406335947,328.3139093235399,319.79067277542083,349.5468592724074,29.756186496986572
Kia Motors Cerato,Santa Catarina,438.76643835613504,0.0,84.44996553076462,58.88861647391026,99.92784351717003,41.03922704325977
Kia Motors Cerato,Sao Paulo,933.52,344.25829119890307,312.2882593783993,296.2374181881247,344.8720562632256,48.634638075100895
Kia Motors Cerato,Tocantins,111.23,0.0,63.05101277513759,43.127780093825955,76.08955975948744,32.96177966566149
Kia Motors Magnetis,Rio Grande do Sul,101.59,59.65154050595531,73.41342432019569,69.25663288530487,76.60280299188695,7.346170106582079
Kia Motors Magnetis,Rio de Janeiro,173.12,308.52010166358593,140.83167994507266,130.953744426363,161.39720719082794,30.443462764464954
Kia Motors Magnetis,Sao Paulo,256.62,0.0,117.9654230657575,99.38168845208395,135.08768418130336,35.70599572921941
Kia Motors Picanto,Bahia,292.89,97.18665710676363,45.0590527412378,43.31702129943039,46.40183999005461,3.0848186906242248
Kia Motors Picanto,Distrito Federal,381.6527397261001,0.0,20.36265690336482,17.635929603988362,25.735851816514852,8.09992221252649
Kia Motors Picanto,Esperito Santo,182.8,32.57111597374179,28.11118294004789,26.849512482929473,29.324136649444107,2.4746241665146336
Kia Motors Picanto,Goias,111.92273972610012,0.0,27.6170136520115,25.191478081005023,30.428906228096693,5.23742814709167
Kia Motors Picanto,Minas Gerais,259.4,111.32228218966847,25.12330435045414,24.612633610528434,26.275681439619767,1.663047829091333
Kia Motors Picanto,Parana,286.68,96.5222547788475,39.112514866474484,37.27807660113516,40.660183552652114,3.3821069515169526
Kia Motors Picanto,Pernambuco,137.2,0.0,31.93733070541998,22.392867026322918,37.25316362725745,14.860296600934532
Kia Motors Picanto,Rio Grande do Sul,646.7354794522003,3.3553130591165954,39.26757591530147,37.174457845266794,43.03080369039307,5.8563458451262775
Kia Motors Picanto,Rio de Janeiro,1087.06,63.93115375416261,74.33684212365915,70.62659794099261,85.52727717286078,14.900679231868168
Kia Motors Picanto,Santa Catarina,495.26,60.17445382223479,19.669922464475977,16.01336467005857,21.679602268399037,5.666237598340466
Kia Motors Picanto,Sao Paulo,1431.9082191783004,44.56640386953026,63.03178949168922,53.39740015238105,67.02343299660733,13.626032844226273
Kia Motors Sorento,Parana,184.54821917783468,396.03199817155524,172.37078483472922,117.24672460687651,204.03887811669387,86.79215350981735
Kia Motors Sorento,Rio Grande do Norte,117.82000000000001,0.0,99.76289866379956,77.615645555943,112.21955260268878,34.603907046745775
Kia Motors Sorento,Rio Grande do Sul,442.3273972605355,230.928494668475,206.35095951544344,199.7451632832347,217.51177276185948,17.766609478624787
Kia Motors Sorento,Rio de Janeiro,232.81,437.7604054808642,370.7243632782734,359.3885170309793,381.7328852187737,22.344368187794373
Kia Motors Sorento,Santa Catarina,268.68821917830036,0.0,99.01226885324262,66.13456214549947,118.36647092327364,52.231908777774166
Kia Motors Sorento,Sao Paulo,361.97273972610014,264.1911655346254,332.7626263845249,315.6184683159167,346.55392511197067,30.935456796053984
Kia Motors Sportage,Alagoas,113.89547945220023,0.0,134.3718075399009,95.32978609450304,185.07725017575703,89.747464081254
Kia Motors Sportage,Bahia,728.5,191.49897048730267,167.71967886152586,123.9713995843485,237.61354627341183,113.64214668906332
Kia Motors Sportage,Distrito Federal,317.9554794522002,0.0,74.45466916615008,61.17118502379224,98.38791881113761,37.21673378734537
Kia Motors Sportage,Esperito Santo,190.69547945220023,0.0,115.5630917044571,96.09746611204885,140.50468738847627,44.40722127642742
Kia Motors Sportage,Goias,239.77,0.0,96.6766710971755,74.93571457916481,138.18286376369505,63.247149184530244
Kia Motors Sportage,Maranhao,107.93547945220023,0.0,44.375640069389625,19.500540090491292,75.89874757861593,56.39820748812463
Kia Motors Sportage,Minas Gerais,439.5982191783003,68.20773763835139,100.36335384180575,86.52993660897528,122.49449101339755,35.96455440442227
Kia Motors Sportage,Para,154.74547945220024,0.0,80.84055094114072,54.37289250664285,116.07726513546949,61.70437262882664
Kia Motors Sportage,Paraiba,144.65,0.0,59.95776229298843,51.58347865686153,75.55143356286689,23.96795490600536
Kia Motors Sportage,Parana,838.6582191783003,35.61880074253366,109.959648887889,35.38310311029748,194.71199380445535,159.32889069415785
Kia Motors Sportage,Pernambuco,248.23,0.0,138.21687839331932,99.31563940254021,202.2468720260453,102.9312326235051
Kia Motors Sportage,Rio Grande do Norte,148.84,0.0,82.66193074989523,67.37149791626295,110.1195079112522,42.748009994989246
Kia Motors Sportage,Rio Grande do Sul,1601.0573972605355,203.36435193211025,163.22555194489038,132.65303431474467,195.18506030375906,62.532025989014386
Kia Motors Sportage,Rio de Janeiro,1931.5664383556693,296.83783514487834,288.02561666084,256.5973115382285,371.04346973009757,114.44615819186907
Kia Motors Sportage,Santa Catarina,992.4019178078696,138.97998132113875,87.3874580951851,78.01208889353022,101.73634426291989,23.724255369389667
Kia Motors Sportage,Sao Paulo,3327.303698630035,471.1457510312188,427.15604240901973,318.31029281371775,471.6806569527889,153.37036413907117
Kia Motors Sportage,Sergipe,171.33547945220025,0.0,58.95357403878937,47.462778432448516,86.93060636047483,39.46782792802631
Land Rover Defender,Minas Gerais,114.16,351.0073580939033,74.52052695063763,52.676552803934854,101.80934088802435,49.1327880840895
Land Rover Defender,Rio de Janeiro,312.8,0.0,245.0308602518483,196.04098103286964,280.0416094760183,84.00062844314868
Land Rover Defender,Sao Paulo,533.8564383566007,372.871779186137,239.28478837249781,169.3869540991297,270.0906971716859,100.70374307255622
Land Rover Discovery,Parana,103.09821917830035,0.0,194.26192487573252,156.52672271271294,241.61967331664027,85.09295060392733
Land Rover Discovery,Rio de Janeiro,313.98547945220025,420.36657309846527,366.1601882872864,271.2170942720606,413.35514370441126,142.13804943235067
Land Rover Discovery,Santa Catarina,142.21,1074.7345475001757,199.0605268413456,88.17798643241315,1076.851947993177,988.6739615607638
Land Rover Discovery,Sao Paulo,696.3182191778346,180.57548479553344,276.68344557091325,179.982724331039,349.95879969903007,169.97607536799106
Land Rover Freelander,Bahia,110.47273972610012,0.0,166.38592684016217,153.24340870744655,180.9335631891077,27.690154481661153
Land Rover Freelander,Minas Gerais,169.3182191778347,7.288052083183863,86.63211359814152,82.6286310462402,93.01027085578794,10.381639809547735
Land Rover Freelander,Parana,170.81,0.0,123.71464591795346,90.28135152141161,138.8936501587664,48.6122986373548
Land Rover Freelander,Rio Grande do Sul,144.01643835566938,0.0,138.46925613359076,128.75084488274618,144.15548133476634,15.404636452020156
Land Rover Freelander,Rio de Janeiro,425.2419178088009,417.475306561431,262.27604260971003,236.47233367194372,277.60215511538826,41.12982144344454
Land Rover Freelander,Santa Catarina,171.17191780833528,589.2029562520262,130.30831196722843,73.17744627612745,590.7620069193622,517.5845606432347
Land Rover Freelander,Sao Paulo,1618.0646575339697,187.63959683955085,224.13992707176584,194.99808746096718,239.12918864833892,44.13110118737174
Land Rover Range Rover,Sao Paulo,231.88369863003493,687.9698786180086,557.5623193964423,411.91498054343487,696.7245316422669,284.80955109883206
Lexus,Sao Paulo,127.7,0.0,130.30748043012593,111.13378429594975,150.18279152751543,39.04900723156568
Marcopolo Volare,Minas Gerais,330.834794519674,0.0,0.8833872967397507,0.36075760360355397,1.8536530629168746,1.4928954593133206
Marcopolo Volare,Parana,112.71191780786961,0.0,1.4014989819433077,0.5824839010777397,3.037425360565307,2.4549414594875674
Marcopolo Volare,Rio Grande do Sul,101.62,0.0,1.4960954721156539,0.697364145778116,3.1847998776108675,2.4874357318327514
Marcopolo Volare,Sao Paulo,580.9336986300349,0.0,2.359778518219294,1.11162664792323,4.898695175738752,3.7870685278155216
Mazda - Todos,Sao Paulo,116.5,174.30901287553647,147.9940106421638,84.6307418376914,419.8450553518406,335.2143135141492
Mercedes-benz - Outros,Bahia,129.28,0.0,244.16032976012045,220.72157223934718,310.2306260450564,89.50905380570921
Mercedes-benz - Outros,Distrito Federal,284.7727397261001,0.0,90.58491737925847,88.99459738980777,91.84197376341362,2.8473763736058544
Mercedes-benz - Outros,Esperito Santo,110.98273972610012,0.0,143.56603390351015,133.16205793197156,163.70197586757237,30.539917935600812
Mercedes-benz - Outros,Goias,111.97547945220023,0.0,123.13370018360669,104.79038119295657,136.8944797340866,32.104098541130014
Mercedes-benz - Outros,Minas Gerais,393.4628767118044,303.50258453345293,145.93750891258662,107.41419965497015,304.13459869072585,196.7203990357557
Mercedes-benz - Outros,Parana,576.586575342305,99.9555009857535,182.9111762617208,173.2070506393165,197.0994579986822,23.892407359365706
Mercedes-benz - Outros,Pernambuco,107.39,0.0,157.36286009831488,113.86231739688168,189.02816957288888,75.1658521760072
Mercedes-benz - Outros,Rio Grande do Sul,625.6136986305006,318.27947571462,186.87723818195568,179.853711122927,193.94778200122116,14.094070878294161
Mercedes-benz - Outros,Rio de Janeiro,598.8973972600699,561.3883138216408,398.64400811321144,333.1267346938986,562.1307669420285,229.00403224812987
Mercedes-benz - Outros,Santa Catarina,375.77191780880094,1.4609926234012527,100.6843775488276,96.74494278696069,103.34483652314105,6.599893736180363
Mercedes-benz - Outros,Sao Paulo,3881.9289041086845,271.53124800517696,289.7484767217452,274.0198626809559,301.8066485499604,27.786785869004518
Mercedes-benz Atego,Esperito Santo,133.76,1373.3253588516748,604.2486375670233,557.5424164273327,707.0942336362456,149.5518172089129
Mercedes-benz Atego,Minas Gerais,387.3009589039348,450.7863871395807,522.7541270946588,504.73305579598355,551.8481590854618,47.11510328947827
Mercedes-benz Atego,Parana,590.8409589044005,852.2919618399013,840.9037710963576,793.5581619309012,925.0203172865323,131.46215535563113
Mercedes-benz Atego,Rio Grande do Sul,571.8691780822352,0.0,102.2614371202712,0.2019058651659324,862.2439810421943,862.0420751770283
Mercedes-benz Atego,Rio de Janeiro,200.76095890440047,1965.541518398031,1620.4915019242962,1485.7823645456585,1853.478819058615,367.6964545129565
Mercedes-benz Atego,Santa Catarina,533.8664383566007,1052.3250004802514,563.2680916925053,424.5368554959726,1052.7878892924343,628.2510337964618
Mercedes-benz Atego,Sao Paulo,1289.7191780822352,1270.4331515302363,1289.994397302796,1247.906884873856,1322.3211349865342,74.41425011267825
Mercedes-benz Axor,Goias,221.49369863050057,0.0,115.93900421932017,1.8446026816637695,521.0118113791148,519.167208697451
Mercedes-benz Axor,Mato Grosso,210.75,0.0,87.73164010127118,1.3882972301012717,382.4077022873407,381.01940505723945
Mercedes-benz Axor,Minas Gerais,505.1827397261001,726.210480189622,471.90124488824574,383.08697995513836,727.0823009225443,343.9953209674059
Mercedes-benz Axor,Parana,559.1391780822352,1285.4205682118975,804.5644414382793,656.7370246017454,1286.532294857168,629.7952702554226
Mercedes-benz Axor,Rio Grande do Sul,195.94095890440047,3441.2406868386356,2394.964432270526,807.447213826672,3445.6868350171612,2638.2396211904893
Mercedes-benz Axor,Rio de Janeiro,169.78,0.0,129.509093871632,0.11690092457885755,1421.9368476219315,1421.8199466973526
Mercedes-benz Axor,Santa Catarina,349.8819178078696,0.0,95.35626131032339,1.4597087578212906,427.18312008561475,425.72341132779343
Mercedes-benz Axor,Sao Paulo,1695.5154794522002,1051.9762406275834,1110.0453498609133,1051.2626749895817,1270.5641034404673,219.30142845088562
Mercedes-benz Caminhoes - Outros,Alagoas,300.78739726006984,1296.9758824791975,609.0552886452298,445.4622644485292,1298.7728142895407,853.3105498410116
Mercedes-benz Caminhoes - Outros,Amazonas,232.82013698616996,0.0,215.44646004471753,196.52415056249598,251.74218398762284,55.21803342512686
Mercedes-benz Caminhoes - Outros,Bahia,1468.5573972600698,506.11709245190247,557.9356526396264,505.6176283875351,595.4065533713801,89.78892498384505
Mercedes-benz Caminhoes - Outros,Ceara,1235.06287671227,115.23299961768342,222.18084708766636,114.94892444524014,284.06497906978046,169.1160546245403
Mercedes-benz Caminhoes - Outros,Distrito Federal,403.46095890440046,758.9904134257489,307.48676899444024,218.59771419124763,760.1490751777035,541.5513609864558
Mercedes-benz Caminhoes - Outros,Esperito Santo,1300.17739726007,127.64719672080471,210.0280149339125,127.40543232811115,346.363513836749,218.95808150863786
Mercedes-benz Caminhoes - Outros,Goias,1198.8601369866356,225.00039135341356,306.63146863393837,224.82167961195282,366.4720414106421,141.65036179868926
Mercedes-benz Caminhoes - Outros,Maranhao,579.5682191778347,824.380951525909,268.37046018207593,172.33025614376254,825.3083155769983,652.9780594332358
Mercedes-benz Caminhoes - Outros,Mato Grosso,1097.604657534901,288.0044265755572,246.20338504366015,236.04895069252913,255.11903629012406,19.070085597594925
Mercedes-benz Caminhoes - Outros,Mato Grosso do Sul,476.59931506933646,198.69730611388528,100.03645385998941,94.57083803880953,105.65062798177999,11.079789942970464
Mercedes-benz Caminhoes - Outros,Minas Gerais,7153.288767124843,542.8459728686121,542.8798826624428,542.3991087000252,543.3163332704446,0.9172245704194211
Mercedes-benz Caminhoes - Outros,Para,607.7209589044005,110.0669625095526,250.6023667428682,185.16587142353904,302.5419774960672,117.37610607252816
Mercedes-benz Caminhoes - Outros,Paraiba,387.2491780822352,0.0,29.226316324215322,0.10418336126997359,188.7755261431253,188.67134278185532
Mercedes-benz Caminhoes - Outros,Parana,4916.134246576112,395.7438715907693,395.57996796414045,394.91980500257375,396.1682292735095,1.2484242709357432
Mercedes-benz Caminhoes - Outros,Pernambuco,1140.163698630035,585.0931763584099,470.4449427274345,441.09041355248615,528.9237917770067,87.83337822452057
Mercedes-benz Caminhoes - Outros,Piaui,435.96821917783467,0.0,61.743208664889984,50.123288548037955,70.66010308666405,20.536814538626096
Mercedes-benz Caminhoes - Outros,Rio Grande do Norte,427.69821917830035,0.0,44.70389946380327,0.18066894648310886,292.6171516282014,292.4364826817183
Mercedes-benz Caminhoes - Outros,Rio Grande do Sul,4332.274794521071,475.8167701196993,488.937420656027,461.5898815487925,510.3484229979136,48.75854144912108
Mercedes-benz Caminhoes - Outros,Rio de Janeiro,3889.2602739728054,938.4632919595448,915.4548054878751,868.0910467429131,939.1462111778875,71.05516443497436
Mercedes-benz Caminhoes - Outros,Santa Catarina,3493.6602739728055,649.9195176232737,649.8992405858181,649.2189284738062,650.5444251544792,1.3254966806730408
Mercedes-benz Caminhoes - Outros,Sao Paulo,14831.299863014481,1074.4320556648192,1074.552663358639,1074.0153232747796,1075.188486494535,1.1731632197554518
Mercedes-benz Caminhoes - Outros,Sergipe,498.2727397261001,0.0,29.15345966028119,0.09315850371547713,204.41865090413935,204.32549240042388
Mercedes-benz Caminhoes - Outros,Tocantins,134.26547945220022,0.0,187.32354179672114,182.52884977557224,194.63320009604558,12.104350320473344
Mercedes-benz Classe A,Bahia,154.66191780786963,0.0,197.49780317327287,178.53774299834674,232.08041989319915,53.542676894852406
Mercedes-benz Classe A,Distrito Federal,384.2627397261001,61.53341855849463,69.1852455642711,52.586186391497364,77.30927944948333,24.723093057985963
Mercedes-benz Classe A,Esperito Santo,213.24547945220024,0.0,121.5113003450313,109.11171568773788,160.13296409024312,51.021248402505236
Mercedes-benz Classe A,Minas Gerais,674.8219178088009,55.23234947825209,94.4377324943196,89.78247512656763,102.44955750382304,12.667082377255412
Mercedes-benz Classe A,Parana,1035.6336986300348,67.95935676205009,137.0593772669883,109.21927026683166,150.4711632916358,41.25189302480415
Mercedes-benz Classe A,Pernambuco,126.25273972610012,0.0,143.70325040742821,140.35496755495336,145.697299613668,5.342332058714646
Mercedes-benz Classe A,Rio Grande do Sul,1425.4391780817696,283.6781857954544,179.25718925231897,147.19463044418472,283.88283579771115,136.68820535352643
Mercedes-benz Classe A,Rio de Janeiro,1048.61,300.0610331772537,264.82218600321676,230.45529918882224,286.75361773733357,56.29831854851133
Mercedes-benz Classe A,Santa Catarina,644.6928767127357,80.5081021906918,87.33928237055048,81.79642588602692,93.17884578755653,11.382419901529602
Mercedes-benz Classe A,Sao Paulo,4106.90205479404,249.58350268019825,247.91915835284027,226.59909920289175,263.0517142888516,36.45261508595985
Mercedes-benz Sprinter,Bahia,291.1109589044005,906.3451303688164,413.7581962970014,402.6564895139005,442.07171935477845,39.41522984087794
Mercedes-benz Sprinter,Distrito Federal,157.53287671227008,0.0,152.83877961848518,146.94209788660447,158.37594368681584,11.433845800211373
Mercedes-benz Sprinter,Esperito Santo,119.78643835613504,0.0,236.0232505030267,219.8859783505114,251.2768852533762,31.3909069028648
Mercedes-benz Sprinter,Minas Gerais,885.5538356171362,214.67017854145396,208.68644597585086,197.74080529009757,225.6392037440665,27.898398453968923
Mercedes-benz Sprinter,Parana,502.666438356135,448.5061718806682,340.438589623413,318.3154665067668,379.8507900701979,61.535323563431064
Mercedes-benz Sprinter,Pernambuco,169.33369863050058,0.0,276.75427654021456,212.28094549359977,315.61498070086355,103.33403520726378
Mercedes-benz Sprinter,Rio Grande do Sul,735.2010958905704,176.84549265056066,286.8063012628528,176.55719932386742,344.58410790646536,168.02690858259794
Mercedes-benz Sprinter,Rio de Janeiro,908.7201369871013,377.1304123800488,388.76850097501165,374.2527429959142,429.16806009173166,54.91531709581744
Mercedes-benz Sprinter,Santa Catarina,475.39657534183937,187.30887982516586,196.04090024446117,171.93352185593514,247.4256908805189,75.49216902458377
Mercedes-benz Sprinter,Sao Paulo,3916.2813698638415,2356.103948762191,2355.959541700782,2354.6396002159454,2357.2394957416,2.599895525654574
Mitsubishi - Outros,Acre,162.33369863003492,0.0,105.89228884967078,83.43475771515209,129.33245738183237,45.89769966668028
Mitsubishi - Outros,Alagoas,456.9991780817695,665.9771277434188,623.1285360285597,603.8579398933456,642.3259693647394,38.468029471393834
Mitsubishi - Outros,Amapa,120.64821917830035,0.0,12.155766623699618,3.40756696908264,80.40189059063954,76.9943236215569
Mitsubishi - Outros,Amazonas,220.91547945220023,12.977813990713749,257.3992818984406,233.92783946723378,281.1014462824177,47.173606815183945
Mitsubishi - Outros,Bahia,1516.1746575339698,688.8777587793172,755.6915232439777,690.1917701903604,814.5808593231222,124.3890891327618
Mitsubishi - Outros,Ceara,1482.1191780817694,594.2241440663759,466.2750171143347,360.23453947908797,594.967423538795,234.73288405970698
Mitsubishi - Outros,Distrito Federal,913.3509589039348,258.32676661679204,283.9855673026529,217.861436837816,333.33700491457023,115.47556807675423
Mitsubishi - Outros,Esperito Santo,666.8327397261002,309.9067992445653,401.54221509135357,266.33182078358146,488.3097613405716,221.97794055699012
Mitsubishi - Outros,Goias,1689.83287671227,546.2421833074385,468.11079235419595,427.60380626111873,546.6867262301291,119.08291996901039
Mitsubishi - Outros,Maranhao,558.8582191783004,207.13124729595938,188.9836204158309,88.63732599530616,266.947903032007,178.31057703670083
Mitsubishi - Outros,Mato Grosso,1090.0719178083352,379.099757776404,335.7592376531703,295.25221756503703,379.25037829397917,83.99816072894214
Mitsubishi - Outros,Mato Grosso do Sul,836.2791780822351,0.6887652055631586,35.02135902949518,0.7068423705067327,133.97878707124931,133.27194470074258
Mitsubishi - Outros,Minas Gerais,3375.8247945215367,346.37224120682674,383.70266516577544,346.0957156883045,407.14690951168126,61.051193823376764
Mitsubishi - Outros,Para,1265.0756164374388,405.87534320355945,361.0655029496785,338.3997849092618,387.3894700456008,48.98968513633895
Mitsubishi - Outros,Paraiba,437.9082191783003,400.45834336943136,241.68743935211245,210.05747663964567,261.09639547177943,51.03891883213376
Mitsubishi - Outros,Parana,2209.3012328762748,980.997958878781,981.2781845112265,979.9497380321441,982.4121292629517,2.4623912308076115
Mitsubishi - Outros,Pernambuco,582.4,190.9941620879121,509.3565825481301,304.1732303560429,646.8010001711207,342.6277698150778
Mitsubishi - Outros,Piaui,371.68369863003494,0.0,68.6378137810755,38.933108930887705,91.32516494829943,52.392056017411726
Mitsubishi - Outros,Rio Grande do Norte,527.61,435.88635545194364,346.0309158149071,301.8221080314152,377.06038635397124,75.23827832255603
Mitsubishi - Outros,Rio Grande do Sul,1870.9184931506402,201.35404154651647,201.54901438482548,200.96634080395438,202.100979334304,1.134638530349605
Mitsubishi - Outros,Rio de Janeiro,2259.5838356166705,678.8789934768477,689.0415776881013,678.1258377585398,720.8333117206606,42.707473962120844
Mitsubishi - Outros,Rondonia,140.09,0.0,7.151907574931707,1.5638063844630496,140.6944510273199,139.13064464285685
Mitsubishi - Outros,Santa Catarina,1737.798630138673,570.0735302806322,467.83392714912065,371.91162277964474,570.9317161225033,199.02009334285856
Mitsubishi - Outros,Sao Paulo,8599.979452054109,693.8660764561156,693.8874967549294,693.3889571510749,694.3448851832292,0.9559280321542474
Mitsubishi - Outros,Sergipe,225.98,0.0,212.02075813701583,137.5184235447932,287.48170632040325,149.96328277561005
Mitsubishi - Outros,Tocantins,419.03000000000003,528.4275588859986,303.4264360968761,236.61975559818043,529.2762689805686,292.6565133823882
Mitsubishi Galant,Sao Paulo,121.92273972610012,0.0,26.473990847639207,7.101867841166558,149.14782249221636,142.0459546510498
Mitsubishi Pajero,Alagoas,338.77,448.1093367181274,240.96335268992533,191.93063440203244,270.15160488475203,78.2209704827196
Mitsubishi Pajero,Amazonas,161.24821917830036,3.404688763681432,111.01472337262702,108.35358719265179,113.12679947370574,4.773212281053958
Mitsubishi Pajero,Bahia,1433.0309589044004,204.72062950007154,306.60913587132666,249.809609729149,352.7842280088946,102.97461827974561
Mitsubishi Pajero,Ceara,1515.606438356135,379.78922854426656,229.3499508202625,142.29455391735047,380.27378582725595,237.97923190990548
Mitsubishi Pajero,Distrito Federal,1462.2209589044005,85.2675508723518,128.48811028454224,123.66520521307862,139.20223554411677,15.537030331038153
Mitsubishi Pajero,Esperito Santo,418.606438356135,434.42236749661976,213.693176392634,197.28457375440965,256.1004885207427,58.815914766333066
Mitsubishi Pajero,Goias,955.0946575339698,110.51679450551818,167.56744817895614,120.6031044500954,194.2979085633029,73.69480411320751
Mitsubishi Pajero,Maranhao,229.47561643790453,0.0,87.9933459622718,53.71919873835846,105.6671898194573,51.94799108109885
Mitsubishi Pajero,Mato Grosso,588.12,133.23981500374074,120.71858152698476,84.09234282120055,147.84120311832322,63.748860297122675
Mitsubishi Pajero,Mato Grosso do Sul,388.49465753396976,1.6679766051695042,55.704293127240675,52.55027431778087,57.20627257260096,4.655998254820091
Mitsubishi Pajero,Minas Gerais,2739.2538356171362,153.47975223525864,173.18770355716606,157.80360630411005,192.18927019917473,34.38566389506468
Mitsubishi Pajero,Para,659.6691780827008,144.41935922623387,139.8786159163882,108.5322431380714,162.48981121080828,53.95756807273689
Mitsubishi Pajero,Paraiba,336.1382191778347,0.0,107.06661783938293,99.71868712593111,119.37921951775226,19.66053239182115
Mitsubishi Pajero,Parana,2170.5128767127358,641.0678392783182,639.9971238781984,636.3993239569896,641.8014440799041,5.402120122914425
Mitsubishi Pajero,Pernambuco,664.9491780822351,244.8954076004001,277.28726790802693,256.26864793383703,338.6493742153288,82.38072628149177
Mitsubishi Pajero,Piaui,175.87547945220024,204.00797263925318,35.597953777878324,27.76256326514096,41.214483160993915,13.451919895852953
Mitsubishi Pajero,Rio Grande do Norte,590.5246575339697,292.6804118929746,177.88405282260703,141.35973470978922,293.26383259527347,151.90409788548425
Mitsubishi Pajero,Rio Grande do Sul,2013.29027397234,275.69298236605187,266.6936172361964,244.15574428257332,282.6896424649895,38.53389818241618
Mitsubishi Pajero,Rio de Janeiro,3976.77027397234,402.8653630021434,461.2641876063363,395.85046744816657,500.9087859600953,105.05831851192875
Mitsubishi Pajero,Santa Catarina,2002.1732876703143,245.6210973487814,169.71617187431914,147.32521321919108,245.78973844872144,98.46452522953035
Mitsubishi Pajero,Sao Paulo,13750.951232877671,257.5526550870363,257.0940437764634,255.51494339605955,257.7477019785988,2.2327585825392475
Mitsubishi Pajero,Sergipe,142.80547945220025,0.0,105.97917642847094,93.94767582140706,118.45967119226762,24.51199537086056
Mitsubishi Pajero,Tocantins,138.9119178078696,567.82744954322,98.79509433742425,71.35198451096831,114.92718001042633,43.57519549945802
Mitsubishi Space Wagon,Sao Paulo,130.79,0.0,188.88053690971236,113.88348234344087,299.5335272830571,185.6500449396162
Nissan - Outros,Parana,145.9,0.0,63.02431044623129,55.780816926076,68.470784313568,12.689967387492004
Nissan - Outros,Rio de Janeiro,119.82,400.8512769153731,120.16359507416202,106.74093136239107,135.86531521515352,29.12438385276245
Nissan - Outros,Sao Paulo,288.42,0.0,112.22353983708635,97.50231258460046,131.77708215161073,34.27476956701027
Nissan - Tiida,Bahia,239.4127397261001,147.2937490308316,177.51456695644458,176.25384611593051,179.66721040025251,3.4133642843220002
Nissan - Tiida,Distrito Federal,192.6427397261001,0.0,60.905961969828915,40.988770397815316,72.99708650598195,32.00831610816664
Nissan - Tiida,Minas Gerais,204.08369863003492,0.0,84.36876875751274,67.14682511219462,102.07274681265999,34.925921700465366
Nissan - Tiida,Parana,448.66095890440045,459.94195818578066,191.93107489410852,138.57241636524026,460.85870993633125,322.286293571091
Nissan - Tiida,Pernambuco,133.05369863003492,0.0,134.7169983633399,116.16023254017924,145.95908979629394,29.7988572561147
Nissan - Tiida,Rio Grande do Sul,543.54,370.3885638591456,179.00840938477782,136.83789549417463,370.5504216384947,233.71252614432007
Nissan - Tiida,Rio de Janeiro,871.1509589044005,362.5112235394508,272.7500326068872,256.7300880664948,298.3599350353617,41.6298469688669
Nissan - Tiida,Santa Catarina,322.1775342467055,3.408058859744122,68.93157802769721,44.306970166615294,85.44551705446943,41.13854688785414
Nissan - Tiida,Sao Paulo,1804.1991780817696,78.32782639345331,175.27525842922586,78.09900846464859,234.307930792938,156.20892232828942
Nissan Frontier,Alagoas,172.7964383566007,0.0,283.0768302605631,258.9820865773003,320.8733071333368,61.8912205560365
Nissan Frontier,Amazonas,113.82000000000001,0.0,115.864007268854,110.02431995713602,120.42192691370535,10.397606956569334
Nissan Frontier,Bahia,327.2809589039348,557.7715263709626,318.36117785694563,292.5389687863669,352.9888398595678,60.44987107320088
Nissan Frontier,Ceara,315.61,458.35049586515,194.0631482439694,134.68482866742062,459.42208694428183,324.7372582768612
Nissan Frontier,Distrito Federal,381.80369863003494,535.5134084180814,184.22474967005263,125.91541316233095,536.4430006137733,410.52758745144234
Nissan Frontier,Esperito Santo,143.57369863003493,0.0,196.79115626618855,182.02804990983768,230.70333649206975,48.675286582232076
Nissan Frontier,Goias,486.5391780827008,248.88848720712215,173.5406364320683,142.7868431568758,198.46659399479276,55.67975083791697
Nissan Frontier,Maranhao,244.6727397261001,0.0,87.7846450883423,56.639441112966495,105.94037043674896,49.30092932378247
Nissan Frontier,Mato Grosso,215.92,2.667654686921082,144.48583036510735,122.50428837889298,178.29148851035205,55.78720013145907
Nissan Frontier,Mato Grosso do Sul,241.5264383566007,171.81555891918737,54.81877736436863,52.31398974572203,58.25439170420977,5.94040195848774
Nissan Frontier,Minas Gerais,965.6428767132014,106.56216959860812,164.190525200684,148.83758106182069,177.85936511426507,29.02178405244439
Nissan Frontier,Para,202.61,726.9878090913577,224.83404273556593,149.07737446785475,728.5934367831154,579.5160623152607
Nissan Frontier,Paraiba,165.71273972610012,0.0,111.57297072790202,101.14016994563808,139.4499279975913,38.30975805195321
Nissan Frontier,Parana,866.1873972605355,265.89280879449865,260.16741897396804,223.89823083259674,285.9192181095116,62.02098727691484
Nissan Frontier,Pernambuco,374.44369863003493,591.8032558986832,280.4305337624027,230.9940812175321,387.76794340954444,156.77386219201233
Nissan Frontier,Piaui,135.5891780817695,0.0,38.62761284687097,32.333721692487835,42.72248066049403,10.388758968006194
Nissan Frontier,Rio Grande do Norte,247.08013698663564,372.8709281271897,156.95070783665238,141.00406763932716,198.20868364084842,57.20461600152126
Nissan Frontier,Rio Grande do Sul,853.9773972605356,71.22436752438252,196.78368101310292,74.87304818492062,279.47605214827394,204.60300396335333
Nissan Frontier,Rio de Janeiro,774.2464383561351,577.9271015440951,513.3588368229689,483.56073918172075,601.2660080482236,117.70526886650288
Nissan Frontier,Santa Catarina,596.0693150688708,1.103898461748486,44.876381999606934,1.1011972459017376,156.69759554379584,155.5963982978941
Nissan Frontier,Sao Paulo,1893.3319178083352,310.12100650565344,416.97179441436145,347.00603571553626,460.8614287803768,113.85539306484054
Nissan Frontier,Sergipe,153.22739725960417,0.0,87.8757037477856,56.31991059912447,110.56677706260459,54.24686646348012
Nissan Pathfinder,Sao Paulo,239.1427397261001,247.03237935494985,202.27777546996015,111.33877567034573,283.5355230462928,172.19674737594704
Nissan Sentra,Bahia,321.2427397261001,121.39418320628772,265.639956289016,230.536102197141,322.1831357936269,91.6470335964859
Nissan Sentra,Ceara,129.81273972610012,0.0,112.20892410453706,102.15317358828074,138.58274317912768,36.42956959084694
Nissan Sentra,Distrito Federal,225.6582191778347,0.0,114.51900058560197,95.13546558775042,136.23395403732084,41.098488449570425
Nissan Sentra,Esperito Santo,111.69369863003493,189.83165800813063,160.78113928900643,131.54634858763092,209.50840197800994,77.96205339037903
Nissan Sentra,Goias,160.78191780880093,0.0,137.22693184817882,111.7723126044097,185.8857773143553,74.11346470994559
Nissan Sentra,Mato Grosso,100.29821917830034,511.544476266238,107.08154052257458,95.52106113714169,143.56884537704056,48.047784239898874
Nissan Sentra,Mato Grosso do Sul,139.46,0.0,44.467724373299994,37.484440308787796,57.12610110989146,19.64166080110366
Nissan Sentra,Minas Gerais,397.3046575339697,259.3677120213205,129.06864875839733,113.52711780231398,174.0887128808844,60.56159507857042
Nissan Sentra,Parana,708.7664383566007,176.36557437713765,210.59789872024325,172.0422459649172,284.92315546915034,112.88090950423313
Nissan Sentra,Pernambuco,280.56821917830035,153.80573083573796,186.4680186979193,137.229836671186,260.820251104417,123.59041443323102
Nissan Sentra,Rio Grande do Norte,110.62369863003492,0.0,116.27793149551107,96.26405133031038,162.31433234260817,66.05028101229779
Nissan Sentra,Rio Grande do Sul,593.1901369866356,593.4033255983326,281.7714011968536,191.6101146149595,594.4153038634257,402.8051892484662
Nissan Sentra,Rio de Janeiro,953.52013698617,540.1679314586626,445.841885318164,346.73401437940856,550.9905269879242,204.25651260851566
Nissan Sentra,Santa Catarina,372.4293150684051,215.4583346513997,128.66785340795232,104.97352661056635,162.81176102762637,57.83823441706002
Nissan Sentra,Sao Paulo,2717.914794521071,165.01326712084423,228.82876117117962,164.7536293082849,327.37908122946516,162.62545192118026
Nissan Xterra,Parana,101.27,0.0,127.25008440911016,97.78204477822833,153.71839383578742,55.9363490575591
Nissan Xterra,Rio Grande do Sul,118.27821917783469,512.0046651103853,141.35177623604787,95.87199825370077,215.2815988755615,119.40960062186075
Nissan Xterra,Rio de Janeiro,133.66,0.0,233.70281857122677,187.74759848051966,284.6028672378798,96.85526875736016
Nissan Xterra,Sao Paulo,184.67000000000002,284.51291492933336,239.93986757212485,172.54669853657552,313.5119503021361,140.96525176556057
Outros,Acre,873.6727397261001,0.6375384908708743,40.47649826951497,35.030247660540084,47.2124674805809,12.182219820040814
Outros,Alagoas,2906.5454794522,113.27089231098141,172.33565634160811,112.95766505092455,268.8905932124234,155.93292816149886
Outros,Amapa,373.14,0.0,5.124006341242001,1.3742172172416354,36.45605114671289,35.08183392947125
Outros,Amazonas,2203.248219177835,35.04870641802485,86.5741434809913,34.996521889116984,117.53748035483152,82.54095846571454
Outros,Bahia,12316.80013698617,231.13357108485135,231.1461481878348,230.922903257309,231.33291339194008,0.4100101346310794
Outros,Ceara,7137.598219177835,212.3958162742627,160.91242919372624,128.43602410481049,212.51503422415317,84.07901011934268
Outros,Distrito Federal,14288.4,87.66775846140926,86.29552932468079,82.28684037393015,87.77387936066438,5.487038986734234
Outros,Esperito Santo,4490.145479452201,215.53310564852097,204.21689211328686,189.4965835990346,224.85144180845143,35.35485820941682
Outros,Goias,13683.8246575349,173.2120996372797,173.1564467406825,167.6615929803918,181.10546621907787,13.44387323868608
Outros,Maranhao,2759.1254794522,31.49874866048318,77.65880088190947,31.4122654379223,106.33347143042975,74.92120599250745
Outros,Mato Grosso,5763.79,196.1346613946726,149.62490446670273,132.51648702386717,196.2812306420009,63.764743618133735
Outros,Mato Grosso do Sul,3915.498219177835,67.20881616318465,57.90191506855062,52.168179308323886,67.30765215182214,15.139472843498254
Outros,Minas Gerais,32231.553013699373,143.94639929475395,143.9409652264653,143.84770466648797,144.04774052601283,0.20003585952485992
Outros,Para,5086.933698630501,151.80559561998965,158.5731743119029,151.61623817962143,163.20225692957143,11.58601874995
Outros,Paraiba,3307.37,110.17394485648718,96.14984996041063,80.18974615403646,102.54338069171382,22.353634537677365
Outros,Parana,21441.557534246705,220.76082823925776,228.0152348525269,220.63955684263505,251.31660714160003,30.677050298964986
Outros,Pernambuco,12279.959315069336,135.83758359467998,135.85738541940447,135.6886117882186,136.00856035438343,0.3199485661648396
Outros,Piaui,2214.908219177835,28.046308854756383,32.208380953036105,20.630302762256388,40.12040958420974,19.49010682195335
Outros,Rio Grande do Norte,3821.0764383556693,95.50868868696274,135.1230921563493,99.55916103502568,156.47070314662736,56.911542111601676
Outros,Rio Grande do Sul,26207.40835616447,198.01774862562195,198.05559743253784,197.8950304037081,198.22654367248782,0.3315132687797302
Outros,Rio de Janeiro,35008.495616438835,521.3707324067153,518.3431189286209,512.4517823372514,521.5373070808585,9.085524743607039
Outros,Roraima,469.19547945220023,0.0,17.48827855073751,7.482939904842681,53.57195613889203,46.089016234049346
Outros,Santa Catarina,16603.858767125308,228.56596488968188,228.59605309072344,228.39163408148386,228.78731398734513,0.39567990586127166
Outros,Sao Paulo,88508.29150685002,590.3166484233437,590.5895561143052,590.2032390935965,591.4265014381903,1.2232623445937634
Outros,Sergipe,1877.9927397261001,211.34799491178447,125.91607428791495,86.10374085058436,211.5993664339078,125.49562558332343
Outros,Tocantins,1443.7282191778347,55.64066625070598,92.2845882189828,55.49200360279813,110.23221437408262,54.74021077128449
Peugeot 106,Rio de Janeiro,102.47369863003492,85.30969523762003,97.65284303364646,66.65078616779687,139.3145679538423,72.66378178604543
Peugeot 106,Sao Paulo,332.9527397261001,62.15897192203715,88.44297976278789,69.77316561735864,115.8406637867593,46.06749816940065
Peugeot 206,Alagoas,348.1636986300349,118.38971197224114,118.4488079970029,109.81339996211935,123.79538178108314,13.981981818963789
Peugeot 206,Amazonas,205.14,198.37671833869553,44.875896660383994,33.9380506102957,51.19615886821019,17.258108257914493
Peugeot 206,Bahia,1953.0983561640046,157.3566426033041,151.5469794551964,133.42141772303057,195.04993118708506,61.62851346405449
Peugeot 206,Ceara,914.2638356157393,16.98634397973408,65.21491278369487,56.72457401301212,71.63690123238553,14.912327219373402
Peugeot 206,Distrito Federal,3283.05013698617,24.950578450561466,45.348919418543886,24.909206605794992,58.51745340978793,33.60824680399294
Peugeot 206,Esperito Santo,1168.963698630035,118.25174739130117,81.46954212619059,70.4640395733922,89.86888438545975,19.40484481206755
Peugeot 206,Goias,1487.1720547940395,43.68021829794025,79.55482085261112,75.04268104970917,83.2450455275209,8.202364477811727
Peugeot 206,Maranhao,252.85547945220023,0.0,40.32261100896125,29.839983399300912,46.215346432950994,16.375363033650082
Peugeot 206,Mato Grosso,395.55821917830036,70.36890816684863,52.3312426796588,37.5061519863365,59.09476806285102,21.58861607651452
Peugeot 206,Mato Grosso do Sul,381.6691780817695,0.0,23.371415367690904,22.086676308539978,24.442811782612683,2.3561354740727047
Peugeot 206,Minas Gerais,5377.17315068461,80.22505281331273,74.18163254956637,70.72882039189687,80.31161137926426,9.582790987367389
Peugeot 206,Para,508.31369863003493,110.51443262576026,67.037597866275,64.63858714009655,71.14374341916457,6.505156279068018
Peugeot 206,Paraiba,293.3227397261001,152.52823576439204,40.89605486881202,34.29706661292609,45.205171518978666,10.908104906052579
Peugeot 206,Parana,7515.906849316042,150.42136932589602,124.48273868096263,114.20402844367386,146.614606816073,32.410578372399144
Peugeot 206,Pernambuco,1595.3491780817694,143.88323456310752,113.93955246492209,101.61698770524964,126.53919400983746,24.922206304587817
Peugeot 206,Piaui,212.35999999999999,0.0,14.858641580675565,11.828384248912856,16.94316729957593,5.114783050663073
Peugeot 206,Rio Grande do Norte,355.8336986300349,41.41541415761821,60.83439285895087,54.97510786525823,67.98673808647335,13.011630221215121
Peugeot 206,Rio Grande do Sul,7749.829589039814,236.04312572073542,236.04184001548947,235.76933733372462,236.3145891084668,0.5452517747421837
Peugeot 206,Rio de Janeiro,11622.563013698906,189.7672653957992,208.5308792041277,189.63454860438964,218.3248987879103,28.69035018352068
Peugeot 206,Santa Catarina,5835.761506851409,66.44582708610564,63.30446022482907,60.79661326327943,66.54840591654222,5.75179265326279
Peugeot 206,Sao Paulo,38926.68150684908,167.01161641164103,166.99005048559556,166.86673941312046,167.11823148369226,0.2514920705717998
Peugeot 206,Sergipe,230.86,0.0,43.640556119492075,37.13001701476851,49.720402926452174,12.590385911683661
Peugeot 207,Alagoas,307.81191780786963,0.0,87.9476198427638,75.90116784761497,99.80173950019508,23.900571652580112
Peugeot 207,Amazonas,149.99273972610013,195.45612710012102,40.74722185161958,36.96501743170096,43.82875164261076,6.863734210909804
Peugeot 207,Bahia,1321.7228767127358,81.6222537271307,109.39587999533781,87.06945781834727,125.37468029640465,38.305222478057374
Peugeot 207,Ceara,893.2082191778347,44.28194809538036,52.224370606219686,47.306776293483715,60.48450653701512,13.177730243531407
Peugeot 207,Distrito Federal,826.2454794522002,43.17118929794226,46.03484461945533,39.827920968455075,51.86777696700935,12.039855998554273
Peugeot 207,Esperito Santo,556.294657533504,85.74232981399302,70.53013244846069,67.44199513172184,73.27378971749957,5.831794585777729
Peugeot 207,Goias,860.7654794522002,4.455336664338157,62.49975002748468,56.38166144288346,66.68287290798067,10.301211465097204
Peugeot 207,Maranhao,293.0982191783003,18.874219077512446,28.855034720774416,13.284961851807424,38.61741503918976,25.332453187382335
Peugeot 207,Mato Grosso,324.55369863003494,39.928677610826476,44.95867537988422,37.45994420642189,50.14348800897286,12.683543802550972
Peugeot 207,Mato Grosso do Sul,318.02465753396973,4.873835922091787,17.966155938679922,13.556343910831973,21.38132135783505,7.824977447003075
Peugeot 207,Minas Gerais,2096.413835617136,21.101272682155162,46.645214331080275,21.033615340816805,66.04056936811835,45.006954027301546
Peugeot 207,Para,293.2082191778347,2.55449864979986,47.939879809401404,29.041615167593985,60.95298427071962,31.911369103125633
Peugeot 207,Paraiba,231.76821917783468,9.897819503198686,33.71539814157614,31.275915633512795,36.207339271591714,4.931423638078918
Peugeot 207,Parana,3802.6128767127357,117.02479700870614,96.8858521488525,88.3294151639889,104.81512507309156,16.485709909102667
Peugeot 207,Pernambuco,1039.786438356135,54.12265242559841,84.6739396574325,62.33129481983322,99.2074401924803,36.87614537264709
Peugeot 207,Piaui,122.3782191778347,0.0,11.351625976529808,6.4893866246816385,15.347591349419067,8.85820472473743
Peugeot 207,Rio Grande do Norte,266.75013698617,0.0,56.226014516947615,50.98517552512856,59.88043725806395,8.895261732935388
Peugeot 207,Rio Grande do Sul,3270.1923287673108,295.37865143366355,295.30322846993806,294.8412890456661,295.767723962477,0.9264349168109334
Peugeot 207,Rio de Janeiro,4078.101917808335,259.7053779786816,197.76001325218485,169.56717862371693,259.8669102195003,90.29973159578338
Peugeot 207,Santa Catarina,3093.2347945201395,43.28543059104279,49.83882949403682,39.1412778627729,56.60618516464723,17.464907301874327
Peugeot 207,Sao Paulo,14916.910410958975,139.60089205001307,142.93791747493685,139.48429231680308,153.42826172564702,13.943969408843941
Peugeot 207,Sergipe,162.48191780786962,0.0,31.761253594751995,19.518925592217332,42.11905445993619,22.600128867718855
Peugeot 207,Tocantins,146.82369863003493,3.7936654994880885,34.33796153894211,24.033415027986713,40.276691717827745,16.243276689841032
Peugeot 306,Rio de Janeiro,296.78,207.16355549565336,126.03397297963664,106.97928632019266,152.16442692014027,45.185140599947616
Peugeot 306,Sao Paulo,363.2,71.64922907488987,119.72183270073853,100.49724280976703,131.49234678872014,30.99510397895311
Peugeot 307,Alagoas,172.5982191778347,0.0,222.32788266672296,137.84724659379384,267.692380887075,129.84513429328115
Peugeot 307,Bahia,856.1519178083353,188.47472819201693,298.24305513668054,238.35474940082523,328.51973062946365,90.16498122863842
Peugeot 307,Ceara,254.0509589039348,203.9590805858496,137.80156294672375,97.07353144792174,162.7035550096211,65.63002356169937
Peugeot 307,Distrito Federal,1283.1136986305005,118.46261181860538,123.61867548970292,90.35185690477716,139.90472331306356,49.55286640828639
Peugeot 307,Esperito Santo,498.8619178078696,215.03946517183462,186.16206707979302,162.01912248004376,205.68761171017474,43.66848923013097
Peugeot 307,Goias,542.5419178083353,147.10015462472325,159.54970878055755,105.91022173952092,189.95824708257163,84.04802534305071
Peugeot 307,Mato Grosso,194.62287671273575,134.13119999521484,122.79376612161856,80.59418336742945,145.92431604660052,65.33013267917107
Peugeot 307,Mato Grosso do Sul,230.45821917830034,4.799134541364796,50.00645851805725,36.60743780431194,56.69359704185827,20.086159237546326
Peugeot 307,Minas Gerais,2002.5938356162048,122.57453090804556,160.30196564621224,122.37066627444187,181.13641091725418,58.76574464281231
Peugeot 307,Para,151.06547945220024,0.0,130.73365982644387,79.92694795070638,161.1179051438465,81.19095719314014
Peugeot 307,Paraiba,114.24273972610011,0.0,90.05614788600207,60.265710424948836,105.02315022933188,44.75743980438304
Peugeot 307,Parana,4026.2495890416762,329.2669693424407,288.98384081069497,265.53688471619336,329.4811736894134,63.94428897322007
Peugeot 307,Pernambuco,479.3454794522002,3.7801545600696347,92.62321918650368,3.753274690423548,279.89500840366077,276.1417337132372
Peugeot 307,Rio Grande do Norte,114.3,44.7594050743657,145.7216369054256,113.02705927928032,160.50195229324123,47.47489301396091
Peugeot 307,Rio Grande do Sul,3552.7165753432364,312.58277333668536,280.6088245032287,262.7404582131149,319.063886039923,56.323427826808086
Peugeot 307,Rio de Janeiro,3435.5410958905704,431.65078181537064,485.24390127515454,431.3084232854563,528.5793540772174,97.27093079176115
Peugeot 307,Santa Catarina,3254.121095891036,262.43030755011443,175.22900755379004,150.4752157719406,262.5914333489597,112.11621757701909
Peugeot 307,Sao Paulo,12521.776712328476,347.7714944168033,347.6804639248855,347.23508347073334,348.0474387603511,0.8123552896177557
Peugeot 406,Sao Paulo,160.95,123.73407890649271,136.491940173601,76.91613197622202,184.01349483843427,107.09736286221225
Peugeot 407,Parana,105.17,0.0,635.7849914932855,317.28457788010326,808.5780051025021,491.2934272223988
Peugeot 407,Rio de Janeiro,103.78,3112.9408363846596,1708.3619472063506,1363.8027088188435,3117.246567063468,1753.4438582446244
Peugeot 407,Sao Paulo,244.7291780817695,892.5417137102356,1128.485858863977,758.4849906682665,1311.4993743520156,553.0143836837491
Peugeot Boxer,Parana,127.69369863003493,0.0,297.36832592734373,226.85856179394557,335.4887620840058,108.63020029006026
Peugeot Boxer,Rio de Janeiro,151.57369863003493,1341.6443739118722,705.9082946945998,540.0796737385975,1343.743531969694,803.6638582310965
Peugeot Boxer,Santa Catarina,153.6009589039348,418.19400385497516,166.67816839990428,140.6170568562696,182.74164127583416,42.12458441956454
Peugeot Boxer,Sao Paulo,703.6509589039348,355.5001195332005,472.4689559022541,354.86970551408115,532.6336987261118,177.76399321203064
Peugeot Partner,Parana,119.77369863003493,0.0,81.02015643000718,66.98150286041093,104.30042323003282,37.31892036962189
Peugeot Partner,Rio de Janeiro,155.83,292.31213501893086,154.73176546537167,122.78846467914809,238.23673857165437,115.44827389250628
Peugeot Partner,Santa Catarina,123.63095890440047,0.0,42.0606527983933,35.854253398955464,49.18876381727097,13.334510418315503
Peugeot Partner,Sao Paulo,899.6464383566007,121.66446209684695,113.29790531164586,105.63092677658155,131.20610107448314,25.575174297901597
Porsche Cayenne,Sao Paulo,292.4109589039348,0.0,15.96369870918077,5.722287547710364,94.86221707115578,89.13992952344542
Renault - Sandero,Alagoas,207.21,0.0,83.87620615922776,74.34315631244701,93.31615225925829,18.97299594681128
Renault - Sandero,Amazonas,215.18,63.797750720327166,33.59577615232057,31.675321827938102,35.41360059556773,3.7382787676296267
Renault - Sandero,Bahia,1968.0182191778347,82.5637681687119,94.48721936294638,81.18524136170048,104.93914353516422,23.753902173463743
Renault - Sandero,Ceara,365.34739726006984,93.55479266126869,42.44477709936762,38.07101922917252,44.978128573911725,6.9071093447392045
Renault - Sandero,Distrito Federal,2445.82,32.95827166349118,38.174011941978556,32.89188680315409,42.72198234686182,9.830095543707735
Renault - Sandero,Esperito Santo,576.1682191778347,192.44032612249555,66.3657842707402,52.484629705140456,96.09121492518729,43.60658522004683
Renault - Sandero,Goias,1041.8709589044004,2.325623897366285,52.21701804796691,46.76127100687712,59.0535288393578,12.292257832480686
Renault - Sandero,Maranhao,314.2427397261001,0.0,27.909992115315514,19.251691316904417,34.415472070120046,15.16378075321563
Renault - Sandero,Mato Grosso,437.61,93.61074929731953,39.05232435247731,36.37615194793739,42.02479320048556,5.648641252548174
Renault - Sandero,Mato Grosso do Sul,471.18547945220024,11.800024072185014,15.908633431667079,14.795092300549427,17.661105196715436,2.8660128961660085
Renault - Sandero,Minas Gerais,3734.5356164393015,29.34313961757903,43.85986298765916,29.251040980578676,60.40891001564758,31.157869035068902
Renault - Sandero,Para,362.93191780786964,1.0139642779911502,49.27103498408433,42.50383561917268,66.30231235800909,23.798476738836406
Renault - Sandero,Paraiba,407.65,1.5748804121182387,30.701635187023438,28.088907511402304,34.133825705859984,6.044918194457679
Renault - Sandero,Parana,5613.391095890105,271.0379472960538,270.9853407538295,270.630886562767,271.3377313581982,0.7068447954312091
Renault - Sandero,Pernambuco,1480.9982191778347,97.81510748906922,84.81362689840044,74.82435266238639,106.50866381353961,31.684311151153224
Renault - Sandero,Piaui,208.37,0.0,11.544870736166816,9.924499842523197,13.057822759724989,3.1333229172017916
Renault - Sandero,Rio Grande do Norte,508.9128767118044,173.57587917749584,44.71517943284501,42.61840325906204,48.43907947690473,5.8206762178426885
Renault - Sandero,Rio Grande do Sul,4327.041917808801,230.32686508031148,230.28068078455365,229.8991319337958,230.6817687922372,0.782636858441407
Renault - Sandero,Rio de Janeiro,5386.959178081769,143.3736500440725,149.34446617749987,137.3145110137247,176.4802046912189,39.165693677494176
Renault - Sandero,Santa Catarina,4011.87479452014,37.02209256452267,46.14862835342315,42.9012543719731,51.40987746548065,8.508623093507545
Renault - Sandero,Sao Paulo,18912.83835616447,155.33892611324615,150.53035715162298,136.89870655369512,155.47658886795907,18.577882314263945
Renault - Sandero,Sergipe,212.17547945220022,0.0,30.10811808389417,25.499235136184645,34.56017241780883,9.060937281624184
Renault - Sandero,Tocantins,122.19821917783469,0.0,35.66723014384625,30.522122968457253,45.78468253697346,15.26255956851621
Renault 19,Sao Paulo,102.64547945220023,0.0,91.9502816022885,22.566630203406735,229.02147591179494,206.4548457083882
Renault Clio 1.0,Alagoas,236.11739726006985,152.5088808273498,95.25623096816697,80.25286319106226,104.55076517632843,24.297901985266165
Renault Clio 1.0,Amazonas,180.01191780833528,247.8058149877367,39.51891907178094,30.02066034573707,44.96772204527548,14.94706169953841
Renault Clio 1.0,Bahia,1759.3873972605354,135.91662664649002,132.26852204236397,125.2041273528379,144.655561409717,19.451434056879094
Renault Clio 1.0,Ceara,469.35013698616996,0.0,55.68874793488364,48.81754075965036,62.127939386829524,13.310398627179161
Renault Clio 1.0,Distrito Federal,2116.774657534901,33.88079111052827,52.00684154947405,48.399066264503,61.10558978003866,12.706523515535665
Renault Clio 1.0,Esperito Santo,670.3010958901048,90.88005431217032,70.21478304095281,52.91109993109422,79.26906384942961,26.357963918335393
Renault Clio 1.0,Goias,1166.0601369866356,12.46933973540564,45.95245860639134,12.394093650265438,77.81646498926685,65.42237133900142
Renault Clio 1.0,Maranhao,240.0546575344354,0.0,30.807704157931763,14.968292639893178,42.66570879505117,27.69741615515799
Renault Clio 1.0,Mato Grosso,255.0436986305006,58.095926617918174,46.80501115727692,32.52596474459573,54.98432341284906,22.458358668253325
Renault Clio 1.0,Mato Grosso do Sul,350.81369863003493,0.0,18.723103539241627,14.401511743609102,21.3748490524774,6.973337308868299
Renault Clio 1.0,Minas Gerais,2619.542054794505,42.06842176795854,59.33316151354659,41.96645550821312,69.20450477305133,27.238049264838203
Renault Clio 1.0,Para,258.24821917830036,148.5663681324771,55.33331611432469,41.80138756436645,62.50486132189796,20.703473757531512
Renault Clio 1.0,Paraiba,542.5282191783003,2.023857858791204,38.26797099854016,36.828101347250424,39.11933036276767,2.2912290155172457
Renault Clio 1.0,Parana,6125.191369862445,98.07432351513462,103.74172330167478,97.96826562086677,110.59233551365463,12.624069892787858
Renault Clio 1.0,Pernambuco,2003.9091780822353,65.25645045707437,89.04374349055281,65.10217297832884,100.33762283884921,35.235449860520376
Renault Clio 1.0,Piaui,375.29561643883585,5.489006292019215,12.687680361614705,7.868048512610843,15.673248794283982,7.805200281673139
Renault Clio 1.0,Rio Grande do Norte,580.0373972600698,0.0,54.39137841296716,46.91148638649702,60.78888832267138,13.877401936174365
Renault Clio 1.0,Rio Grande do Sul,8878.658904111478,130.28983459025733,107.51556233895718,95.91695025856998,130.38285338680248,34.4659031282325
Renault Clio 1.0,Rio de Janeiro,5103.512876712735,157.20779380433024,185.34033226009333,157.03770149867646,202.62061222789538,45.58291072921892
Renault Clio 1.0,Santa Catarina,6839.013150685541,39.45510763829309,51.54166693451301,38.270186342249715,57.908378166789475,19.63819182453976
Renault Clio 1.0,Sao Paulo,26005.420410959443,186.52761321850275,177.57201773678545,171.511190667115,186.78950406306578,15.27831339595079
Renault Clio 1.0,Sergipe,233.98917808223516,165.36662215378632,36.698660810535486,23.948021730112963,47.12662322640611,23.178601496293147
Renault Clio Acima De 1.0,Bahia,227.3382191778347,186.05318609852085,154.21813485154215,105.23557891841625,177.3379809187963,72.10240200038004
Renault Clio Acima De 1.0,Ceara,109.72273972610012,0.0,69.11763178724325,42.04459447826638,85.07338404782332,43.02878956955694
Renault Clio Acima De 1.0,Distrito Federal,843.9509589039347,55.484266598635514,69.65121828400756,67.13171347696533,73.03085386081383,5.899140383848504
Renault Clio Acima De 1.0,Esperito Santo,269.97273972610014,12.223456350993077,101.24427022551399,95.52051723251927,109.6059293048166,14.08541207229733
Renault Clio Acima De 1.0,Goias,325.41095890440045,0.0,92.56507560740164,85.26856692275682,102.40992319415675,17.14135627139993
Renault Clio Acima De 1.0,Mato Grosso do Sul,151.52095890440046,200.48051582861117,29.150659573734835,28.246451565986533,30.276920977665227,2.0304694116786948
Renault Clio Acima De 1.0,Minas Gerais,1130.169315068405,92.77459456918078,85.6149664255853,72.92817288164184,95.69527124975642,22.767098368114574
Renault Clio Acima De 1.0,Paraiba,120.67917808176949,0.0,55.13707355951023,53.856796554618505,57.06349085421045,3.2066942995919447
Renault Clio Acima De 1.0,Parana,1980.0638356171362,183.0238972507921,145.1841553183724,138.1680076739844,151.96571764961934,13.797709975634945
Renault Clio Acima De 1.0,Pernambuco,328.8446575344354,73.88595023002831,129.36181938277429,112.07916258274788,142.74105080958685,30.66188822683897
Renault Clio Acima De 1.0,Rio Grande do Norte,127.55643835613505,0.0,75.54723464089606,69.8293139502484,78.56127812329635,8.731964173047942
Renault Clio Acima De 1.0,Rio Grande do Sul,2229.4875342467053,150.96518586892267,139.51944293730816,134.1226747788958,147.63396225779164,13.511287478895838
Renault Clio Acima De 1.0,Rio de Janeiro,2534.3664383556693,246.2098576419164,263.47205266678924,258.02417897262893,268.59532271283825,10.571143740209322
Renault Clio Acima De 1.0,Santa Catarina,1720.6684931520372,96.24515161350557,72.96092875906609,55.109572845666435,81.82790807467686,26.71833522901042
Renault Clio Acima De 1.0,Sao Paulo,7207.443835617136,122.77556650904249,122.76159006225515,122.46161211246947,123.01791654984429,0.5563044373748198
Renault Kangoo,Minas Gerais,180.36205479450524,15.524329677825905,47.97228575144861,32.94499008463251,61.11397114999186,28.168981065359354
Renault Kangoo,Parana,496.9246575339697,134.85545340526596,72.15524782524153,49.746323566421395,82.37497563041345,32.62865206399205
Renault Kangoo,Rio Grande do Sul,408.87917808223517,90.1097487350892,63.23910894019234,48.280504156627345,82.88262416212986,34.60212000550251
Renault Kangoo,Rio de Janeiro,305.27643835566937,135.26756346616398,125.53470848739323,98.00990256298512,146.69182737153827,48.68192480855315
Renault Kangoo,Santa Catarina,379.59383561667056,66.97158282009663,40.805440903533395,29.505812103185015,47.82884495382687,18.32303285064185
Renault Kangoo,Sao Paulo,2215.523835616205,112.81936848604481,113.72810983601708,83.92153825210562,129.27371777394774,45.35217952184212
Renault Logan,Alagoas,227.88547945220023,0.0,103.15223198798924,99.44263759962739,105.76282377695554,6.320186177328154
Renault Logan,Amazonas,172.35547945220023,285.2940919330446,45.6054416427177,43.01963772792028,50.04897097494671,7.029333247026429
Renault Logan,Bahia,1382.6019178078695,73.58155568111779,120.61753011903441,104.21211727188388,133.08446070079705,28.87234342891317
Renault Logan,Ceara,393.23,0.0,59.37041378059178,54.28461200211738,63.51089556222444,9.226283560107063
Renault Logan,Distrito Federal,1546.3682191778346,18.70705802229969,50.124004846545986,47.616153738560364,54.09494096615177,6.478787227591404
Renault Logan,Esperito Santo,447.9,205.16856441169904,80.76721720452773,74.36749584392857,92.69357328880449,18.32607744487592
Renault Logan,Goias,995.5282191783003,121.02118019260475,68.3219981815023,63.34750515559336,73.43438298349552,10.086877827902164
Renault Logan,Maranhao,257.41273972610014,0.0,37.18703537549896,28.220982368089473,42.592246738891404,14.371264370801931
Renault Logan,Mato Grosso,365.0191780817695,0.0,48.69111649681825,40.835415046280076,52.090940817024986,11.25552577074491
Renault Logan,Mato Grosso do Sul,463.1882191778347,6.6927436226736114,22.336934275146156,20.9271938765894,23.76939090345715,2.842197026867751
Renault Logan,Minas Gerais,2226.94739726007,93.03048660013121,67.66805688119136,63.692291519426625,71.3756008763349,7.683309356908275
Renault Logan,Para,316.39,4.159423496317836,62.527924143808136,57.670441862070945,67.41281098244478,9.742369120373837
Renault Logan,Paraiba,313.8954794522002,83.56603301767026,37.22821188371787,30.250565367039297,42.952845697071325,12.702280330032028
Renault Logan,Parana,3331.85013698617,156.76035191440184,116.36186575269689,102.79453641485779,156.93806706689776,54.14353065203997
Renault Logan,Pernambuco,1257.5873972600698,10.920910968034933,58.64360092871977,10.852811950111985,108.58356937891246,97.73075742880047
Renault Logan,Piaui,231.05547945220025,0.0,12.931237752109025,9.323732029772799,14.756635133384947,5.432903103612148
Renault Logan,Rio Grande do Norte,411.0519178078696,0.0,60.06295284079124,58.88264064131784,62.05623569138696,3.1735950500691175
Renault Logan,Rio Grande do Sul,3104.3191780822353,169.98767514814517,117.0225131201941,102.66734334981201,170.23150905319454,67.56416570338253
Renault Logan,Rio de Janeiro,5082.2127397261,175.32284570362572,190.9577429877024,177.50396774663636,202.77072343460966,25.2667556879733
Renault Logan,Santa Catarina,2275.2919178083353,53.164606727262935,54.99536258885128,44.7832821699386,61.5667823501169,16.7835001801783
Renault Logan,Sao Paulo,12799.0609589044,164.27767683512795,170.29090791613274,164.19068151252657,175.69952663772867,11.5088451252021
Renault Logan,Sergipe,240.64821917830037,0.0,34.83538094973918,21.615404996555274,44.5970212961042,22.98161629954893
Renault Logan,Tocantins,112.02273972610011,0.0,43.410488676366505,41.904512374767314,44.52641718649631,2.621904811728996
Renault Master,Bahia,240.95821917783468,695.7056728423088,551.3006583400487,511.69176788731386,606.0630773314133,94.37130944409944
Renault Master,Goias,107.84547945220024,0.0,270.8360100942844,207.71972499456405,307.96976230350936,100.25003730894531
Renault Master,Minas Gerais,152.02369863003491,344.57785511114145,276.86491683556346,263.2731733517309,296.0702421983989,32.79706884666797
Renault Master,Parana,391.98821917830037,0.0,58.261190471080575,0.12781605245303296,458.55374680498136,458.4259307525283
Renault Master,Rio Grande do Sul,356.64,0.0,57.64620821020312,0.1257790530810031,441.0906318309934,440.9648527779124
Renault Master,Rio de Janeiro,319.75369863003493,1683.2268158459524,979.9492140968667,784.8059620497476,1685.3372139771188,900.5312519273713
Renault Master,Santa Catarina,324.0854794522002,204.80090657622148,244.6574017468671,235.9732356371581,254.2083872089007,18.23515157174259
Renault Master,Sao Paulo,1865.5210958896391,735.571955215873,718.2182452234714,696.9937876600718,735.9957153128545,39.00192765278268
Renault Megane,Bahia,361.11,158.2952562930963,210.3028040042218,184.69285790786938,246.89390205853053,62.20104415066115
Renault Megane,Distrito Federal,1116.2454794522002,0.0,13.031249016834535,0.033351493448927585,96.7249829360805,96.69163144263156
Renault Megane,Esperito Santo,202.63821917830035,196.3992782870932,128.37532029953385,115.46412760115712,137.23900096270987,21.77487336155275
Renault Megane,Goias,470.14013698617,0.0,120.79074614936516,104.80718510791793,138.5056949919042,33.69850988398626
Renault Megane,Mato Grosso,124.77095890393481,0.0,79.23690538827464,54.50522103012352,96.89469732323118,42.38947629310766
Renault Megane,Mato Grosso do Sul,149.91095890440047,0.0,35.232894328480725,29.12399561554385,42.12197166115553,12.997976045611676
Renault Megane,Minas Gerais,1064.9836986305006,45.35468482955487,100.08048521508786,67.8292394442025,125.4397847501384,57.6105453059359
Renault Megane,Paraiba,155.30369863050058,0.0,67.06275537817135,60.7149187194734,78.52627705183335,17.811358332359944
Renault Megane,Parana,3552.95027397234,238.31602885151773,197.73508702287032,165.46712594185271,238.53397981269904,73.06685387084633
Renault Megane,Pernambuco,345.61095890393483,141.59851919974182,162.8614696182184,134.86186275725524,196.0335883909379,61.171725633682655
Renault Megane,Rio Grande do Norte,120.2982191778347,0.0,88.99111157308757,57.69153894145166,110.09802120505873,52.40648226360707
Renault Megane,Rio Grande do Sul,3129.6531506850756,264.5571122853529,205.06204319712577,157.78297919645334,264.8247191410105,107.04173994455718
Renault Megane,Rio de Janeiro,1805.4809589044005,378.8408826061826,349.69017030944116,291.14683641430025,379.83239947112156,88.68556305682131
Renault Megane,Santa Catarina,2538.5458904111756,106.08947469386838,100.92359828929486,84.9514523957359,117.90824827068343,32.95679587494753
Renault Megane,Sao Paulo,6289.629315068405,161.08294292840708,177.87685347164054,151.85534674042418,253.85013679921167,101.99479005878749
Renault Scenic,Bahia,305.55547945220025,359.3553622303052,153.5279447163938,148.18545054030068,165.41097452824488,17.2255239879442
Renault Scenic,Distrito Federal,851.5636986300349,88.9704435756085,64.29412220095475,58.60306510405101,79.608576981397,21.00551187734598
Renault Scenic,Esperito Santo,217.11273972610013,212.07875713828835,92.75595749952258,89.36010590014088,101.30402150275113,11.943915602610247
Renault Scenic,Goias,408.4364383556694,0.0,74.94141196169176,54.78133274563512,88.71182600462063,33.930493258985514
Renault Scenic,Mato Grosso do Sul,145.8164383556694,0.0,25.119789308642016,23.463564148953385,26.491187206255887,3.0276230573025025
Renault Scenic,Minas Gerais,1455.471917808801,129.49545621172157,86.14922545169918,72.69243166670762,129.58949750118748,56.89706583447986
Renault Scenic,Parana,4033.5101369871013,85.17494398975863,117.72337402092545,98.26025717532764,129.6158926506638,31.355635475336157
Renault Scenic,Pernambuco,302.95,136.986301369863,108.91763279248573,92.49711629159772,121.27788501947144,28.78076872787372
Renault Scenic,Rio Grande do Sul,4537.767534247171,133.8651650653095,127.49336050741529,119.02750487019914,134.00344153936544,14.975936669166302
Renault Scenic,Rio de Janeiro,2492.93479452014,235.6732319238579,232.28365313169866,216.43606507486666,254.9536811855697,38.517616110703045
Renault Scenic,Santa Catarina,3127.3583561644705,87.07124959416686,71.1555300078843,67.26921336921134,80.34929032038647,13.08007695117513
Renault Scenic,Sao Paulo,10879.553972603306,198.698311111253,207.36885475215763,198.55056756458012,211.09972781413674,12.549160249556621
Renault Trafic,Sao Paulo,166.47547945220023,685.284105355326,630.526075252505,459.0633882696385,712.0943842269098,253.03099595727133
Renault Twingo,Sao Paulo,348.65,0.0,5.69300343396972,2.5336407363758764,12.018408185739071,9.484767449363195
Saab-scania,Parana,280.3464383566007,0.0,64.17829540301699,61.214522433565136,72.21451536789614,10.999992934331004
Saab-scania,Rio Grande do Sul,126.52,0.0,62.64242426503192,59.314342033599516,67.73831775109154,8.423975717492027
Saab-scania,Sao Paulo,444.7419178083353,151.36643816203446,98.12966698083856,89.19928247627308,105.2227914775614,16.023509001288318
Scania Caminhoes - Outros,Bahia,102.22,7223.918998239093,5367.862633342682,2204.258304439523,7234.22016603247,5029.961861592947
Scania Caminhoes - Outros,Goias,234.76821917830034,4060.2301424625944,4058.6759371711596,4052.114737631728,4065.69557110054,13.580833468811761
Scania Caminhoes - Outros,Mato Grosso,407.06821917830035,1556.8201351587666,967.5674213895038,765.9116571473487,1558.3339022608388,792.4222451134901
Scania Caminhoes - Outros,Mato Grosso do Sul,177.77,0.0,343.9327086789081,334.92376524610376,357.3454847963899,22.421719550286127
Scania Caminhoes - Outros,Minas Gerais,891.7601369866356,1021.1636091708898,1063.0435909038645,1004.9538020149645,1179.5506150894516,174.59681307448716
Scania Caminhoes - Outros,Parana,2351.7076712328753,1272.0713703466786,1271.8913995460246,1270.8188112130788,1273.1960039312864,2.3771927182076524
Scania Caminhoes - Outros,Rio Grande do Sul,1424.5073972600699,1699.4688863367267,1668.02039189846,1609.7402076679716,1796.7256888750649,186.98548120709324
Scania Caminhoes - Outros,Rio de Janeiro,127.67095890440046,0.0,406.6931232928754,0.922508296482809,3314.3214735559395,3313.398965259457
Scania Caminhoes - Outros,Santa Catarina,957.3664383561351,2031.3037120239862,2031.1952701320467,2028.9182493715068,2033.5052435868554,4.586994215348568
Scania Caminhoes - Outros,Sao Paulo,3027.1947945206052,2310.6970230859347,2310.512533201141,2308.9752259799243,2311.9882619409855,3.0130359610611777
Seat Cordoba,Sao Paulo,109.73,0.0,135.8990534451187,36.84296942425103,235.79182576175273,198.9488563375017
Ssangyong - Outros,Bahia,100.39273972610012,0.0,436.22406069418514,305.7136818376369,504.34788812189856,198.63420628426167
Ssangyong - Outros,Rio Grande do Sul,174.4336986300349,870.611591640305,483.26002604407637,386.6893839461356,873.503206893314,486.8138229471784
Ssangyong - Outros,Santa Catarina,103.55369863003493,0.0,189.1084175281598,106.5799142376803,239.8668484334113,133.286934195731
Ssangyong - Outros,Sao Paulo,151.4,591.2087186261558,559.5355662265237,320.11597187364185,699.5407478371217,379.4247759634798
Subaru - Outros,Sao Paulo,183.27273972610013,0.0,91.03170040355803,22.682762323451378,175.20265495746347,152.51989263401208
Subaru Forester,Sao Paulo,877.1964383556693,345.8552574252358,348.5241355900573,346.4049102674109,351.2497420301141,4.844831762703166
Subaru Impreza,Sao Paulo,685.694794519674,161.23791646609592,132.20719851568478,88.48164305129372,164.12307397454518,75.64143092325146
Subaru Legacy,Sao Paulo,250.2719178078696,15.175494051696496,35.557673092702075,21.735996744605103,94.2848035845962,72.5488068399911
Subaru Outback,Sao Paulo,168.15547945220024,0.0,124.43733693016357,83.45718283914192,208.6255136775757,125.16833083843377
Sundown Motos Ate 450cc,Goias,368.0191780817695,0.0,22.644982980806482,17.055400676238012,40.49644287605603,23.441042199818018
Sundown Motos Ate 450cc,Parana,112.24821917783468,0.0,34.54714896551248,27.784802708016777,60.43318406267185,32.64838135465507
Sundown Motos Ate 450cc,Sao Paulo,194.33095890440046,84.12967286413051,53.26525772064704,41.311292562296366,82.4997167474031,41.18842418510673
Suzuki - Outros,Sao Paulo,162.32,24.544110399211434,102.0586824785841,38.64607516782712,178.51013107433923,139.8640559065121
Suzuki Grand Vitara,Ceara,179.99547945220024,0.0,39.83062501178108,37.19035903852039,45.14910913355952,7.958750095039129
Suzuki Grand Vitara,Distrito Federal,129.28,104.98917079207921,37.905847608391085,29.205255931177028,58.11023772854138,28.90498179736435
Suzuki Grand Vitara,Minas Gerais,201.62643835613503,186.72650425684827,47.994841527091545,39.579690460769584,59.99007709222222,20.41038663145264
Suzuki Grand Vitara,Rio Grande do Norte,169.64,0.0,43.94963311054469,34.010174807825884,69.58100143714277,35.57082662931689
Suzuki Grand Vitara,Rio Grande do Sul,161.47273972610012,0.0,81.38296560216017,63.00707103709625,122.4561713834817,59.44910034638545
Suzuki Grand Vitara,Rio de Janeiro,332.21643835566937,121.46599427689446,125.50085744121645,112.49727242252843,149.9971049678903,37.49983254536187
Suzuki Grand Vitara,Sao Paulo,656.1209589044005,130.00194376114743,114.90816056646088,103.5776159809466,126.5220627104019,22.944446729455294
Suzuki Motos Acima De 450cc,Distrito Federal,103.93,0.0,174.47175542185119,134.54483855687295,307.3314665220598,172.78662796518688
Suzuki Motos Acima De 450cc,Minas Gerais,233.07095890440047,253.48503424758744,214.9961578499344,166.3232844900689,366.6245752854842,200.3012907954153
Suzuki Motos Acima De 450cc,Parana,287.1619178078696,298.63987765041253,378.8808052316566,293.4143635629736,569.731951847754,276.31758828478036
Suzuki Motos Acima De 450cc,Rio Grande do Sul,184.0382191778347,0.0,352.89889821991966,270.5333553976012,610.504123093013,339.97076769541184
Suzuki Motos Acima De 450cc,Rio de Janeiro,349.03547945220026,690.9841955852768,657.3448647549726,507.53599640988944,1121.4778619799333,613.9418655700439
Suzuki Motos Acima De 450cc,Santa Catarina,190.00369863003493,238.8374559400631,206.233489697631,170.28764694673518,332.28438861691905,161.99674167018387
Suzuki Motos Acima De 450cc,Sao Paulo,3003.154657534901,1098.9810304039077,1062.9457194478284,961.4776260021033,1099.9120958606084,138.43446985850505
Suzuki Motos Ate 450cc,Bahia,264.02,48.83342171047648,54.903532034730055,47.372350787804315,67.42024626617652,20.047895478372205
Suzuki Motos Ate 450cc,Goias,136.66,0.0,29.837360829530226,23.202146215177656,37.440799855247676,14.23865364007002
Suzuki Motos Ate 450cc,Maranhao,101.28,0.0,15.67112227134771,10.673408239517533,21.333692332380448,10.660284092862915
Suzuki Motos Ate 450cc,Minas Gerais,348.75,17.924014336917562,30.3080028916919,23.748122995642664,36.08973870007245,12.341615704429788
Suzuki Motos Ate 450cc,Para,145.53,26.764241049955334,23.619634171709446,14.959726354965266,34.5507307789049,19.591004423939633
Suzuki Motos Ate 450cc,Parana,187.6582191778347,0.0,43.00295573791835,32.57534847382949,57.99143831925527,25.41608984542578
Suzuki Motos Ate 450cc,Rio Grande do Sul,155.57547945220023,0.0,45.88926737567205,38.121100850651956,59.28336251039993,21.162261659747976
Suzuki Motos Ate 450cc,Rio de Janeiro,308.52,26.640088162841955,80.34259621588818,61.83540780986602,108.22698551553545,46.39157770566943
Suzuki Motos Ate 450cc,Sao Paulo,3039.013698630035,110.1742319065343,79.19092120369345,66.71715053694248,91.4247374495129,24.70758691257042
Suzuki Vitara,Sao Paulo,184.31,131.39818783571158,153.691900278776,122.1330935108106,192.13018197405617,69.99708846324557
Toyota Band,Minas Gerais,167.2182191778347,0.0,256.828050007137,237.21781793576707,294.47185970671745,57.25404177095038
Toyota Band,Parana,305.8419178078696,345.0344568735395,380.693891957947,367.3119502818779,402.82287028201466,35.510920000136764
Toyota Band,Rio de Janeiro,165.9682191778347,0.0,106.13602668547617,0.28688744455529,743.0808379999083,742.793950555353
Toyota Band,Santa Catarina,198.07917808270082,477.28893523845204,221.71270622251166,215.61060513764244,229.86758585825314,14.256980720610699
Toyota Band,Sao Paulo,388.00739726006987,943.561907802,702.8100186609016,603.9070799203683,944.4817389428671,340.57465902249874
Toyota Camry,Rio Grande do Sul,101.59547945220024,6.476666122822749,202.43456761120075,184.54121553695535,231.1814766881392,46.640261151183864
Toyota Camry,Sao Paulo,809.2909589039348,342.96688594657485,321.00488222386866,315.76416187521085,323.95374273986414,8.189580864653294
Toyota Corolla,Acre,228.4127397261001,175.3667507689498,44.71980279907206,33.53119008345345,74.7940005406578,41.26281045720435
Toyota Corolla,Alagoas,518.06287671227,313.64918681530287,242.9316680517209,206.31208749592767,295.9613346185875,89.64924712265983
Toyota Corolla,Amazonas,610.4736986305006,158.3098505583537,104.64616519073779,99.23091957666037,107.85019886415844,8.619279287498074
Toyota Corolla,Bahia,3896.85301369844,415.88096710424526,415.8157841945328,415.3071844394012,416.3353209494162,1.0281365100149742
Toyota Corolla,Ceara,3494.7231506841445,131.33915912914162,129.57502719205624,118.50079744595948,149.71429201960296,31.213494573643487
Toyota Corolla,Distrito Federal,4579.120273970943,92.66037461646556,106.9863314190672,92.5622556812894,118.57468418649309,26.012428505203687
Toyota Corolla,Esperito Santo,3355.969178082235,419.7580267423663,419.6389643539884,419.09182563587734,420.24060358599763,1.1487779501202908
Toyota Corolla,Goias,3927.6928767118043,597.693881290773,597.6557052734713,597.0200499561989,598.2712353572597,1.2511854010607522
Toyota Corolla,Maranhao,746.3301369871012,308.59131714787026,125.35956984811563,90.57519523451191,309.0801593866901,218.50496415217822
Toyota Corolla,Mato Grosso,2333.991917808335,90.5842896827725,111.36449411113162,90.43203324189741,125.65762039310356,35.22558715120614
Toyota Corolla,Mato Grosso do Sul,1742.4454794522003,42.37951825225286,51.69626748637799,42.649698874015655,66.36685843617154,23.717159562155885
Toyota Corolla,Minas Gerais,10338.271369863376,88.8812033584821,97.94739788874803,88.74320413378321,131.11158122150428,42.36837708772107
Toyota Corolla,Para,1074.5291780822351,97.2165317897076,132.60915003745455,116.86101057457269,146.94601877150785,30.085008196935163
Toyota Corolla,Paraiba,1039.85013698617,632.2622622386059,631.8388484578604,630.5149152434059,633.1854278642521,2.670512620846239
Toyota Corolla,Parana,7980.83589041071,286.1127620408306,256.655714916351,228.6022054598822,286.27043526418,57.668229804297766
Toyota Corolla,Pernambuco,3427.3001369871013,191.09852473432937,224.3013427307984,212.00428491726092,239.70563273176197,27.701347814501048
Toyota Corolla,Piaui,554.6901369857043,217.09057358469576,51.08803716147406,27.778281467909725,217.62195724766548,189.84367577975576
Toyota Corolla,Rio Grande do Norte,1133.7754794522002,68.22073805774254,132.43988595946146,121.5056854615259,145.5585502673324,24.052864805806507
Toyota Corolla,Rio Grande do Sul,9724.654931506775,290.7416273290756,284.1191156833994,264.79616659078175,291.17632155657003,26.38015496578828
Toyota Corolla,Rio de Janeiro,11375.181232876741,252.35325409176318,252.30557120865979,252.06596151912638,252.58210326413294,0.5161417450065642
Toyota Corolla,Santa Catarina,5509.790547946077,62.85556537699976,107.92468040997083,62.757298779330284,144.27296365373485,81.51566487440456
Toyota Corolla,Sao Paulo,58364.54315068461,247.60973392165556,247.5922648740604,247.4770805303257,247.71513614779295,0.23805561746723924
Toyota Corolla,Sergipe,925.4456164379045,183.42731002755795,100.78728044580781,83.9697778718621,117.0803089858668,33.11053111400469
Toyota Corolla,Tocantins,396.1293150684051,290.06184503198983,96.45255783748371,92.96826676513986,100.9039316349568,7.9356648698169465
Toyota Hilux,Acre,413.9082191783003,225.65630657304104,130.4902704085292,119.70003611767577,139.9217633630691,20.221727245393325
Toyota Hilux,Alagoas,481.83465753490105,1029.9404416836785,849.1057313633335,751.3715354235159,1030.7618513592602,279.3903159357443
Toyota Hilux,Amapa,113.01,0.0,17.151209182282553,5.711531605878727,107.96185310360362,102.25032149772488
Toyota Hilux,Amazonas,419.84095890440045,916.6518698039453,434.94223766567535,334.2243808774192,917.6224599985626,583.3980791211434
Toyota Hilux,Bahia,2656.442054793574,1096.8272372974511,1062.1663095298277,988.2191019664639,1097.341477291766,109.12237532530219
Toyota Hilux,Ceara,3374.9654794522003,1052.2768370882527,1051.7137085514566,1049.6637187241324,1053.127995468029,3.464276743896562
Toyota Hilux,Distrito Federal,1425.0428767118044,183.69342023169148,337.68967107428404,183.53395067331826,438.491376988442,254.95742631512377
Toyota Hilux,Esperito Santo,1458.7591780827008,436.8342695451226,567.9243869673423,463.87923888235974,619.5514167431381,155.6721778607784
Toyota Hilux,Goias,3658.721095891036,1126.2115619109538,1126.3304060330322,1125.347615819399,1127.3914532452632,2.0438374258642398
Toyota Hilux,Maranhao,1400.2846575344354,446.70845790840025,347.3670991807937,305.01848622819296,447.1842137608863,142.16572753269332
Toyota Hilux,Mato Grosso,3046.3546575344353,408.0746136781508,412.1645374019744,387.9046328589675,432.47006613295156,44.56543327398407
Toyota Hilux,Mato Grosso do Sul,1817.0882191783003,165.20771904830858,170.5876513232316,158.62073201091852,185.883296292808,27.262564281889496
Toyota Hilux,Minas Gerais,4938.239589039814,393.3395626066979,453.7043805050827,393.11685000373654,513.2315684272932,120.11471842355661
Toyota Hilux,Para,1400.8756164388358,640.1624737246292,524.5241020251046,475.6267148278836,640.5789210585754,164.9522062306918
Toyota Hilux,Paraiba,850.3119178078696,311.55625888788194,305.7928619031102,271.1476492344806,332.3774704082938,61.22982117381321
Toyota Hilux,Parana,4056.942054795902,929.347510779194,929.5038843610619,928.6145738381315,930.3317012498896,1.717127411758156
Toyota Hilux,Pernambuco,1819.3719178078695,958.2043027796697,930.3202325021231,851.0812868085451,959.2157919004214,108.13450509187635
Toyota Hilux,Piaui,890.9782191783004,144.03382398994282,114.85288554253157,107.8614761718509,123.22578430304205,15.364308131191152
Toyota Hilux,Rio Grande do Norte,1076.8310958901047,275.0189896356998,416.34442565545015,274.6488689142537,501.6689583628496,227.0200894485959
Toyota Hilux,Rio Grande do Sul,4333.80205479404,383.83294367583994,383.76800147541945,383.21925914163614,384.32598581323197,1.1067266715958226
Toyota Hilux,Rio de Janeiro,2997.50739726007,718.7108201865382,718.7007293063394,717.8985200163136,719.4762232145209,1.5777031982073595
Toyota Hilux,Santa Catarina,2800.269589042142,301.4545468419527,339.445837446509,301.1029606582183,442.20534765421974,141.10238699600143
Toyota Hilux,Sao Paulo,11423.628767122049,731.2164260835311,731.2393642152928,730.8107218165286,731.6576593120749,0.8469374955462854
Toyota Hilux,Sergipe,618.6719178078696,1050.0670570306213,616.4115342127456,344.8415910782753,1051.5691776132585,706.7275865349832
Toyota Hilux,Tocantins,604.5301369857043,518.9335995128702,365.28115811581523,316.4930073303447,519.6909149538234,203.19790762347867
Toyota Land Cruiser,Ceara,105.69547945220023,933.1241081564242,439.86192762480385,337.388490847178,823.1278006563388,485.7393098091608
Toyota Land Cruiser,Rio Grande do Sul,171.61547945220025,1240.6456613332632,759.056007012237,619.8908641640411,1316.7134467677831,696.822582603742
Toyota Land Cruiser,Rio de Janeiro,137.53,2841.896313531593,1446.322910575283,1128.6484222825634,2844.590475188594,1715.9420529060308
Toyota Land Cruiser,Sao Paulo,491.14,263.36278861424444,757.6927796867193,262.9677259038938,1092.2378386104624,829.2701127065686
Toyota Rav4,Minas Gerais,177.08547945220025,181.95732422373746,66.2372060105321,59.0930600741175,72.01115581497913,12.91809574086163
Toyota Rav4,Parana,161.90643835566937,63.17228705588318,90.89096412510396,75.76532856041293,104.87880057408962,29.1134720136767
Toyota Rav4,Rio Grande do Sul,306.5264383566007,126.47522415309197,93.97347702575158,81.04974045713124,110.98906975036807,29.93932929323684
Toyota Rav4,Rio de Janeiro,243.1627397261001,62.443777435240875,175.28838094088758,132.8007532286247,204.5884165499187,71.78766332129399
Toyota Rav4,Santa Catarina,184.62821917830036,386.72311479669924,51.755357661323366,40.80801354727901,65.12732477384209,24.31931122656308
Toyota Rav4,Sao Paulo,1412.6482191778348,144.0705458280688,168.5089868355039,141.97127528745457,180.23941450971085,38.26813922225628
Triumph Motos Acima De 450cc,Sao Paulo,259.4109589039348,1760.9664677627118,1769.4607969274273,1762.5341385167603,1777.3079498870334,14.773811370273052
Troller T4,Ceara,140.44,0.0,74.3757396587313,46.40550158092466,93.28368063498193,46.87817905405728
Troller T4,Minas Gerais,161.6027397261001,0.0,95.08549857256315,91.42449510543133,98.96368055020402,7.539185444772684
Troller T4,Parana,181.59,365.52673605374747,144.71337180144664,103.18714821536551,167.3429875106632,64.15583929529768
Troller T4,Rio Grande do Sul,120.71273972610012,0.0,165.45623901640027,151.46837451917636,184.09006967335463,32.62169515417827
Troller T4,Rio de Janeiro,130.49,0.0,278.90221321029605,259.20542492160314,288.5933470323303,29.387922110727175
Troller T4,Santa Catarina,161.21547945220024,0.0,87.86666112826038,80.00648697355514,95.92188803839144,15.915401064836303
Troller T4,Sao Paulo,531.4727397261001,366.18435049048395,251.2763225356581,235.86504654074645,262.42804407274406,26.56299753199761
Volkswagen Caminhoes - Todos,Alagoas,247.53369863003493,370.50308910494323,395.36324817829507,287.8022278481193,453.33043891186685,165.52821106374756
Volkswagen Caminhoes - Todos,Amazonas,223.94,0.0,161.25005338409014,102.25128717516743,193.27705021345298,91.02576303828555
Volkswagen Caminhoes - Todos,Bahia,1993.024794521071,499.9606641820257,508.2183600158227,499.3535903396556,520.9616533443625,21.608063004706878
Volkswagen Caminhoes - Todos,Ceara,657.5409589039348,0.0,34.01024277169748,0.10118783831351333,239.40286744988134,239.30167961156783
Volkswagen Caminhoes - Todos,Distrito Federal,473.92643835613507,954.500452789825,304.6102173898528,204.99817261818038,955.6217867897869,750.6236141716065
Volkswagen Caminhoes - Todos,Esperito Santo,823.3209589044004,238.53759323865833,292.4274173779354,252.6385301791801,315.97062024595135,63.33209006677126
Volkswagen Caminhoes - Todos,Goias,1355.8083561644703,615.5198824418259,357.9788279275767,279.4624996494989,616.0441629963035,336.5816633468046
Volkswagen Caminhoes - Todos,Maranhao,450.4782191778347,0.0,127.2980432472553,62.07983694273722,168.79538792810771,106.7155509853705
Volkswagen Caminhoes - Todos,Mato Grosso,791.8436986305006,151.05506327431766,199.57643140064772,159.3442488168922,216.1782093336855,56.8339605167933
Volkswagen Caminhoes - Todos,Mato Grosso do Sul,544.241917808801,76.24734266532262,89.51233488432112,85.60623225394363,93.04146131565403,7.435229061710402
Volkswagen Caminhoes - Todos,Minas Gerais,4413.925890412107,306.8991264539615,273.2185822748973,255.87493462179313,307.1353054348341,51.260370813040964
Volkswagen Caminhoes - Todos,Para,718.3673972605355,93.11391393189928,194.54329044932075,92.89755889872549,264.1140496896623,171.2164907909368
Volkswagen Caminhoes - Todos,Paraiba,240.39821917783468,0.0,149.991256036032,119.4018466668928,167.1576313375966,47.755784670703804
Volkswagen Caminhoes - Todos,Parana,4408.079452055972,323.8954777310286,323.8091824957049,323.4305402123226,324.29875318526933,0.8682129729467079
Volkswagen Caminhoes - Todos,Pernambuco,1211.8119178083352,147.21673997285794,311.9223162316002,146.91189149719864,424.1917216746449,277.27983017744623
Volkswagen Caminhoes - Todos,Piaui,314.53,0.0,53.468249682588464,41.10353748445915,62.68551483650343,21.581977352044277
Volkswagen Caminhoes - Todos,Rio Grande do Norte,379.5154794522002,305.1601483216618,225.92500779369627,201.13580207218976,236.53101018878365,35.39520811659389
Volkswagen Caminhoes - Todos,Rio Grande do Sul,2321.4393150693363,358.09895809194165,407.7744248784257,353.5869612321397,451.8957174136486,98.3087561815089
Volkswagen Caminhoes - Todos,Rio de Janeiro,3914.7465753427705,685.5529338486011,685.4226416286491,684.708622611552,686.1955121976908,1.4868895861388864
Volkswagen Caminhoes - Todos,Santa Catarina,3317.4275342467054,251.38876174106687,243.09872111324026,229.59575489954938,251.85691632824796,22.261161428698585
Volkswagen Caminhoes - Todos,Sao Paulo,17078.180958902725,1472.6932019589017,1472.6659327249613,1472.2008517384857,1473.1485867442384,0.9477350057527474
Volkswagen Caminhoes - Todos,Sergipe,321.70095890440047,379.2279650501571,143.19525583871658,87.54773318775514,176.4162583794457,88.86852519169057
Volkswagen Caminhoes - Todos,Tocantins,284.20917808223516,0.0,172.17135368056853,169.29245453170836,175.63349835658332,6.3410438248749585
Volvo - Outros,Rio de Janeiro,129.03,0.0,737.0745983351478,622.127234558621,870.0920215994007,247.9647870407797
Volvo - Outros,Sao Paulo,381.3328767122701,1028.1201122236855,737.8443517013344,521.4324346925818,1029.8905874508089,508.45815275822713
Volvo Caminhoes - Todos,Bahia,223.12369863003494,3454.653202383943,3453.340196609977,3446.7677497432237,3459.7532766756262,12.985526932402536
Volvo Caminhoes - Todos,Ceara,127.60273972610011,0.0,377.4388093251237,332.8569353155253,427.64838991473175,94.79145459920647
Volvo Caminhoes - Todos,Esperito Santo,210.9127397261001,0.0,78.59407141442075,0.27487338056999744,562.6440809738683,562.3692075932984
Volvo Caminhoes - Todos,Goias,483.7491780822352,599.4800883169701,482.9612374060494,440.1932557020058,523.6308439909672,83.43758828896136
Volvo Caminhoes - Todos,Mato Grosso,500.8901369871013,381.70246503560816,352.1465216311828,322.87607965271,399.41989906944895,76.54381941673893
Volvo Caminhoes - Todos,Mato Grosso do Sul,219.08369863003492,0.0,143.31833713889623,126.84239796986566,164.59900065627477,37.75660268640911
Volvo Caminhoes - Todos,Minas Gerais,1093.3209589044004,624.2732241079084,468.63048333388423,394.18994651675854,555.8841943269852,161.6942478102266
Volvo Caminhoes - Todos,Para,132.43,0.0,68.82035668819948,0.3265061258275623,441.7395855580845,441.41307943225695
Volvo Caminhoes - Todos,Parana,2012.83013698617,547.1961989048696,547.2415532158232,546.4611574526457,548.0835587335423,1.6224012808966108
Volvo Caminhoes - Todos,Rio Grande do Sul,906.5582191778346,647.9462516292875,703.9804421212988,656.8241523844589,796.3451062769428,139.52095389248393
Volvo Caminhoes - Todos,Rio de Janeiro,269.8636986305006,828.8035817156809,1125.984928802101,827.1486845264367,1443.242306716478,616.0936221900413
Volvo Caminhoes - Todos,Santa Catarina,1159.8191780827008,2761.9951976441457,2761.533585667083,2758.7694638868975,2764.1157147259446,5.346250839047116
Volvo Caminhoes - Todos,Sao Paulo,3405.57753424624,1322.108792039748,1291.7543848856972,1204.5874657249515,1322.9298379682327,118.34237224328126
Volvo S40,Sao Paulo,156.81369863003493,0.0,25.301595744951207,5.576526346872197,254.77561625717743,249.19908991030525
Volvo S60,Sao Paulo,104.57000000000001,0.0,145.69932686832067,88.81628095775326,238.79627712635525,149.97999616860199
Volvo Xc60,Rio de Janeiro,107.98,1319.799962956103,343.5976819969476,181.14773745728874,1322.1665619895382,1141.0188245322495
Volvo Xc60,Sao Paulo,472.12,0.0,62.348797280882955,1.960802535857038,246.29542569607864,244.3346231602216
Volvo Xc90,Sao Paulo,140.1,0.0,123.86124136932108,29.64795333763605,270.7039129740357,241.05595963639965
Vw Volkswagen - Outros,Bahia,154.62,0.0,322.8779181462793,297.210451701614,370.6593437455187,73.44889204390472
Vw Volkswagen - Outros,Distrito Federal,266.5327397261001,474.25318229159353,127.13480878778655,121.79254680669725,140.4072290850713,18.614682278374048
Vw Volkswagen - Outros,Goias,128.1727397261001,1128.6799385668537,274.53221704686626,159.11984149355155,1130.2536589547155,971.133817461164
Vw Volkswagen - Outros,Minas Gerais,532.8019178083352,216.39374061238843,148.68135108672786,124.25169000074862,166.74124304142597,42.48955304067735
Vw Volkswagen - Outros,Parana,727.0554794522002,600.8867443364372,326.6636810816152,256.6239092467171,601.5952114354205,344.9713021887034
Vw Volkswagen - Outros,Pernambuco,137.29,0.0,250.42355160413587,228.25699911977156,284.9845968690914,56.72759774931981
Vw Volkswagen - Outros,Rio Grande do Sul,965.4354794522002,231.81248748698033,259.9909149431471,246.96442531782864,276.9911403747719,30.02671505694323
Vw Volkswagen - Outros,Rio de Janeiro,632.3709589039348,326.2547039756481,429.95675175163194,318.5918238195584,497.6426774675951,179.0508536480367
Vw Volkswagen - Outros,Santa Catarina,566.9854794522003,94.00240734823491,129.744229122254,101.24478958742047,143.31272241641935,42.06793282899888
Vw Volkswagen - Outros,Sao Paulo,4341.649178082701,346.2306460845433,391.74325875633804,345.9755102394596,413.6997189556213,67.72420871616168
Vw Volkswagen Apolo,Sao Paulo,109.4,0.0,87.73255693625802,21.499975772261802,159.78104147258617,138.28106570032438
Vw Volkswagen Bora,Bahia,127.78547945220024,0.0,289.88461330551104,259.5859708589257,342.05627073458334,82.47029987565764
Vw Volkswagen Bora,Distrito Federal,345.6782191778347,314.9489726571148,111.64536033826681,104.77796074399969,115.21546648658803,10.437505742588343
Vw Volkswagen Bora,Esperito Santo,141.06643835613505,0.0,189.83651699253642,159.14954381731727,272.8692964910936,113.71975267377636
Vw Volkswagen Bora,Goias,148.68273972610012,679.2584007131479,170.69668715010727,146.879955040079,240.8168119378784,93.9368568977994
Vw Volkswagen Bora,Maranhao,111.79547945220023,0.0,88.57148138610044,82.79431210717328,95.12696232406206,12.33265021688878
Vw Volkswagen Bora,Minas Gerais,543.7419178078696,0.0,23.20400254642477,0.08919463093576234,154.97971652520567,154.8905218942699
Vw Volkswagen Bora,Parana,684.8819178083353,346.98536174013117,248.56462014545005,220.53001777042743,305.32886092173453,84.7988431513071
Vw Volkswagen Bora,Pernambuco,101.54,320.9572582233602,226.8831483311895,206.00764395284742,236.96622959219098,30.958585639343568
Vw Volkswagen Bora,Rio Grande do Sul,745.6864383566007,194.9036384788015,231.82611113014104,221.29931855520482,242.41931883612813,21.120000280923307
Vw Volkswagen Bora,Rio de Janeiro,724.1009589044005,502.6011849931115,448.32093168530076,414.74083282172217,490.0387456030873,75.29791278136514
Vw Volkswagen Bora,Santa Catarina,512.8391780822352,249.4622202586196,149.90132307175745,123.47047485062826,237.61627675044642,114.14580189981815
Vw Volkswagen Bora,Sao Paulo,1887.004657534901,283.18637045553584,361.1635219652244,325.59931501631564,380.6800437229651,55.08072870664944
Vw Volkswagen Crossfox,Alagoas,379.5436986300349,503.3175381109671,287.5667080253722,237.94496612907568,503.95362218466903,266.00865605559335
Vw Volkswagen Crossfox,Amazonas,157.21,249.53883340754405,90.85311173062509,66.45466105335866,103.43819066763524,36.98352961427658
Vw Volkswagen Crossfox,Bahia,2141.7482191778345,379.9489560506701,309.8227527617986,285.9771400316219,364.8561696056651,78.87902957404322
Vw Volkswagen Crossfox,Ceara,948.26,0.0,18.081654749511557,0.04246068533126165,140.25507122057144,140.21261053524017
Vw Volkswagen Crossfox,Distrito Federal,1722.3182191778346,78.82573527254898,111.21337054451374,85.59653954219215,122.80412983400264,37.20759029181049
Vw Volkswagen Crossfox,Esperito Santo,824.22,177.68920919172066,172.18464258936785,163.3744370797581,181.4884430355097,18.114005955751594
Vw Volkswagen Crossfox,Goias,2269.1654794522,334.9169581865257,190.243171147296,152.25820272014647,335.3076626052868,183.04945988514032
Vw Volkswagen Crossfox,Maranhao,239.71,0.0,78.71754598358673,46.37730894411712,96.78019388235438,50.402884938237264
Vw Volkswagen Crossfox,Mato Grosso,599.46,84.03396390084409,104.62926344344152,62.19057614549971,125.9987284000252,63.80815225452549
Vw Volkswagen Crossfox,Mato Grosso do Sul,372.4982191778347,89.87693974455422,48.093391006321106,44.05149696408849,52.87637141629308,8.82487445220459
Vw Volkswagen Crossfox,Minas Gerais,5050.33,133.58216195773346,146.12866612205954,133.42541113645592,160.05297424596765,26.627563109511726
Vw Volkswagen Crossfox,Para,629.3882191778347,0.0,21.387649771443105,0.0764782140356312,139.7424773044331,139.66599909039746
Vw Volkswagen Crossfox,Paraiba,451.69,197.86579291106733,88.82120906402639,82.72626159658785,92.44577578192263,9.719514185334788
Vw Volkswagen Crossfox,Parana,2838.4409589044003,195.2381634930687,236.89153957968915,211.93459081790598,250.28668526327314,38.35209444536716
Vw Volkswagen Crossfox,Pernambuco,1352.4827397261001,261.66174961439367,230.37078764617243,203.30569602833995,262.03872693069803,58.73303090235808
Vw Volkswagen Crossfox,Piaui,242.70821917830034,0.0,29.486624335144107,20.56862313697415,34.90217178020823,14.333548643234078
Vw Volkswagen Crossfox,Rio Grande do Norte,490.8373972605355,15.687476225273958,134.23044306884856,129.69174767156596,140.10278733466635,10.411039663100382
Vw Volkswagen Crossfox,Rio Grande do Sul,2731.9654794522003,151.75521181297336,221.84273303016872,151.56059010110266,254.9918338656256,103.43124376452295
Vw Volkswagen Crossfox,Rio de Janeiro,3107.24,489.6577026557331,455.6926998875484,436.3486685944053,474.70381258621796,38.35514399181267
Vw Volkswagen Crossfox,Santa Catarina,2211.6727397261,108.4898302041356,132.07953358582634,127.45028360084616,135.66359879868816,8.213315197841993
Vw Volkswagen Crossfox,Sao Paulo,12728.510958903935,640.6794971013818,640.6687876676488,640.282008374007,641.0754742737282,0.7934658997212409
Vw Volkswagen Crossfox,Sergipe,615.583698630035,0.0,92.12516362093206,76.8577354757801,107.32274182832424,30.465006352544137
Vw Volkswagen Crossfox,Tocantins,175.84547945220024,372.5714201132411,98.6915812340315,87.27734706882596,103.20001031622084,15.92266324739488
Vw Volkswagen Fox 1.0,Alagoas,823.066438356135,162.87385046065373,108.30305752659406,92.28289603576205,121.53979867828856,29.256902642526512
Vw Volkswagen Fox 1.0,Amazonas,380.06547945220024,29.973782455643253,43.647997946174506,29.74955955660877,54.399026548846464,24.649466992237695
Vw Volkswagen Fox 1.0,Bahia,4824.0382191783,98.93723439058837,125.17350071377165,98.83102394944187,147.7425982798536,48.91157433041174
Vw Volkswagen Fox 1.0,Ceara,2696.3127397261,23.404555068938517,57.14839878483425,36.218412183070605,72.2336581674041,36.0152459843335
Vw Volkswagen Fox 1.0,Distrito Federal,3990.9554794522,132.5900533655246,70.6595547290668,52.15192369929437,132.7620404547669,80.61011675547252
Vw Volkswagen Fox 1.0,Esperito Santo,1875.6946575335041,78.913163933963,86.96174954442986,76.94047182169142,95.38124384677135,18.440772025079937
Vw Volkswagen Fox 1.0,Goias,3690.7046575339696,77.53397428208226,73.52086667324254,54.609392024794964,88.94687119434012,34.337479169545155
Vw Volkswagen Fox 1.0,Maranhao,355.1227397261001,0.0,34.29670981734367,15.735706353500476,49.295666228615424,33.55995987511495
Vw Volkswagen Fox 1.0,Mato Grosso,748.1027397261001,33.17325105517746,60.20518651093193,50.73761902810786,64.60934759125162,13.871728563143762
Vw Volkswagen Fox 1.0,Mato Grosso do Sul,1042.8409589044004,0.6309686960236861,22.2600483781673,19.174030488273626,23.494545422750786,4.32051493447716
Vw Volkswagen Fox 1.0,Minas Gerais,10709.547397259605,32.714827901098005,40.00574080942348,32.64426393443234,73.08677228378747,40.44250834935513
Vw Volkswagen Fox 1.0,Para,905.8409589044005,31.130188718896328,58.23955395388098,42.48177332293244,70.88721317775673,28.405439854824294
Vw Volkswagen Fox 1.0,Paraiba,876.65,0.0,39.2452368270438,28.026792723152628,48.75952605350148,20.732733330348854
Vw Volkswagen Fox 1.0,Parana,6710.150958903935,97.116891108877,112.85128776960838,99.79101414450547,124.55853760327233,24.76752345876686
Vw Volkswagen Fox 1.0,Pernambuco,3187.7582191783004,101.73450359218121,98.92969129354779,72.19238380784279,116.21172623801137,44.01934243016858
Vw Volkswagen Fox 1.0,Piaui,304.32,0.0,14.094858229389697,8.51890080801347,18.02608644335086,9.50718563533739
Vw Volkswagen Fox 1.0,Rio Grande do Norte,1098.9282191783004,92.25716314374716,70.14925827306142,61.055373578319106,85.31795474503679,24.26258116671768
Vw Volkswagen Fox 1.0,Rio Grande do Sul,6803.5109589044005,105.27446848051211,116.03013645592706,105.1863174864902,127.91171244713718,22.72539496064698
Vw Volkswagen Fox 1.0,Rio de Janeiro,13087.8936986305,298.7675549664009,298.84359200543435,298.5211925017271,299.162841751538,0.6416492498108823
Vw Volkswagen Fox 1.0,Santa Catarina,5002.4536986300345,56.60742048997879,61.21466152384145,56.52752455579532,65.26062505642545,8.733100500630137
Vw Volkswagen Fox 1.0,Sao Paulo,61481.76561643791,223.99704793640404,217.31764568995087,206.26135674534564,225.15587643888,18.894519693534363
Vw Volkswagen Fox 1.0,Sergipe,573.9554794522003,2.099465974521381,39.81079455829791,25.034410608586164,51.70299819725111,26.66858758866495
Vw Volkswagen Fox 1.0,Tocantins,211.1327397261001,53.51609615191871,41.03878941797449,28.22757228227322,51.963435140015186,23.735862857741967
Vw Volkswagen Fox Acima De 1.0,Alagoas,113.59547945220024,0.0,129.60802017086755,93.32478005284968,145.92814977065328,52.6033697178036
Vw Volkswagen Fox Acima De 1.0,Bahia,638.9754794522003,157.59446682731897,179.662089238475,169.97450069206246,198.89548139716112,28.920980705098657
Vw Volkswagen Fox Acima De 1.0,Ceara,332.6082191778347,174.2861320243138,88.60228883460542,75.60550789422174,108.90515761547184,33.29964972125009
Vw Volkswagen Fox Acima De 1.0,Distrito Federal,1384.9819178083353,0.0,11.075526400335486,0.03983113072528132,73.01581719663132,72.97598606590604
Vw Volkswagen Fox Acima De 1.0,Esperito Santo,398.0754794522002,116.30708845396103,105.5242511751887,87.5359647537726,113.5230396886054,25.98707493483279
Vw Volkswagen Fox Acima De 1.0,Goias,1005.1391780817695,135.34444081626768,105.90118260493725,100.80183252446203,108.72628683047593,7.924454306013899
Vw Volkswagen Fox Acima De 1.0,Mato Grosso,246.1027397261001,0.0,68.65919646434985,49.533687016209164,83.39295524438185,33.85926822817269
Vw Volkswagen Fox Acima De 1.0,Mato Grosso do Sul,251.91,14.616331229407328,32.936290048964906,29.856443398082195,40.400823008076884,10.544379609994689
Vw Volkswagen Fox Acima De 1.0,Minas Gerais,3830.85739726007,79.43783034514783,91.48706729902233,78.31587569900856,102.35688268735663,24.041006988348073
Vw Volkswagen Fox Acima De 1.0,Para,151.73821917783468,0.0,94.84019493445162,87.31334286244817,110.61145671207655,23.29811384962838
Vw Volkswagen Fox Acima De 1.0,Paraiba,123.95095890440047,0.20169267120621248,54.90194984479123,46.91761771972743,58.47936527094034,11.56174755121291
Vw Volkswagen Fox Acima De 1.0,Parana,2400.2831506841444,152.7673932533689,144.7565628795611,125.21318922313566,153.1653860222627,27.95219679912705
Vw Volkswagen Fox Acima De 1.0,Pernambuco,580.603698630035,162.08818549047336,152.3706504585854,130.10954402891613,185.22187761960149,55.11233359068535
Vw Volkswagen Fox Acima De 1.0,Rio Grande do Norte,142.35369863003493,0.0,78.60619579601519,67.13401556968049,86.16259762612233,19.02858205644185
Vw Volkswagen Fox Acima De 1.0,Rio Grande do Sul,1634.91356164312,111.22545207664878,148.81269585095677,136.45335865663554,161.1547416493236,24.701382992688053
Vw Volkswagen Fox Acima De 1.0,Rio de Janeiro,2504.343698630035,273.7419789364443,277.26266359360415,273.5222714455413,282.51967066091015,8.99739921536883
Vw Volkswagen Fox Acima De 1.0,Santa Catarina,1045.0412328767404,89.37542085577822,85.89374890234227,79.89265603832693,97.27161854046983,17.378962502142898
Vw Volkswagen Fox Acima De 1.0,Sao Paulo,22406.908219177836,261.95224894866675,254.55893746363114,250.61458495139615,262.02670776406296,11.412122812666809
Vw Volkswagen Fox Acima De 1.0,Sergipe,145.90547945220024,242.13621128310027,54.449230414459905,37.06790585930897,68.55063596045164,31.48273010114267
Vw Volkswagen Fusca,Minas Gerais,146.90095890440045,0.0,35.76550116665716,33.12466010563919,39.50160128881531,6.376941183176122
Vw Volkswagen Fusca,Parana,221.11821917830034,0.0,64.27820484166882,54.31594896474556,96.63534402811266,42.3193950633671
Vw Volkswagen Fusca,Rio Grande do Sul,217.02821917830036,0.0,65.2444178325057,58.11336720383679,82.84360183340175,24.73023462956496
Vw Volkswagen Fusca,Santa Catarina,318.17821917830037,0.0,30.793718072763443,26.79924175954585,32.65844528429052,5.859203524744672
Vw Volkswagen Fusca,Sao Paulo,376.68547945220024,197.18572669171718,97.7718911392931,94.98764701501064,101.00935197928796,6.021704964277319
Vw Volkswagen Gol 1.0,Acre,196.5409589039348,3.347902664510846,30.02088811644966,23.628977419650823,42.52787927303999,18.89890185338917
Vw Volkswagen Gol 1.0,Alagoas,2912.2656164379046,124.48761471264314,159.81145489107354,127.9656485288026,178.37475574061256,50.40910721180995
Vw Volkswagen Gol 1.0,Amapa,220.72,0.0,3.440118093834538,1.1767598366654528,21.749827828492656,20.5730679918272
Vw Volkswagen Gol 1.0,Amazonas,1302.574657534901,72.627698882945,73.37903169202659,70.50157828541612,76.87159948993349,6.370021204517371
Vw Volkswagen Gol 1.0,Bahia,13501.46383561574,224.57979645150954,214.82729568866083,203.44069010690242,225.27912730005212,21.8384371931497
Vw Volkswagen Gol 1.0,Ceara,7740.283698630501,65.31259314040976,85.46062217254251,65.35216716072784,97.87549045363498,32.523323292907136
Vw Volkswagen Gol 1.0,Distrito Federal,10192.33657534184,137.02118151972044,137.10330045761526,136.82470435303293,137.43482871917408,0.6101243661411502
Vw Volkswagen Gol 1.0,Esperito Santo,6486.114657534901,196.14531459478047,178.06154277078213,133.2460047736102,196.36319459921927,63.117189825609074
Vw Volkswagen Gol 1.0,Goias,14281.30205479497,125.9354359356991,119.61904221749302,110.15619572874863,126.01527358653108,15.859077857782452
Vw Volkswagen Gol 1.0,Maranhao,1861.4209589044005,30.536348980112272,51.813488495851566,25.842065517177257,69.14779383310115,43.305728315923886
Vw Volkswagen Gol 1.0,Mato Grosso,5003.379315068405,120.01068921391395,94.43749057925346,83.06473522096245,120.11057545124935,37.0458402302869
Vw Volkswagen Gol 1.0,Mato Grosso do Sul,4446.4309589044005,30.411132265352528,31.994275229688263,23.227644099675164,36.742807703710206,13.515163604035042
Vw Volkswagen Gol 1.0,Minas Gerais,40958.51506849295,87.28651402575238,87.29097770290099,87.21631901659579,87.36223475495028,0.14591573835448912
Vw Volkswagen Gol 1.0,Para,2978.0991780827007,68.43895646592199,86.58538007065252,61.06456527015084,99.41743090652251,38.352865636371675
Vw Volkswagen Gol 1.0,Paraiba,2714.88013698617,56.274675967684644,63.45436664053679,60.40642221303852,66.0289889046439,5.622566691605378
Vw Volkswagen Gol 1.0,Parana,31601.690684932248,127.16243697417278,127.13196922791685,126.99408423458047,127.26086269856313,0.2667784639826607
Vw Volkswagen Gol 1.0,Pernambuco,10094.046438356136,209.7543351846128,203.2366031974928,184.84785559469546,209.97038320559443,25.12252761089897
Vw Volkswagen Gol 1.0,Piaui,1243.1946575344355,3.1604061167638746,23.182856950701254,20.062955118041387,25.850059736935716,5.787104618894329
Vw Volkswagen Gol 1.0,Rio Grande do Norte,3149.073013697974,96.9215380756087,92.55769914464906,80.7037473278118,103.57067983968403,22.866932511872236
Vw Volkswagen Gol 1.0,Rio Grande do Sul,30876.068630137277,114.90679213405498,114.92352115340665,114.81789157832412,115.02450315279165,0.2066115744675301
Vw Volkswagen Gol 1.0,Rio de Janeiro,28355.126575341837,379.1557400187832,378.64360468279506,376.63689623965604,379.61076232485675,2.9738660852007115
Vw Volkswagen Gol 1.0,Rondonia,165.73369863050058,3.3608131876777727,2.038326440792035,0.50307439455227,41.36788112903432,40.86480673448205
Vw Volkswagen Gol 1.0,Roraima,202.67821917783468,4.647761381668086,10.67509315353118,4.4937028960358445,34.99484729175359,30.50114439571774
Vw Volkswagen Gol 1.0,Santa Catarina,19311.202328769174,95.05912520346946,96.59734765454796,91.09905263166561,99.73771432223684,8.638661690571226
Vw Volkswagen Gol 1.0,Sao Paulo,140074.2178082186,328.97202440987905,329.0896356451162,328.9067870051985,329.4693926917644,0.5626056865659166
Vw Volkswagen Gol 1.0,Sergipe,1893.4782191783004,66.23419204390142,65.6135732017041,55.66549601817986,75.99042770036988,20.32493168219002
Vw Volkswagen Gol 1.0,Tocantins,1113.390958903935,30.20502342960165,70.24475686766922,65.96092129600447,76.23492945062964,10.274008154625164
Vw Volkswagen Gol Acima De 1.0,Alagoas,506.7546575344354,21.49758238632414,191.2934866890148,123.78229082140733,260.31423509530373,136.53194427389639
Vw Volkswagen Gol Acima De 1.0,Amazonas,199.49109589057042,182.1835698368025,87.7790080139936,69.71610933114209,106.19356166346715,36.47745233232506
Vw Volkswagen Gol Acima De 1.0,Bahia,2106.3183561644705,198.90440529745166,250.34859132147167,198.55468703139937,286.10258169194185,87.54789466054248
Vw Volkswagen Gol Acima De 1.0,Ceara,1279.4310958896392,96.81959458228229,109.3075657675463,69.53909724931876,132.01964145101505,62.48054420169629
Vw Volkswagen Gol Acima De 1.0,Distrito Federal,2982.59,117.68563563882397,111.0245873027775,99.08118238247172,117.86900623191127,18.787823849439548
Vw Volkswagen Gol Acima De 1.0,Esperito Santo,1554.1854794522003,152.98109726504651,156.89384450309046,140.4764697054545,180.81807893772913,40.341609232274635
Vw Volkswagen Gol Acima De 1.0,Goias,3322.9649315077068,319.0653593563333,228.12713524625346,156.90679661420592,319.3942388979597,162.4874422837538
Vw Volkswagen Gol Acima De 1.0,Maranhao,324.4428767122701,0.0,68.88936514235589,33.39528260263249,93.20601993659264,59.81073733396015
Vw Volkswagen Gol Acima De 1.0,Mato Grosso,1115.0291780822351,123.002162361248,102.29963553205154,78.32980769530292,117.28010589770382,38.9502982024009
Vw Volkswagen Gol Acima De 1.0,Mato Grosso do Sul,1031.6264383566006,107.48270486033395,44.42829163500903,37.32149605980814,52.58851136356285,15.267015303754711
Vw Volkswagen Gol Acima De 1.0,Minas Gerais,10944.033287671711,145.0044017855516,138.2306901957599,130.75585531947058,150.67535826427712,19.91950294480654
Vw Volkswagen Gol Acima De 1.0,Para,455.7464383566007,67.1930648770949,117.46084522834018,100.12531212124354,133.89170490566536,33.766392784421825
Vw Volkswagen Gol Acima De 1.0,Paraiba,457.8182191778347,370.07046225521367,121.68953234778445,78.32427178249712,370.64136756449176,292.3170957819946
Vw Volkswagen Gol Acima De 1.0,Parana,9406.83219178114,222.67889522151427,219.56887707115814,210.71920767229474,235.76361456147617,25.04440688918143
Vw Volkswagen Gol Acima De 1.0,Pernambuco,1671.4591780817696,252.26401310255181,217.9024150347016,192.60238075259667,252.59429263424354,59.99191188164687
Vw Volkswagen Gol Acima De 1.0,Piaui,293.3582191783004,8.389061015209624,26.03838976245319,14.412211514893885,35.393919803097745,20.981708288203862
Vw Volkswagen Gol Acima De 1.0,Rio Grande do Norte,412.05547945220025,0.0,125.6260721458469,117.61538693808888,139.54562196540087,21.930235027311994
Vw Volkswagen Gol Acima De 1.0,Rio Grande do Sul,7644.91602739688,90.95194734751833,91.92396824024246,90.78548816294138,95.04705830521166,4.261570142270287
Vw Volkswagen Gol Acima De 1.0,Rio de Janeiro,6906.4075342457745,325.2636032352704,355.2332892711969,325.0076033231317,407.4234684428834,82.41586511975169
Vw Volkswagen Gol Acima De 1.0,Santa Catarina,4562.866712329406,123.66567677185827,127.4773635363097,119.39725142469375,141.71070228320892,22.313450858515168
Vw Volkswagen Gol Acima De 1.0,Sao Paulo,43920.453150685076,456.4080869390421,456.4378135350387,456.2568882513817,456.62343137660787,0.3665431252261442
Vw Volkswagen Gol Acima De 1.0,Sergipe,488.31369863003493,47.81762228974627,74.76750320335002,43.29335633256377,93.72516220952727,50.4318058769635
Vw Volkswagen Gol Acima De 1.0,Tocantins,279.92547945220025,94.77879631364677,84.47324445549357,71.1110465038167,91.83957846596499,20.728531962148296
Vw Volkswagen Golf,Alagoas,307.7436986305006,747.7326132883285,432.86158313273256,355.63481599155784,748.175467131811,392.5406511402532
Vw Volkswagen Golf,Amazonas,103.33,0.0,156.26521148053303,142.2696294908737,165.73414585332702,23.46451636245331
Vw Volkswagen Golf,Bahia,1015.6919178078696,687.5185159562265,490.24867633141264,420.19892270197386,688.0560777539094,267.8571550519356
Vw Volkswagen Golf,Ceara,571.9382191778346,317.64444813839555,195.82473688745324,182.88537224952552,210.1740628828631,27.28869063333758
Vw Volkswagen Golf,Distrito Federal,1405.033698630035,377.0308146463099,218.72769406653006,178.06619566250762,377.35264621850894,199.2864505560013
Vw Volkswagen Golf,Esperito Santo,551.0491780817695,447.03269653266113,301.32954631617986,248.31032181939378,448.1678525463484,199.85753072695462
Vw Volkswagen Golf,Goias,1128.3773972605354,671.2435057976594,532.6392826022567,266.37618097164193,672.1649164447665,405.7887354731246
Vw Volkswagen Golf,Maranhao,211.01821917783468,0.0,105.6845842703206,48.380393846665136,140.8570994983888,92.47670565172368
Vw Volkswagen Golf,Mato Grosso,520.7919178088009,166.59436721875682,171.52284783115866,155.58373325194535,193.2614896311418,37.67775637919647
Vw Volkswagen Golf,Mato Grosso do Sul,413.8973972610012,63.77184339566038,70.19404559889118,59.89199763104957,74.30058333850064,14.408585707451074
Vw Volkswagen Golf,Minas Gerais,3418.9712328767405,217.87665039030628,226.5837632811035,213.81088090180205,244.86018226834014,31.04930136653809
Vw Volkswagen Golf,Para,197.71,392.1248292954327,199.9568399856191,192.0672728947122,214.23696355102578,22.169690656313577
Vw Volkswagen Golf,Paraiba,347.26095890440047,137.85310088134236,134.6398279959012,124.52312006398212,145.31762339111054,20.794503327128425
Vw Volkswagen Golf,Parana,3769.165616438836,229.3218414787124,317.3703730863791,229.15959306675526,381.967321925772,152.80772885901675
Vw Volkswagen Golf,Pernambuco,599.3664383566007,598.9774819296842,386.11101716507955,311.36495618537185,599.7837776356581,288.41882145028626
Vw Volkswagen Golf,Piaui,170.25095890440048,0.0,43.30277313112116,29.22127685600579,51.201963185367354,21.980686329361564
Vw Volkswagen Golf,Rio Grande do Norte,230.91369863003493,316.2566813197338,188.69937181698506,165.93869556203063,213.13412749402707,47.19543193199644
Vw Volkswagen Golf,Rio Grande do Sul,3434.3928767132015,300.74689678150463,342.26039957349315,300.5045328515009,366.93123995037746,66.42670709887653
Vw Volkswagen Golf,Rio de Janeiro,2134.30191780787,481.24306661118845,591.6771540400815,480.84799383123146,657.4299168620126,176.58192303078118
Vw Volkswagen Golf,Santa Catarina,3351.8613698619793,174.8506084618091,191.39394912885388,174.67921881589197,206.32991669017395,31.650697874281974
Vw Volkswagen Golf,Sao Paulo,13385.55767123334,365.8834484367614,365.8807994737766,365.6121966912959,366.14217760973094,0.5299809184350579
Vw Volkswagen Golf,Sergipe,223.04821917830034,0.0,127.3008934618211,98.13342615737835,165.73090362271307,67.59747746533472
Vw Volkswagen Golf,Tocantins,151.7182191778347,0.0,122.3680218540411,87.85218369308768,148.00550059898563,60.15331690589795
Vw Volkswagen Kombi,Alagoas,163.27,0.0,180.550484734596,162.98864480918647,202.15489879158648,39.16625398240001
Vw Volkswagen Kombi,Amazonas,230.52821917830033,107.26235637501318,83.5410939269914,79.7957902888939,91.42087966124852,11.625089372354623
Vw Volkswagen Kombi,Bahia,1070.0264383556694,496.17559059183316,270.83724366351055,219.17744741244954,496.91332334102566,277.7358759285761
Vw Volkswagen Kombi,Ceara,578.6991780822351,53.02582267645698,102.74508737970478,94.68671269057477,107.25151095233497,12.564798261760203
Vw Volkswagen Kombi,Distrito Federal,417.4082191783003,0.0,98.18674625350677,91.06092884862431,115.46032044749296,24.399391598868647
Vw Volkswagen Kombi,Esperito Santo,557.8491780817695,53.15415199133557,130.86129337133028,116.48922722600335,142.29531159146404,25.80608436546069
Vw Volkswagen Kombi,Goias,558.8482191783004,140.1471764822994,121.63406149592043,99.94135804309283,139.4451501953881,39.50379215229526
Vw Volkswagen Kombi,Mato Grosso,217.54547945220023,166.6088400975662,85.8967883508204,65.76248268426306,97.75476380042015,31.992281116157088
Vw Volkswagen Kombi,Mato Grosso do Sul,231.40547945220024,154.52961651837842,43.47347600813447,36.39544101360797,63.828639824993324,27.433198811385353
Vw Volkswagen Kombi,Minas Gerais,3467.032054793574,221.1655352132746,135.1277512557867,110.52278154286344,221.3740093681672,110.85122782530377
Vw Volkswagen Kombi,Para,242.0282191778347,0.0,99.12865899175014,77.77942174529619,112.86460789341031,35.08518614811412
Vw Volkswagen Kombi,Paraiba,140.95,7.123093295494857,65.3817943270871,59.138308794899636,70.59852287548415,11.460214080584514
Vw Volkswagen Kombi,Parana,3743.5456164383704,48.56732590665713,93.70153670281749,48.44336343692728,191.06561500004673,142.62225156311945
Vw Volkswagen Kombi,Pernambuco,851.4064383566007,760.5204410361739,531.3411431878105,181.38831160938108,761.6630264751333,580.2747148657522
Vw Volkswagen Kombi,Rio Grande do Norte,208.19,0.0,110.08604913525842,102.46287380264108,126.46893390613825,24.006060103497163
Vw Volkswagen Kombi,Rio Grande do Sul,2172.1056164383704,155.50671083566246,179.77511263634818,152.230968400963,192.5160953398856,40.28512693892259
Vw Volkswagen Kombi,Rio de Janeiro,2910.5501369866356,346.79698080893587,344.63130140205254,327.000196799701,363.8928580698382,36.89266127013724
Vw Volkswagen Kombi,Santa Catarina,1472.2776712338068,0.0,16.605932100019768,0.07119242140627752,106.02639383283463,105.95520141142835
Vw Volkswagen Kombi,Sao Paulo,12854.11027397327,297.5995162998984,302.41359248031216,287.29948042436746,319.5640077250349,32.26452730066745
Vw Volkswagen Kombi,Sergipe,113.89,0.0,65.44186027463569,41.88661885787603,80.53685589951637,38.65023704164034
Vw Volkswagen Logus,Minas Gerais,104.33,0.0,15.31274839864245,14.5269170858612,16.13496616947029,1.6080490836090888
Vw Volkswagen Logus,Parana,137.19,0.0,26.409987368826148,23.522079812976845,31.82853061626354,8.306450803286694
Vw Volkswagen Logus,Rio Grande do Sul,135.75,0.0,24.782538771099222,21.293838090671013,29.501866964033518,8.208028873362505
Vw Volkswagen Logus,Rio de Janeiro,143.8927397261001,0.0,44.81865215093002,41.87419927972256,47.80209740801627,5.927898128293712
Vw Volkswagen Logus,Sao Paulo,816.9127397261001,55.22132022953286,39.4194381091421,35.83104473781054,41.64569333514485,5.814648597334312
Vw Volkswagen New Beetle,Distrito Federal,135.04,0.0,85.4464614728602,54.592077219215014,105.91305452783449,51.320977308619476
Vw Volkswagen New Beetle,Minas Gerais,243.89000000000001,0.0,114.64485831630424,79.4627934275587,135.26515897704454,55.80236554948584
Vw Volkswagen New Beetle,Parana,361.8036986305006,338.28012389943615,184.16951270538783,128.02573874401796,213.20733240611065,85.1815936620927
Vw Volkswagen New Beetle,Rio Grande do Sul,263.27821917830033,410.08709469764887,204.2373327845711,192.85243737741942,215.75292414692882,22.9004867695094
Vw Volkswagen New Beetle,Rio de Janeiro,356.3,217.61998316025822,380.43582603096917,346.7318786969692,409.74864700088165,63.01676830391244
Vw Volkswagen New Beetle,Santa Catarina,227.70547945220022,0.0,111.47889034997131,98.61546113809331,119.67651002493137,21.061048886838066
Vw Volkswagen New Beetle,Sao Paulo,1752.8427397261,350.6344214861162,342.1640670899901,331.15547977966946,370.3774320483028,39.221952268633345
Vw Volkswagen Parati 1.0,Minas Gerais,228.19095890440047,205.63040808140943,125.7839959751242,74.82029546182038,157.05067272525403,82.23037726343365
Vw Volkswagen Parati 1.0,Parana,364.94191780786963,81.21018319304976,223.13387243007335,181.58203744171158,251.19885575095302,69.61681830924144
Vw Volkswagen Parati 1.0,Rio Grande do Sul,548.6654794522002,74.78691759679916,186.86902915472115,97.58411928965508,237.45106666002155,139.86694737036646
Vw Volkswagen Parati 1.0,Rio de Janeiro,242.12,170.7872129522551,366.83783998477674,233.22526459456222,443.7073787363521,210.48211414178988
Vw Volkswagen Parati 1.0,Santa Catarina,242.83547945220025,225.09066683050028,114.03159868330278,84.53275478063972,134.4023923742858,49.869637593646075
Vw Volkswagen Parati 1.0,Sao Paulo,1426.0154794522002,517.9572105933498,427.5877041555089,399.25974728662703,518.4254391462325,119.16569185960549
Vw Volkswagen Parati Acima De 1.0,Alagoas,141.74547945220024,324.2501995663225,260.60937778706324,239.2274735449115,278.86059316764175,39.63311962273025
Vw Volkswagen Parati Acima De 1.0,Bahia,714.1627397261001,322.3789021649317,329.83793437697034,302.5960335001657,386.68187154772886,84.08583804756319
Vw Volkswagen Parati Acima De 1.0,Ceara,406.7754794522002,32.51670926136612,135.06719653802477,110.7635695724645,156.11627259742997,45.352703024965464
Vw Volkswagen Parati Acima De 1.0,Distrito Federal,718.9427397261002,84.47265219360452,111.4985987867784,79.95172676666553,128.52535898188395,48.573632215218424
Vw Volkswagen Parati Acima De 1.0,Esperito Santo,433.1209589039348,27.853650930514693,119.94617403695317,27.589549815130603,204.91227302142724,177.32272320629664
Vw Volkswagen Parati Acima De 1.0,Goias,1038.6691780822352,3.067386678290123,66.22263768902975,3.0411201982149936,190.33158042224326,187.29046022402827
Vw Volkswagen Parati Acima De 1.0,Mato Grosso,339.476438356135,125.78781669437262,133.27241198233784,129.58453177995685,139.61945836339436,10.03492658343751
Vw Volkswagen Parati Acima De 1.0,Mato Grosso do Sul,322.2209589039348,0.0,48.718664788889214,38.03806216524396,55.218013050688235,17.179950885444278
Vw Volkswagen Parati Acima De 1.0,Minas Gerais,3567.7256164383703,321.5367781408019,321.478061619871,320.974316056669,321.9696118645479,0.9952958078789038
Vw Volkswagen Parati Acima De 1.0,Para,100.03999999999999,317.0831667333067,129.81775248376462,83.07407706377457,152.1584699694498,69.08439290567524
Vw Volkswagen Parati Acima De 1.0,Paraiba,132.73547945220022,4.136045632002271,106.76043481017768,97.91143011472204,128.85867347718505,30.947243362463013
Vw Volkswagen Parati Acima De 1.0,Parana,4024.7884931511057,342.15586790296913,284.81558319428945,266.4342561362259,342.4607985140551,76.02654237782923
Vw Volkswagen Parati Acima De 1.0,Pernambuco,606.8209589044004,519.0163513281316,296.7707915084061,235.67064003613584,519.7827603689639,284.112120332828
Vw Volkswagen Parati Acima De 1.0,Rio Grande do Norte,174.13821917783469,197.14799061394012,147.368607982908,132.04667238003452,166.26071228181706,34.21403990178254
Vw Volkswagen Parati Acima De 1.0,Rio Grande do Sul,4014.4857534240746,107.24163104397535,107.14796199829556,106.67329447715866,107.53036210899404,0.8570676318353776
Vw Volkswagen Parati Acima De 1.0,Rio de Janeiro,2555.70287671227,445.4363652258648,469.9605224782308,445.19760788823976,486.697523574903,41.49991568666326
Vw Volkswagen Parati Acima De 1.0,Santa Catarina,2230.452054794971,132.96318087736762,132.60653214913057,94.93361148962697,150.3688184618133,55.435206972186336
Vw Volkswagen Parati Acima De 1.0,Sao Paulo,12639.547534247637,639.0375903974784,639.0475832211887,638.6839608025625,639.3978400804519,0.7138792778894185
Vw Volkswagen Parati Acima De 1.0,Sergipe,140.86,0.0,83.74258628833697,49.12190914553477,111.08272288505175,61.96081373951698
Vw Volkswagen Parati Acima De 1.0,Tocantins,105.62273972610012,9.467658220125614,97.12723426445861,80.41237954849048,107.37470509099526,26.962325542504786
Vw Volkswagen Passat,Minas Gerais,182.3227397261001,272.75807765234555,124.74868859354993,89.1506216936416,156.28538586909067,67.13476417544908
Vw Volkswagen Passat,Parana,286.46739726006984,276.70164478800444,219.05028308150213,205.41370654113666,231.89735479755316,26.4836482564165
Vw Volkswagen Passat,Rio Grande do Sul,327.8927397261001,348.6475488767898,221.5443463080022,207.56776919538243,241.1629305119879,33.59516131660547
Vw Volkswagen Passat,Rio de Janeiro,395.8036986305006,145.63785078171566,381.3020677715932,304.765064093811,418.79446169125606,114.02939759744504
Vw Volkswagen Passat,Santa Catarina,163.648356164936,122.85488514004264,114.7495543655891,78.76115046517704,133.05270934767043,54.29155888249339
Vw Volkswagen Passat,Sao Paulo,2547.888219177835,383.78332010009973,381.22246347778974,373.44143631458473,401.73626886531474,28.294832550730007
Vw Volkswagen Pointer,Sao Paulo,248.33,250.1067128417831,194.1987117184981,153.33833873241795,305.67826796828604,152.33992923586808
Vw Volkswagen Polo,Alagoas,962.9064383566007,129.41651964928494,151.5903921101999,128.49816167414505,165.8868290201441,37.38866734599904
Vw Volkswagen Polo,Amazonas,278.55821917830036,2.3621632918999436,62.048577561431976,48.144080102544116,72.7794756315063,24.635395528962185
Vw Volkswagen Polo,Bahia,3941.93013698617,217.94627762146314,200.92983251264343,192.77021524711859,218.16219128410867,25.391976036990087
Vw Volkswagen Polo,Ceara,2548.114657534901,121.28535860273273,86.0774857135394,78.78771247225492,96.32557165534925,17.537859183094326
Vw Volkswagen Polo,Distrito Federal,4074.781917808335,137.94725983822323,92.02673182699884,77.39970082159675,138.10767767141257,60.70797684981582
Vw Volkswagen Polo,Esperito Santo,1686.443698630035,67.25572878130352,117.71022062806323,111.988856032632,123.32953658324699,11.34068055061499
Vw Volkswagen Polo,Goias,3296.09027397234,127.57023171372295,107.52290126877021,98.96536098576482,115.89595576605898,16.930594780294157
Vw Volkswagen Polo,Maranhao,512.8873972600699,122.90027077432231,57.14536395045981,43.29851279095031,66.39938581457659,23.100873023626278
Vw Volkswagen Polo,Mato Grosso,770.2438356166706,110.42607037796478,77.44653121051242,67.8561219456111,81.95227551349852,14.096153567887427
Vw Volkswagen Polo,Mato Grosso do Sul,757.526438356135,1.7491138697090323,36.46518613474708,31.46647532251841,51.406256022470096,19.939780699951687
Vw Volkswagen Polo,Minas Gerais,7621.09931506794,64.12762513588149,92.9858354251071,76.51135155938732,100.06793136707175,23.55657980768443
Vw Volkswagen Polo,Para,718.2691780817695,0.0,86.51284809195127,67.71178778637396,99.10917136653619,31.397383580162227
Vw Volkswagen Polo,Paraiba,1012.0554794522002,28.226713436167145,59.69946541279073,52.818774524114616,63.84504117974674,11.02626665563212
Vw Volkswagen Polo,Parana,5591.50876712298,125.4103372104356,151.471476156581,127.40733335035762,165.70250144908712,38.295168098729505
Vw Volkswagen Polo,Pernambuco,3446.0783561644703,199.00650220945508,162.20183092181895,148.65960977474936,191.19407444830884,42.534464673559484
Vw Volkswagen Polo,Piaui,380.8727397261001,25.370678948955565,20.751258120920344,15.119883180327614,24.431001525841264,9.31111834551365
Vw Volkswagen Polo,Rio Grande do Norte,974.6146575349011,159.8529211473725,87.87126345725554,78.20514085124857,93.29105075600529,15.085909904756718
Vw Volkswagen Polo,Rio Grande do Sul,6340.426712328941,181.03623810807795,167.77311221678784,159.12724284765156,181.13608039352908,22.008837545877526
Vw Volkswagen Polo,Rio de Janeiro,9496.18287671227,365.9721011189306,366.0473709413261,365.44930562652235,366.82096467442994,1.371659047907599
Vw Volkswagen Polo,Santa Catarina,4266.090273973271,71.67663606780859,88.38978755006677,78.3805673089188,94.48629455019726,16.10572724127846
Vw Volkswagen Polo,Sao Paulo,34321.13506849387,260.0015990785702,259.4325265367974,257.67316763722124,260.13381674572906,2.4606491085078233
Vw Volkswagen Polo,Sergipe,775.6946575339697,0.7180660516223905,61.741209512644666,55.578619528820866,68.20773021023103,12.629110681410168
Vw Volkswagen Polo,Tocantins,229.67,0.0,66.279798843371,62.94608914605694,68.69364309936384,5.747553953306898
Vw Volkswagen Quantum,Minas Gerais,259.9609589039348,234.2082451792281,51.66507788475808,44.15286897823962,56.4144947740385,12.261625795798885
Vw Volkswagen Quantum,Parana,327.1519178078696,91.86863461289796,88.66005052668035,70.06941442958352,107.14527955757495,37.075865127991435
Vw Volkswagen Quantum,Rio Grande do Sul,334.6809589044005,126.02449848976285,77.56809627986578,65.98149433530602,93.89786835982196,27.91637402451593
Vw Volkswagen Quantum,Rio de Janeiro,367.2754794522002,142.50883309189686,141.51108226829643,122.30760917828432,169.21523537773695,46.90762619945262
Vw Volkswagen Quantum,Santa Catarina,150.33547945220025,75.0521436530721,44.38662166034506,39.96440335916597,48.342303883077584,8.377900523911613
Vw Volkswagen Quantum,Sao Paulo,1825.636438356135,121.64689274057822,143.3901709494712,110.60722438626743,162.2175105345629,51.61028614829547
Vw Volkswagen Santana,Bahia,247.7627397261001,362.22153540606,189.957458874394,184.54623687093957,195.0950287270641,10.548791856124524
Vw Volkswagen Santana,Ceara,163.77547945220024,0.0,84.47298628397309,77.21329197359582,89.93679731308133,12.723505339485513
Vw Volkswagen Santana,Distrito Federal,445.0564383556694,215.00868598496263,72.78961582935307,69.43280096001499,78.05016345185223,8.617362491837241
Vw Volkswagen Santana,Esperito Santo,189.18,424.801776086267,107.6846115017515,100.82259417233328,114.21232587723935,13.389731704906069
Vw Volkswagen Santana,Goias,313.5064383556694,130.67674212649592,114.44243410182297,104.21359782016249,149.18619906896674,44.97260124880425
Vw Volkswagen Santana,Mato Grosso do Sul,102.66369863050059,271.2058923593861,35.92696116135446,30.581409521227034,52.06864573187755,21.48723621065052
Vw Volkswagen Santana,Minas Gerais,1320.4673972610012,285.6995945394266,124.33424655768361,88.23203256201958,286.1003211977463,197.86828863572674
Vw Volkswagen Santana,Parana,1789.7438356166706,126.70919462720884,143.1302052554115,126.86918315462947,154.82394252830224,27.954759373672772
Vw Volkswagen Santana,Pernambuco,145.2536986305006,663.7559036982419,136.13378759252527,124.81003949580067,142.54772993760795,17.73769044180729
Vw Volkswagen Santana,Rio Grande do Sul,1685.2601369871013,95.5045434633881,147.94163297134813,130.2612760167772,156.62512024287452,26.363844226097314
Vw Volkswagen Santana,Rio de Janeiro,1763.5864383556693,213.58068524908668,271.4579281768194,254.07647309452275,285.79453793661696,31.718064842094208
Vw Volkswagen Santana,Santa Catarina,749.971095891036,75.08289360551747,89.34376115234704,78.19572705654453,111.7814667895274,33.58573973298287
Vw Volkswagen Santana,Sao Paulo,7332.779178082701,205.11322698705123,234.37266853804343,217.3038028254361,241.146792726381,23.8429899009449
Vw Volkswagen Saveiro,Alagoas,225.66821917830035,100.01408298510768,177.7019059289126,136.4140926220443,202.9527080901424,66.5386154680981
Vw Volkswagen Saveiro,Amazonas,137.65547945220024,37.00542848182698,80.53891947424114,76.32930776999117,83.67828684569696,7.348979075705785
Vw Volkswagen Saveiro,Bahia,801.7136986305006,261.632051888729,233.78320944616655,217.63806086310652,252.31582443248013,34.67776356937361
Vw Volkswagen Saveiro,Ceara,506.63547945220023,56.815997235574166,116.68272953627503,107.47959897213848,139.27052786952723,31.790928897388753
Vw Volkswagen Saveiro,Distrito Federal,597.2754794522002,82.00738467436103,104.35513731594015,91.18998910031372,124.20680445587965,33.016815355565925
Vw Volkswagen Saveiro,Esperito Santo,616.09287671227,148.33964724231305,136.75886726971106,116.37563968269292,151.3379593253919,34.96231964269897
Vw Volkswagen Saveiro,Goias,1105.541917808801,120.9741556114656,130.7339255342028,120.87858438081774,135.69883950936836,14.820255128550613
Vw Volkswagen Saveiro,Maranhao,180.5582191778347,0.0,70.85874594010824,55.00230168968014,81.80401098873786,26.80170929905772
Vw Volkswagen Saveiro,Mato Grosso,367.62821917830036,0.0,86.64115379226611,57.85704214631205,108.43571371695023,50.578671570638186
Vw Volkswagen Saveiro,Mato Grosso do Sul,479.0582191778347,61.36832398044419,40.12337951043927,35.002276789213546,46.92101863002397,11.918741840810426
Vw Volkswagen Saveiro,Minas Gerais,4590.586712327544,157.0415820844998,125.3774953516052,111.89273850319195,146.4233275680881,34.53058906489615
Vw Volkswagen Saveiro,Para,178.6019178083353,112.24963452808102,106.42963157168191,89.83329182512152,123.23866141987553,33.405369594754006
Vw Volkswagen Saveiro,Paraiba,204.01369863003492,96.6503726583442,76.70235198828526,70.64550642013586,89.17130866633305,18.525802246197188
Vw Volkswagen Saveiro,Parana,4910.216712329872,270.9043363930932,214.4818748728094,188.41730677840766,273.2834510438212,84.86614426541351
Vw Volkswagen Saveiro,Pernambuco,592.7427397261001,163.70508400463717,184.59299846078318,176.9443408622272,204.04461999291513,27.100279130687937
Vw Volkswagen Saveiro,Piaui,134.4209589039348,160.6966664732496,28.29445075419512,22.71771583192189,31.510067312776396,8.792351480854506
Vw Volkswagen Saveiro,Rio Grande do Norte,271.0982191783003,114.63004107585607,105.68034179759519,88.70196533350779,117.43159312008264,28.729627786574852
Vw Volkswagen Saveiro,Rio Grande do Sul,3355.626712330338,79.511525826039,97.70979965250481,79.31576417897024,181.05939180938887,101.74362763041863
Vw Volkswagen Saveiro,Rio de Janeiro,2422.6801369866357,245.0389512576727,326.6835952614139,244.91377040564225,384.1471117487343,139.23334134309204
Vw Volkswagen Saveiro,Santa Catarina,2714.1215068490806,92.03751540586066,102.41161383895383,91.77025311974297,112.27022576550556,20.499972645762583
Vw Volkswagen Saveiro,Sao Paulo,16924.206712329873,514.1991673772212,514.2452042283998,513.9409754633974,514.5745561309001,0.6335806675026561
Vw Volkswagen Saveiro,Sergipe,173.11369863050058,0.0,65.96076514515228,39.89565150189753,83.92711047715464,44.03145897525711
Vw Volkswagen Spacefox,Alagoas,236.58821917783467,0.0,150.49871492120917,104.77804877238879,183.03421097041158,78.25616219802279
Vw Volkswagen Spacefox,Bahia,1300.1454794522003,185.98457158954417,199.21204867507663,165.00289446583665,237.40651284520638,72.40361837936973
Vw Volkswagen Spacefox,Ceara,647.453698630035,49.498520230575934,94.23855201268478,75.45110148259553,112.30515911541855,36.854057632823015
Vw Volkswagen Spacefox,Distrito Federal,1368.0473972605355,78.5009351394188,79.40963945145626,63.08274179061466,86.56872737532512,23.485985584710463
Vw Volkswagen Spacefox,Esperito Santo,601.77,79.50712066071755,122.53849578897957,111.83695516843224,132.09494510187315,20.25798993344091
Vw Volkswagen Spacefox,Goias,1249.243698630035,119.07364444833841,115.15950084493885,98.1057369991813,126.57781352866931,28.472076529488007
Vw Volkswagen Spacefox,Maranhao,340.3727397261001,0.0,52.516374297747845,20.60321181613282,75.43812347768879,54.83491166155597
Vw Volkswagen Spacefox,Mato Grosso,291.5119178078696,0.0,80.5365246375198,55.00538448122786,94.62787460488964,39.622490123661784
Vw Volkswagen Spacefox,Mato Grosso do Sul,350.16,0.0,36.00937550610914,33.34272015679905,41.19765864470646,7.854938487907411
Vw Volkswagen Spacefox,Minas Gerais,3349.6865753427705,63.59251685456642,96.73345455638145,63.47662744111089,120.43109073289908,56.95446329178819
Vw Volkswagen Spacefox,Para,337.7527397261001,17.94804093940427,96.59362043972686,81.22078670362049,107.17687127725941,25.95608457363892
Vw Volkswagen Spacefox,Paraiba,251.50273972610012,0.0,69.2945173167807,60.939200753879696,74.49439674754348,13.55519599366378
Vw Volkswagen Spacefox,Parana,3002.9701369866357,201.53846771427067,177.30498428343017,162.33202543538883,196.05412000124085,33.72209456585202
Vw Volkswagen Spacefox,Pernambuco,963.9156164374389,196.2319074143525,154.20284027840776,118.49224572367265,174.69632598626734,56.20408026259469
Vw Volkswagen Spacefox,Piaui,130.47273972610012,0.0,21.776642223455084,14.576983040053483,27.129982301812124,12.552999261758641
Vw Volkswagen Spacefox,Rio Grande do Norte,275.0254794522002,18.456471778943722,100.7808949274891,93.08027061987737,107.874537783812,14.794267163934634
Vw Volkswagen Spacefox,Rio Grande do Sul,3602.679178082235,185.00925757002994,182.92194501161174,171.86899317016787,195.63010483008048,23.761111659912615
Vw Volkswagen Spacefox,Rio de Janeiro,4903.61,356.8362899985929,328.9415545612093,300.78443574907504,357.06092412433986,56.27648837526482
Vw Volkswagen Spacefox,Santa Catarina,2039.6836986305007,33.419397353505275,86.62761333317849,57.856519229142656,106.482695888935,48.62617665979234
Vw Volkswagen Spacefox,Sao Paulo,24085.8454794522,339.9015412178173,329.78634121899995,317.79295864699293,340.2712394145771,22.47828076758418
Vw Volkswagen Spacefox,Sergipe,211.11,0.0,64.155426676744,45.53626143750303,76.664797307393,31.128535869889973
Vw Volkswagen Spacefox,Tocantins,118.98,0.0,70.42236156931142,57.628308539027195,78.16509294840361,20.536784409376416
Vw Volkswagen Voyage,Alagoas,332.7654794522002,297.14620688052327,146.92167210747982,119.44955327602477,164.4587659303212,45.00921265429642
Vw Volkswagen Voyage,Amazonas,284.10547945220026,90.83598123401184,65.08965852738481,55.12544715676937,69.78770009670055,14.662252939931179
Vw Volkswagen Voyage,Bahia,1590.8882191783005,233.1842020878169,194.56760744217817,185.18137034634555,198.87169214101505,13.6903217946695
Vw Volkswagen Voyage,Ceara,1025.19,76.0785805557994,81.72555457167681,58.720874962234085,101.23190134279929,42.511026380565205
Vw Volkswagen Voyage,Distrito Federal,1211.6327397261,28.163649661459317,78.24964730776827,74.57128981544437,80.50735249479565,5.936062679351281
Vw Volkswagen Voyage,Esperito Santo,927.8654794522002,274.11516608006605,151.02000869230721,121.76155599181865,274.43282372823415,152.6712677364155
Vw Volkswagen Voyage,Goias,1760.2228767127358,42.61278556956349,96.11369554662416,61.72167907295715,117.74276254786619,56.02108347490904
Vw Volkswagen Voyage,Maranhao,351.9164383566007,0.0,52.54417221802925,31.903244077907853,65.04330615358015,33.14006207567229
Vw Volkswagen Voyage,Mato Grosso,892.8091780817695,0.6205133343166203,79.86471764355298,64.27761833502316,89.6678064894171,25.39018815439394
Vw Volkswagen Voyage,Mato Grosso do Sul,591.8000000000001,59.62656302805001,31.754970154309945,27.022572527156008,37.3946756966384,10.372103169482394
Vw Volkswagen Voyage,Minas Gerais,5015.584794520605,89.50820659845105,99.31978691340694,91.33587739483335,104.29866485208076,12.962787457247416
Vw Volkswagen Voyage,Para,518.1709589044004,0.9919506123746894,81.69551278153448,49.925290539794084,99.19657716467505,49.271286624880965
Vw Volkswagen Voyage,Paraiba,388.48465753350405,0.0,56.48823414860973,39.50729675720392,67.48886753501378,27.981570777809864
Vw Volkswagen Voyage,Parana,4138.929178082235,214.2194180792488,176.25034443303562,162.80473335503027,205.44226798350394,42.637534628473674
Vw Volkswagen Voyage,Pernambuco,1116.973698630035,135.71313289285348,153.18886345476236,133.66174003568548,166.4725712686194,32.81083123293391
Vw Volkswagen Voyage,Piaui,190.4801369866356,0.0,21.95679543454812,17.930626796739883,25.81947140933216,7.888844612592276
Vw Volkswagen Voyage,Rio Grande do Norte,399.31821917830035,76.24245160325616,95.1110169385255,88.15255645940738,99.5590760730034,11.406519613596018
Vw Volkswagen Voyage,Rio Grande do Sul,3612.8782191783002,151.39093177748956,162.49490678732963,151.2930528719809,177.30670748883747,26.01365461685657
Vw Volkswagen Voyage,Rio de Janeiro,3715.2982191778347,413.0279480874559,364.7995772424606,320.66627782782837,413.49035082386416,92.8240729960358
Vw Volkswagen Voyage,Santa Catarina,2110.13287671227,15.54404481442165,60.506374965235985,15.478256736362649,98.56000895638374,83.08175222002109
Vw Volkswagen Voyage,Sao Paulo,17626.435616437906,261.2679670588251,261.011467237354,252.58673937022348,267.91252482276417,15.325785452540686
Vw Volkswagen Voyage,Sergipe,311.3954794522002,0.0,55.64055878471353,32.555449443580585,70.86013626122616,38.304686817645575
Vw Volkswagen Voyage,Tocantins,262.04095890393484,149.39649192152362,57.47974431563128,37.46091159166849,71.0555975899286,33.594685998260104
Yamaha Motos Acima De 450cc,Distrito Federal,110.63,0.0,232.3812658306526,132.59820550028618,325.7301935194245,193.13198801913833
Yamaha Motos Acima De 450cc,Minas Gerais,250.65917808223514,0.0,266.858591003378,173.57704791157443,416.42361702278237,242.84656911120794
Yamaha Motos Acima De 450cc,Parana,175.2182191778347,124.58750067448192,419.5947791059517,261.11010552147366,618.0976815157056,356.987575994232
Yamaha Motos Acima De 450cc,Rio de Janeiro,426.54273972610014,650.0309914501028,712.4793341407288,403.3076861707781,1139.2143877129931,735.906701542215
Yamaha Motos Acima De 450cc,Santa Catarina,172.57821917830034,241.50788088118503,259.8986227413474,153.47773557632837,343.22546181406375,189.74772623773538
Yamaha Motos Acima De 450cc,Sao Paulo,2795.6473972605354,1176.1468929243413,1094.3634987399312,1017.2846609403382,1176.8902966487847,159.60563570844647
Yamaha Motos Ate 450cc,Bahia,251.78739725960418,72.7796553737203,146.4041434545756,129.37342762399643,154.89973010779113,25.526302483794694
Yamaha Motos Ate 450cc,Distrito Federal,139.70547945220022,143.02230720189064,64.44299796314462,59.17437899118247,70.28091682564606,11.106537834463587
Yamaha Motos Ate 450cc,Goias,215.43821917830036,111.85573336018008,84.57909449112343,72.59873811242554,93.08521129696668,20.48647318454114
Yamaha Motos Ate 450cc,Minas Gerais,819.8527397261001,42.64180419971468,76.41313230282377,67.8667773561249,85.09697816768411,17.230200811559214
Yamaha Motos Ate 450cc,Para,158.17917808223515,100.58213851464453,65.25462903281277,49.58126187930618,72.81441573350763,23.233153854201447
Yamaha Motos Ate 450cc,Parana,297.9109589039348,33.510012645151285,134.01623366203202,123.60537096565571,153.4521986366902,29.846827671034504
Yamaha Motos Ate 450cc,Pernambuco,225.75095890393482,119.5210870022564,122.97195893444427,109.38924534671438,136.98798487605916,27.598739529344783
Yamaha Motos Ate 450cc,Rio Grande do Sul,370.37,72.06847206847206,116.46823257263503,89.75897502752794,132.42050301646623,42.66152798893829
Yamaha Motos Ate 450cc,Rio de Janeiro,413.55547945220025,114.62790932620005,207.14898168129045,144.76617515066437,239.25355585653045,94.48738070586609
Yamaha Motos Ate 450cc,Santa Catarina,232.83369863003492,67.21106133724116,76.56751417298803,68.82124664426611,96.14996352780324,27.328716883537126
Yamaha Motos Ate 450cc,Sao Paulo,3073.96287671227,230.69309176513434,205.30310791004192,197.39512565872025,211.63054758151065,14.235421922790408
