,RMSE,wRMSE(exposure),PoissonDeviance
MF (weighted),0.022197063612185108,0.013520547351439172,3398.5111334889257
GLM,0.022389643983561767,0.013296858920378218,3162.794166551565
GLMM,0.022389643983561767,0.013296858920378218,3162.794166551565
