,RMSE,wRMSE(exposure),PoissonDeviance
MF (weighted),373.8670058391378,167.2954709160221,39234082.57709123
GLM,377.9516249403314,181.01782026087236,41974487.09482992
GLMM,377.9516249403314,181.01782026087236,41974487.09482992
