,RMSE,wRMSE(exposure),PoissonDeviance
MF (weighted),462.21093795657544,181.54340312184226,48397922.038170345
GLM,450.2011310837249,178.1876603554789,44135738.428632975
GLMM,450.2011310837249,178.1876603554789,44135738.428632975
