stratum,model,n,wRMSE,PoissonDev
sparse (exposure < median),MF (weighted),56,1216.7699468323597,1792100.5279466468
sparse (exposure < median),CMF (side info),56,1231.4812360555757,1876093.3413136066
sparse (exposure < median),GLM,56,1195.0842767046367,1698985.8935342717
sparse (exposure < median),GLMM,56,1195.0842767046367,1698985.8935342717
dense  (exposure >= median),MF (weighted),56,1220.184880964793,5220163.12544407
dense  (exposure >= median),CMF (side info),56,2136.3653742562497,15113335.761493899
dense  (exposure >= median),GLM,56,1014.5716152072056,3777949.274548366
dense  (exposure >= median),GLMM,56,1014.5716152072056,3777949.274548366
