stratum,model,n,wRMSE,PoissonDev
sparse (exposure < median),MF (weighted),1034,2024.1870963682543,59406096.55825725
sparse (exposure < median),CMF (side info),1034,2425.9912276766845,72310518.78115118
sparse (exposure < median),GLM,1034,2094.0027483921745,40447650.5329515
sparse (exposure < median),GLMM,1034,2094.0027483921745,40447650.5329515
dense  (exposure >= median),MF (weighted),1034,1325.0242466610355,450733434.9163223
dense  (exposure >= median),CMF (side info),1034,1702.3144280018485,215376102.93842363
dense  (exposure >= median),GLM,1034,993.7141971062143,84889914.64414534
dense  (exposure >= median),GLMM,1034,993.7141971062143,84889914.64414534
