,RMSE,wRMSE(E*),PoissonDeviance
MF (weighted),6084.366928923054,4295.739518520987,107282768.31201342
CMF (side info),6114.898688622128,3482.559391368968,153422614.72765762
GLM,5190.289833668711,2126.0856416434135,65864900.738043755
GLMM,5190.289833668711,2126.0856416434135,65864900.738043755
