,RMSE,wRMSE(exposure),PoissonDeviance
MF (weighted),354.4037070328503,426.58799297805297,11434341.835795425
GLM,328.2176104329843,270.97515610332874,4735677.463168172
GLMM,347.6353632733485,294.8771882428005,5925885.42042847
