,RMSE,wRMSE(exposure),PoissonDeviance
MF (weighted),393.24849322874127,331.16650341477236,7790831.592042307
GLM,328.2176104329843,270.97515610332874,4735677.463168172
GLMM,347.6354708349357,294.87769426768557,5925904.787304429
