,RMSE,wRMSE(exposure),PoissonDeviance
MF (weighted),373.8670058391378,167.2954709160221,39234082.57709123
CMF (side info),435.3720429781027,253.7352426446845,111474501.95531508
GLM,377.95162494033406,181.01782026087287,41974487.09482971
GLMM,377.95162494033406,181.01782026087287,41974487.09482971
