,RMSE,wRMSE(exposure),PoissonDeviance
MF (weighted),319.3186170926549,190.53601883048756,78634125.99679977
CMF (side info),350.8483951627664,224.5317228449222,109566609.73135221
GLM,285.51429975222544,172.5262717536002,63750260.323395215
GLMM,285.51429975222544,172.5262717536002,63750260.323395215
