,RMSE,wRMSE(exposure),PoissonDeviance
MF (weighted),1968.8294998837687,1436.8269620027497,510139531.4745795
CMF (side info),2326.9306865341027,1814.340340657229,287686621.7195748
GLM,1899.0105275416568,1198.1091891364795,125337565.17709683
GLMM,1899.0105275416568,1198.1091891364795,125337565.17709683
