stratum,model,n,wRMSE,PoissonDev
sparse (exposure < median),MF (weighted),1034,393.2703515378762,40577314.289638996
sparse (exposure < median),CMF (side info),1034,431.37203068456705,48329460.91464457
sparse (exposure < median),GLM,1034,343.8689350461607,34052110.485162936
sparse (exposure < median),GLMM,1034,343.8689350461607,34052110.485162936
dense  (exposure >= median),MF (weighted),1034,133.89916777076778,38056811.70716078
dense  (exposure >= median),CMF (side info),1034,171.32476314240594,61237148.81670763
dense  (exposure >= median),GLM,1034,126.60463671363202,29698149.838232283
dense  (exposure >= median),GLMM,1034,126.60463671363202,29698149.838232283
