,RMSE,wRMSE(exposure),PoissonDeviance
MF (weighted),0.031029882342272497,0.02945965970735607,8662.111437162725
CMF (side info),0.030908707501062897,0.02998452586484173,9179.188726231496
GLM,0.03080892239002867,0.028318410933851484,7993.3976282436215
GLMM,0.03080892239002867,0.028318410933851484,7993.3976282436215
