,RMSE,wRMSE(exposure),PoissonDeviance
MF (weighted),1318.2087820460656,1219.7346089637053,7012263.653390719
CMF (side info),1414.746034186411,2040.03487893136,16989429.102807507
GLM,1255.626225943919,1040.1981437349907,5476935.168082638
GLMM,1255.626225943919,1040.1981437349907,5476935.168082638
